# This file uses centimeters as units for non-parametric coordinates.

mtllib nen_dat_low.mtl
g default
v -9.748103 0.666361 -0.696294
v -9.051810 0.666361 -0.696294
v -8.355516 0.666361 -0.696294
v -7.659224 0.666361 -0.696294
v -6.962930 0.666361 -0.696294
v -6.266637 0.666361 -0.696294
v -5.570344 0.666361 -0.696294
v -4.874051 0.666361 -0.696294
v -4.177758 0.666361 -0.696294
v -3.481465 0.666361 -0.696294
v -2.785172 0.666361 -0.696294
v -2.088878 0.666361 -0.696294
v -1.392585 0.666361 -0.696294
v -0.696292 0.666361 -0.696294
v 0.000000 0.666361 -0.696294
v 0.696294 0.666361 -0.696294
v -6.266637 0.666361 -1.392587
v -5.570344 0.666361 -1.392587
v -4.874051 0.666361 -1.392587
v -4.177758 0.666361 -1.392587
v -3.481465 0.666361 -1.392587
v -2.785172 0.666361 -1.392587
v -2.088878 0.666361 -1.392587
v -1.392585 0.666361 -1.392587
v -0.696292 0.666361 -1.392587
v 0.000000 0.666361 -1.392587
v 0.696294 0.666361 -1.392587
v -6.266637 0.666361 -2.088880
v -5.570344 0.666361 -2.088880
v -4.874051 0.666361 -2.088880
v -4.177758 0.666361 -2.088880
v -3.481465 0.666361 -2.088880
v -2.785172 0.666361 -2.088880
v -2.088878 0.666361 -2.088880
v -1.392585 0.666361 -2.088880
v -0.696292 0.666361 -2.088880
v 0.000000 0.666361 -2.088880
v 0.696294 0.666361 -2.088880
v -6.266637 0.666361 -2.785173
v -5.570344 0.666361 -2.785173
v -4.874051 0.666361 -2.785173
v -4.177758 0.666361 -2.785173
v -3.481465 0.666361 -2.785173
v -2.785172 0.666361 -2.785173
v -2.088878 0.666361 -2.785173
v -1.392585 0.666361 -2.785173
v -0.696292 0.666361 -2.785173
v 0.000000 0.666361 -2.785173
v 0.696294 0.666361 -2.785173
v -6.266637 0.666361 -3.481466
v -5.570344 0.666361 -3.481466
v -4.874051 0.666361 -3.481466
v -4.177758 0.666361 -3.481466
v -3.481465 0.666361 -3.481466
v -2.785172 0.666361 -3.481466
v -2.088878 0.666361 -3.481466
v -1.392585 0.666361 -3.481466
v -0.696292 0.666361 -3.481466
v 0.000000 0.666361 -3.481466
v 0.696294 0.666361 -3.481466
v -6.266637 0.666361 -4.177759
v -5.570344 0.666361 -4.177759
v -4.874051 0.666361 -4.177759
v -4.177758 0.666361 -4.177759
v -3.481465 0.666361 -4.177759
v -2.785172 0.666361 -4.177759
v -2.088878 0.666361 -4.177759
v -1.392585 0.666361 -4.177759
v -0.696292 0.666361 -4.177759
v 0.000000 0.666361 -4.177759
v 0.696294 0.666361 -4.177759
v -6.266637 0.666361 -4.874052
v -5.570344 0.666361 -4.874052
v -4.874051 0.666361 -4.874052
v -4.177758 0.666361 -4.874052
v -3.481465 0.666361 -4.874052
v -2.785172 0.666361 -4.874052
v -2.088878 0.666361 -4.874052
v -1.392585 0.666361 -4.874052
v -0.696292 0.666361 -4.874052
v 0.000000 0.666361 -4.874052
v 0.696294 0.666361 -4.874052
v -6.266637 0.666361 -5.570345
v -5.570344 0.666361 -5.570345
v -4.874051 0.666361 -5.570345
v -4.177758 0.666361 -5.570345
v -3.481465 0.666361 -5.570345
v -2.785172 0.666361 -5.570345
v -2.088878 0.666361 -5.570345
v -1.392585 0.666361 -5.570345
v -0.696292 0.666361 -5.570345
v 0.000000 0.666361 -5.570345
v 0.696294 0.666361 -5.570345
v -6.266637 0.666361 -6.266639
v -5.570344 0.666361 -6.266639
v -4.874051 0.666361 -6.266639
v -4.177758 0.666361 -6.266639
v -3.481465 0.666361 -6.266639
v -2.785172 0.666361 -6.266639
v -2.088878 0.666361 -6.266639
v -1.392585 0.666361 -6.266639
v -0.696292 0.666361 -6.266639
v 0.000000 0.666361 -6.266639
v 0.696294 0.666361 -6.266639
v -9.748103 0.666361 -6.962932
v -9.051810 0.666361 -6.962932
v -8.355516 0.666361 -6.962932
v -7.659224 0.666361 -6.962932
v -6.962930 0.666361 -6.962932
v -6.266637 0.666361 -6.962932
v -5.570344 0.666361 -6.962932
v -4.874051 0.666361 -6.962932
v -4.177758 0.666361 -6.962932
v -3.481465 0.666361 -6.962932
v -2.785172 0.666361 -6.962932
v -2.088878 0.666361 -6.962932
v -1.392585 0.666361 -6.962932
v -0.696292 0.666361 -6.962932
v 0.000000 0.666361 -6.962932
v 0.696294 0.666361 -6.962932
v -9.748103 0.666361 -7.659225
v -9.051810 0.666361 -7.659225
v -8.355516 0.666361 -7.659225
v -7.659224 0.666361 -7.659225
v -6.962930 0.666361 -7.659225
v -6.266637 0.666361 -7.659225
v -5.570344 0.666361 -7.659225
v -4.874051 0.666361 -7.659225
v -4.177758 0.666361 -7.659225
v -3.481465 0.666361 -7.659225
v -2.785172 0.666361 -7.659225
v -2.088878 0.666361 -7.659225
v -1.392585 0.666361 -7.659225
v -0.696292 0.666361 -7.659225
v 0.000000 0.666361 -7.659225
v 0.696294 0.666361 -7.659225
v -9.748103 0.666361 -8.355517
v -9.051810 0.666361 -8.355517
v -8.355516 0.666361 -8.355517
v -7.659224 0.666361 -8.355517
v -6.962930 0.666361 -8.355517
v -6.266637 0.666361 -8.355517
v -5.570344 0.666361 -8.355517
v -4.874051 0.666361 -8.355517
v -4.177758 0.666361 -8.355517
v -3.481465 0.666361 -8.355517
v -2.785172 0.666361 -8.355517
v -2.088878 0.666361 -8.355517
v -1.392585 0.666361 -8.355517
v -0.696292 0.666361 -8.355517
v 0.000000 0.666361 -8.355517
v 0.696294 0.666361 -8.355517
v -9.748103 0.666361 -9.051811
v -9.051810 0.666361 -9.051811
v -8.355516 0.666361 -9.051811
v -7.659224 0.666361 -9.051811
v -6.962930 0.666361 -9.051811
v -6.266637 0.666361 -9.051811
v -5.570344 0.666361 -9.051811
v -4.874051 0.666361 -9.051811
v -4.177758 0.666361 -9.051811
v -3.481465 0.666361 -9.051811
v -2.785172 0.666361 -9.051811
v -2.088878 0.666361 -9.051811
v -1.392585 0.666361 -9.051811
v -0.696292 0.666361 -9.051811
v 0.000000 0.666361 -9.051811
v 0.696294 0.666361 -9.051811
v -9.748103 0.666361 -9.748103
v -9.051810 0.666361 -9.748103
v -8.355516 0.666361 -9.748103
v -7.659224 0.666361 -9.748103
v -6.962930 0.666361 -9.748103
v -6.266637 0.666361 -9.748103
v -5.570344 0.666361 -9.748103
v -4.874051 0.666361 -9.748103
v -4.177758 0.666361 -9.748103
v -3.481465 0.666361 -9.748103
v -2.785172 0.666361 -9.748103
v -2.088878 0.666361 -9.748103
v -1.392585 0.666361 -9.748103
v -0.696292 0.666361 -9.748103
v 0.000000 0.666361 -9.748103
v 0.696294 0.666361 -9.748103
v -9.713377 0.056361 0.137007
v -10.574369 0.056361 -0.723986
v -9.021345 0.056361 0.137007
v -8.329311 0.056361 0.137007
v -7.637280 0.056361 0.137007
v -6.945246 0.056361 0.137007
v -6.253214 0.056361 0.137007
v -5.561181 0.056361 0.137007
v -4.869148 0.056361 0.137007
v -4.177116 0.056361 0.137007
v -3.485083 0.056361 0.137007
v -2.793051 0.056361 0.137007
v -2.101017 0.056361 0.137007
v -1.408985 0.056361 0.137007
v -0.716952 0.056361 0.137007
v -0.024920 0.056361 0.137007
v 0.667113 0.056361 0.137007
v 2.428835 0.056361 -0.723986
v 2.428835 0.056361 -1.416020
v -10.574369 0.056361 -2.108052
v 2.428835 0.056361 -2.108052
v -10.574369 0.056361 -2.800085
v 2.428835 0.056361 -2.800085
v -10.574369 0.056361 -3.492117
v 2.428835 0.056361 -3.492117
v -10.574369 0.056361 -4.184150
v 2.428835 0.056361 -4.184150
v -10.574369 0.056361 -4.876182
v 2.428835 0.056361 -4.876182
v -10.574369 0.056361 -5.568215
v 2.428835 0.056361 -5.568215
v 2.428835 0.056361 -6.260249
v -10.574369 0.056361 -6.952281
v 2.428835 0.056361 -6.952281
v -10.574369 0.056361 -7.644313
v 2.428835 0.056361 -7.644313
v -10.574369 0.056361 -8.336346
v 2.428835 0.056361 -8.336346
v -10.574369 0.056361 -9.028378
v 2.428835 0.056361 -9.028378
v -10.574369 0.056361 -9.720410
v 2.428835 0.056361 -9.720410
v -9.713377 0.056361 -10.581403
v -9.021345 0.056361 -10.581403
v -8.329311 0.056361 -10.581403
v -7.637280 0.056361 -10.581403
v -6.945246 0.056361 -10.581403
v -6.253214 0.056361 -10.581403
v -5.561181 0.056361 -10.581403
v -4.869148 0.056361 -10.581403
v -4.177116 0.056361 -10.581403
v -3.485083 0.056361 -10.581403
v -2.793051 0.056362 -10.581403
v -2.101017 0.056361 -10.581403
v -1.408985 0.056361 -10.581403
v -0.716952 0.056361 -10.581403
v -0.024920 0.056361 -10.581403
v 0.667113 0.056361 -10.581403
v -9.051810 0.226361 -1.577379
v -8.355516 0.226361 -1.577379
v -7.659224 0.226361 -1.577379
v -9.628103 0.226361 -2.088880
v -7.095345 0.226361 -2.088880
v -9.628103 0.226361 -2.785173
v -7.095345 0.226361 -2.785173
v -9.628103 0.226361 -3.481466
v -7.095345 0.226361 -3.481466
v -9.628103 0.226361 -4.177759
v -7.095345 0.226361 -4.177759
v -9.628103 0.226361 -4.874052
v -7.095345 0.226361 -4.874052
v -9.628103 0.226361 -5.570345
v -7.095345 0.226361 -5.570345
v -9.051810 0.226361 -6.146639
v -8.355516 0.226361 -6.146639
v -7.659224 0.226361 -6.146639
v -9.748103 0.666361 9.748103
v -9.051810 0.666361 9.748103
v -8.355516 0.666361 9.748103
v -7.659224 0.666361 9.748103
v -6.962930 0.666361 9.748103
v -6.266637 0.666361 9.748103
v -5.570344 0.666361 9.748103
v -4.874051 0.666361 9.748103
v -4.177758 0.666361 9.748103
v -3.481465 0.666361 9.748103
v -2.785172 0.666361 9.748103
v -2.088878 0.666361 9.748103
v -1.392585 0.666361 9.748103
v -0.696292 0.666361 9.748103
v 0.000000 0.666361 9.748103
v 0.696294 0.666361 9.748103
v -9.748103 0.666361 9.051810
v -9.051810 0.666361 9.051810
v -8.355516 0.666361 9.051810
v -7.659224 0.666361 9.051810
v -6.962930 0.666361 9.051810
v -6.266637 0.666361 9.051810
v -5.570344 0.666361 9.051810
v -4.874051 0.666361 9.051810
v -4.177758 0.666361 9.051810
v -3.481465 0.666361 9.051810
v -2.785172 0.666361 9.051810
v -2.088878 0.666361 9.051810
v -1.392585 0.666361 9.051810
v -0.696292 0.666361 9.051810
v 0.000000 0.666361 9.051810
v 0.696294 0.666361 9.051810
v -9.748103 0.666361 8.355516
v -9.051810 0.666361 8.355516
v -8.355516 0.666361 8.355516
v -7.659224 0.666361 8.355516
v -6.962930 0.666361 8.355516
v -6.266637 0.666361 8.355516
v -5.570344 0.666361 8.355516
v -4.874051 0.666361 8.355516
v -4.177758 0.666361 8.355516
v -3.481465 0.666361 8.355516
v -2.785172 0.666361 8.355516
v -2.088878 0.666361 8.355516
v -1.392585 0.666361 8.355516
v -0.696292 0.666361 8.355516
v 0.000000 0.666361 8.355516
v 0.696294 0.666361 8.355516
v -9.748103 0.666361 7.659224
v -9.051810 0.666361 7.659224
v -8.355516 0.666361 7.659224
v -7.659224 0.666361 7.659224
v -6.962930 0.666361 7.659224
v -6.266637 0.666361 7.659224
v -5.570344 0.666361 7.659224
v -4.874051 0.666361 7.659224
v -4.177758 0.666361 7.659224
v -3.481465 0.666361 7.659224
v -2.785172 0.666361 7.659224
v -2.088878 0.666361 7.659224
v -1.392585 0.666361 7.659224
v -0.696292 0.666361 7.659224
v 0.000000 0.666361 7.659224
v 0.696294 0.666361 7.659224
v -9.748103 0.666361 6.962930
v -9.051810 0.666361 6.962930
v -8.355516 0.666361 6.962930
v -7.659224 0.666361 6.962930
v -6.962930 0.666361 6.962930
v -6.266637 0.666361 6.962930
v -5.570344 0.666361 6.962930
v -4.874051 0.666361 6.962930
v -4.177758 0.666361 6.962930
v -3.481465 0.666361 6.962930
v 0.696294 0.666361 6.962930
v -9.748103 0.666361 6.266637
v -9.051810 0.666361 6.266637
v -8.355516 0.666361 6.266637
v -7.659224 0.666361 6.266637
v -6.962930 0.666361 6.266637
v -6.266637 0.666361 6.266637
v -5.570344 0.666361 6.266637
v -4.874051 0.666361 6.266637
v -4.177758 0.666361 6.266637
v -3.481465 0.666361 6.266637
v 0.696294 0.666361 6.266637
v -9.748103 0.666361 5.570344
v -9.051810 0.666361 5.570344
v -8.355516 0.666361 5.570344
v -7.659224 0.666361 5.570344
v -6.962930 0.666361 5.570344
v -6.266637 0.666361 5.570344
v -5.570344 0.666361 5.570344
v -4.874051 0.666361 5.570344
v -4.177758 0.666361 5.570344
v -3.481465 0.666361 5.570344
v 0.696294 0.666361 5.570344
v -9.748103 0.666361 4.874051
v -9.051810 0.666361 4.874051
v -8.355516 0.666361 4.874051
v -7.659224 0.666361 4.874051
v -6.962930 0.666361 4.874051
v -6.266637 0.666361 4.874051
v -5.570344 0.666361 4.874051
v -4.874051 0.666361 4.874051
v -4.177758 0.666361 4.874051
v -3.481465 0.666361 4.874051
v 0.696294 0.666361 4.874051
v -9.748103 0.666361 4.177758
v -9.051810 0.666361 4.177758
v -8.355516 0.666361 4.177758
v -7.659224 0.666361 4.177758
v -6.962930 0.666361 4.177758
v -6.266637 0.666361 4.177758
v -5.570344 0.666361 4.177758
v -4.874051 0.666361 4.177758
v -4.177758 0.666361 4.177758
v -3.481465 0.666361 4.177758
v 0.696294 0.666361 4.177758
v -9.748103 0.666361 3.481465
v -9.051810 0.666361 3.481465
v -8.355516 0.666361 3.481465
v -7.659224 0.666361 3.481465
v -6.962930 0.666361 3.481465
v -6.266637 0.666361 3.481465
v -5.570344 0.666361 3.481465
v -4.874051 0.666361 3.481465
v -4.177758 0.666361 3.481465
v -3.481465 0.666361 3.481465
v 0.696294 0.666361 3.481465
v -9.748103 0.666361 2.785172
v -9.051810 0.666361 2.785172
v -8.355516 0.666361 2.785172
v -7.659224 0.666361 2.785172
v -6.962930 0.666361 2.785172
v -6.266637 0.666361 2.785172
v -5.570344 0.666361 2.785172
v -4.874051 0.666361 2.785172
v -4.177758 0.666361 2.785172
v -3.481465 0.666361 2.785172
v 0.696294 0.666361 2.785172
v -9.748103 0.666361 2.088878
v -9.051810 0.666361 2.088878
v -8.355516 0.666361 2.088878
v -7.659224 0.666361 2.088878
v -6.962930 0.666361 2.088878
v -6.266637 0.666361 2.088878
v -5.570344 0.666361 2.088878
v -4.874051 0.666361 2.088878
v -4.177758 0.666361 2.088878
v -3.481465 0.666361 2.088878
v -2.785172 0.666361 2.088878
v -2.088878 0.666361 2.088878
v -1.392585 0.666361 2.088878
v -0.696292 0.666361 2.088878
v 0.000000 0.666361 2.088878
v 0.696294 0.666361 2.088878
v -9.720098 0.056361 10.579796
v -10.582115 0.056361 9.719886
v -9.027241 0.056361 10.579796
v -8.334383 0.056361 10.579796
v -7.641526 0.056361 10.579796
v -6.948668 0.056361 10.579796
v -6.255811 0.056361 10.579796
v -5.562954 0.056361 10.579796
v -4.870097 0.056361 10.579796
v -4.177240 0.056361 10.579796
v -3.484383 0.056361 10.579796
v -2.791526 0.056361 10.579796
v -2.098668 0.056361 10.579796
v -1.405811 0.056361 10.579796
v -0.712954 0.056361 10.579796
v -0.020098 0.056361 10.579796
v 0.672760 0.056361 10.579796
v 2.436580 0.056361 9.719886
v -10.582115 0.056361 9.028724
v 2.436580 0.056361 9.028724
v -10.582115 0.056361 8.337560
v 2.436580 0.056361 8.337560
v -10.582115 0.056361 7.646398
v 2.436580 0.056361 7.646398
v -10.582115 0.056361 6.955235
v 2.436580 0.056361 6.955235
v -10.582115 0.056361 6.264072
v 2.436580 0.056361 6.264072
v -10.582115 0.056361 5.572910
v 2.436580 0.056361 5.572910
v -10.582115 0.056361 4.881747
v 2.436580 0.056361 4.881747
v -10.582115 0.056361 4.190584
v 2.436580 0.056361 4.190584
v -10.582115 0.056361 3.499422
v 2.436580 0.056361 3.499422
v -10.582115 0.056361 2.808259
v 2.436580 0.056361 2.808259
v -10.582115 0.056361 2.117096
v 2.436580 0.056361 2.117096
v -9.720098 0.056361 1.257186
v -9.027241 0.056361 1.257186
v -8.334383 0.056361 1.257186
v -7.641526 0.056361 1.257186
v -6.948668 0.056361 1.257186
v -6.255811 0.056361 1.257186
v -5.562954 0.056361 1.257186
v -4.870097 0.056361 1.257186
v -4.177240 0.056361 1.257186
v -3.484383 0.056361 1.257186
v -2.791526 0.056361 1.257186
v -2.098668 0.056361 1.257186
v -1.405811 0.056361 1.257186
v -0.712954 0.056361 1.257186
v -0.020098 0.056361 1.257186
v 0.672760 0.056361 1.257186
v 4.177759 0.666361 -0.696294
v 4.874052 0.666361 -0.696294
v 5.570345 0.666361 -0.696294
v 4.177759 0.666361 -1.392587
v 4.874052 0.666361 -1.392587
v 5.570345 0.666361 -1.392587
v 4.177759 0.666361 -2.088880
v 4.874052 0.666361 -2.088880
v 5.570345 0.666361 -2.088880
v 4.177759 0.666361 -2.785173
v 4.874052 0.666361 -2.785173
v 5.570345 0.666361 -2.785173
v 4.177759 0.666361 -3.481466
v 4.874052 0.666361 -3.481466
v 5.570345 0.666361 -3.481466
v 4.177759 0.666361 -4.177759
v 4.874052 0.666361 -4.177759
v 5.570345 0.666361 -4.177759
v 4.177759 0.666361 -4.874052
v 4.874052 0.666361 -4.874052
v 5.570345 0.666361 -4.874052
v 6.266639 0.666361 -4.874052
v 6.962932 0.666361 -4.874052
v 7.659225 0.666361 -4.874052
v 8.355517 0.666361 -4.874052
v 9.051811 0.666361 -4.874052
v 4.177759 0.666361 -5.570345
v 4.874052 0.666361 -5.570345
v 5.570345 0.666361 -5.570345
v 6.266639 0.666361 -5.570345
v 6.962932 0.666361 -5.570345
v 7.659225 0.666361 -5.570345
v 8.355517 0.666361 -5.570345
v 9.051811 0.666361 -5.570345
v 4.177759 0.666361 -6.266639
v 4.874052 0.666361 -6.266639
v 5.570345 0.666361 -6.266639
v 6.266639 0.666361 -6.266639
v 6.962932 0.666361 -6.266639
v 7.659225 0.666361 -6.266639
v 8.355517 0.666361 -6.266639
v 9.051811 0.666361 -6.266639
v 4.177759 0.666361 -6.962932
v 4.874052 0.666361 -6.962932
v 5.570345 0.666361 -6.962932
v 6.266639 0.666361 -6.962932
v 6.962932 0.666361 -6.962932
v 7.659225 0.666361 -6.962932
v 8.355517 0.666361 -6.962932
v 9.051811 0.666361 -6.962932
v 4.177759 0.666361 -7.659225
v 4.874052 0.666361 -7.659225
v 5.570345 0.666361 -7.659225
v 6.266639 0.666361 -7.659225
v 6.962932 0.666361 -7.659225
v 7.659225 0.666361 -7.659225
v 8.355517 0.666361 -7.659225
v 9.051811 0.666361 -7.659225
v 4.177759 0.666361 -8.355517
v 4.874052 0.666361 -8.355517
v 5.570345 0.666361 -8.355517
v 6.266639 0.666361 -8.355517
v 6.962932 0.666361 -8.355517
v 7.659225 0.666361 -8.355517
v 8.355517 0.666361 -8.355517
v 9.051811 0.666361 -8.355517
v 4.177759 0.666361 -9.051811
v 4.874052 0.666361 -9.051811
v 5.570345 0.666361 -9.051811
v 6.266639 0.666361 -9.051811
v 6.962932 0.666361 -9.051811
v 7.659225 0.666361 -9.051811
v 8.355517 0.666361 -9.051811
v 9.051811 0.666361 -9.051811
v 4.177759 0.666361 -9.748103
v 4.874052 0.666361 -9.748103
v 5.570345 0.666361 -9.748103
v 6.266639 0.666361 -9.748103
v 6.962932 0.666361 -9.748103
v 7.659225 0.666361 -9.748103
v 8.355517 0.666361 -9.748103
v 9.051811 0.666361 -9.748103
v 4.242133 0.056361 0.170000
v 3.398723 0.056361 -0.696294
v 4.920033 0.056361 0.170000
v 5.597934 0.056361 0.170000
v 6.275836 0.056361 0.170000
v 6.953735 0.056361 0.170000
v 7.631636 0.056361 0.170000
v 8.309536 0.056361 0.170000
v 8.987437 0.056361 0.170000
v 9.830846 0.056361 -0.696294
v 3.398723 0.056361 -1.392587
v 9.830846 0.056361 -1.392587
v 3.398723 0.056361 -2.088880
v 9.830846 0.056361 -2.088880
v 3.398723 0.056361 -2.785173
v 9.830846 0.056361 -2.785173
v 3.398723 0.056361 -3.481466
v 9.830846 0.056361 -3.481466
v 3.398723 0.056361 -4.177759
v 9.830846 0.056361 -4.177759
v 3.398723 0.056361 -4.874052
v 9.830846 0.056361 -4.874052
v 3.398723 0.056361 -5.570345
v 9.830846 0.056361 -5.570345
v 3.398723 0.056361 -6.266639
v 9.830846 0.056361 -6.266639
v 3.398723 0.056361 -6.962932
v 9.830846 0.056361 -6.962932
v 3.398723 0.056361 -7.659225
v 9.830846 0.056361 -7.659225
v 3.398723 0.056361 -8.355517
v 9.830846 0.056361 -8.355517
v 3.398723 0.056361 -9.051811
v 9.830846 0.056361 -9.051811
v 3.398723 0.056361 -9.748103
v 9.830846 0.056361 -9.748103
v 4.242133 0.056361 -10.614396
v 4.920033 0.056361 -10.614396
v 5.597934 0.056361 -10.614396
v 6.275836 0.056361 -10.614396
v 6.953735 0.056361 -10.614396
v 7.631636 0.056361 -10.614396
v 8.309536 0.056361 -10.614396
v 8.987437 0.056361 -10.614396
v 6.962932 0.346361 -0.876294
v 6.446639 0.346361 -1.392587
v 7.659225 0.346361 -0.876294
v 8.355517 0.346361 -0.876294
v 8.871811 0.346361 -1.392587
v 6.446639 0.346361 -2.088880
v 8.871811 0.346361 -2.088880
v 6.446639 0.346361 -2.785173
v 8.871811 0.346361 -2.785173
v 6.446639 0.346361 -3.481466
v 8.871811 0.346361 -3.481466
v 6.962932 0.346361 -3.997759
v 7.659225 0.346361 -3.997759
v 8.355517 0.346361 -3.997759
v 4.177759 0.666361 9.748103
v 4.874052 0.666361 9.748103
v 5.570345 0.666361 9.748103
v 6.266639 0.666361 9.748103
v 6.962932 0.666361 9.748103
v 7.659225 0.666361 9.748103
v 8.355517 0.666361 9.748103
v 9.051811 0.666361 9.748103
v 4.177759 0.666361 9.051810
v 4.874052 0.666361 9.051810
v 5.570345 0.666361 9.051810
v 6.266639 0.666361 9.051810
v 6.962932 0.666361 9.051810
v 7.659225 0.666361 9.051810
v 8.355517 0.666361 9.051810
v 9.051811 0.666361 9.051810
v 4.177759 0.666361 8.355516
v 4.874052 0.666361 8.355516
v 5.570345 0.666361 8.355516
v 6.266639 0.666361 8.355516
v 6.962932 0.666361 8.355516
v 7.659225 0.666361 8.355516
v 8.355517 0.666361 8.355516
v 9.051811 0.666361 8.355516
v 4.177759 0.666361 7.659224
v 4.874052 0.666361 7.659224
v 5.570345 0.666361 7.659224
v 6.266639 0.666361 7.659224
v 6.962932 0.666361 7.659224
v 7.659225 0.666361 7.659224
v 8.355517 0.666361 7.659224
v 9.051811 0.666361 7.659224
v 4.177759 0.666361 6.962930
v 4.874052 0.666361 6.962930
v 5.570345 0.666361 6.962930
v 6.266639 0.666361 6.962930
v 6.962932 0.666361 6.962930
v 7.659225 0.666361 6.962930
v 8.355517 0.666361 6.962930
v 9.051811 0.666361 6.962930
v 4.177759 0.666361 6.266637
v 4.874052 0.666361 6.266637
v 5.570345 0.666361 6.266637
v 4.177759 0.666361 5.570344
v 4.874052 0.666361 5.570344
v 5.570345 0.666361 5.570344
v 4.177759 0.666361 4.874051
v 4.874052 0.666361 4.874051
v 5.570345 0.666361 4.874051
v 4.177759 0.666361 4.177758
v 4.874052 0.666361 4.177758
v 5.570345 0.666361 4.177758
v 4.177759 0.666361 3.481465
v 4.874052 0.666361 3.481465
v 5.570345 0.666361 3.481465
v 4.177759 0.666361 2.785172
v 4.874052 0.666361 2.785172
v 5.570345 0.666361 2.785172
v 4.177759 0.666361 2.088878
v 4.874052 0.666361 2.088878
v 5.570345 0.666361 2.088878
v 4.226055 0.056361 10.535708
v 3.376930 0.056361 9.683931
v 4.908549 0.056361 10.535708
v 5.591044 0.056361 10.535708
v 6.273539 0.056361 10.535708
v 6.956032 0.056361 10.535708
v 7.638526 0.056361 10.535708
v 8.321020 0.056361 10.535708
v 9.003515 0.056361 10.535708
v 9.852639 0.056361 9.683931
v 3.376930 0.056361 8.999306
v 9.852639 0.056361 8.999306
v 3.376930 0.056361 8.314680
v 9.852639 0.056361 8.314680
v 3.376930 0.056361 7.630055
v 9.852639 0.056361 7.630055
v 3.376930 0.056361 6.945429
v 9.852639 0.056361 6.945429
v 3.376930 0.056361 6.260804
v 9.852639 0.056361 6.260804
v 3.376930 0.056361 5.576178
v 9.852639 0.056361 5.576178
v 3.376930 0.056361 4.891552
v 9.852639 0.056361 4.891552
v 3.376930 0.056361 4.206927
v 9.852639 0.056361 4.206927
v 3.376930 0.056361 3.522302
v 9.852639 0.056361 3.522302
v 3.376930 0.056361 2.837676
v 9.852639 0.056361 2.837676
v 3.376930 0.056361 2.153050
v 9.852639 0.056361 2.153050
v 4.226055 0.056361 1.301273
v 4.908549 0.056361 1.301273
v 5.591044 0.056361 1.301273
v 6.273539 0.056361 1.301273
v 6.956032 0.056361 1.301273
v 7.638526 0.056361 1.301273
v 8.321020 0.056361 1.301273
v 9.003515 0.056361 1.301273
v -10.316432 0.056361 0.137007
v -10.498821 0.056361 0.055000
v -10.574369 0.056361 -0.142981
v 2.428835 0.056361 -0.142981
v 2.353287 0.056361 0.055000
v 2.170897 0.056361 0.137007
v -10.574369 0.056361 -10.301415
v -10.498821 0.056361 -10.499396
v -10.316432 0.056361 -10.581403
v 2.170897 0.056361 -10.581403
v 2.353287 0.056361 -10.499396
v 2.428835 0.056361 -10.301415
v -10.242029 0.056361 10.579796
v -10.412072 0.056361 10.535432
v -10.536552 0.056361 10.414227
v -10.582115 0.056361 10.248658
v 2.436580 0.056361 10.248658
v 2.391017 0.056361 10.414227
v 2.266537 0.056361 10.535432
v 2.096494 0.056361 10.579796
v -10.582115 0.056361 1.588323
v -10.536552 0.056361 1.422755
v -10.412072 0.056361 1.301550
v -10.242029 0.056361 1.257186
v 2.096494 0.056361 1.257186
v 2.266537 0.056361 1.301550
v 2.391017 0.056361 1.422755
v 2.436580 0.056361 1.588323
v 3.752902 0.056361 0.170000
v 3.575812 0.056361 0.119412
v 3.446174 0.056361 -0.018799
v 3.398723 0.056361 -0.207597
v 9.830846 0.056361 -0.207598
v 9.783395 0.056361 -0.018799
v 9.653756 0.056361 0.119412
v 9.476666 0.056361 0.170000
v 3.398723 0.056361 -10.236798
v 3.446174 0.056361 -10.425597
v 3.575812 0.056361 -10.563807
v 3.752902 0.056361 -10.614396
v 9.480494 0.056361 -10.614396
v 9.655670 0.056361 -10.562175
v 9.783908 0.056361 -10.419502
v 9.830846 0.056361 -10.224608
v 3.724117 0.056361 10.535708
v 3.550523 0.056361 10.490003
v 3.423444 0.056361 10.365130
v 3.376930 0.056361 10.194552
v 9.852639 0.056361 10.194552
v 9.806125 0.056361 10.365130
v 9.679046 0.056361 10.490003
v 9.505452 0.056361 10.535708
v 3.376930 0.056361 1.642429
v 3.423444 0.056361 1.471851
v 3.550523 0.056361 1.346979
v 3.724116 0.056361 1.301273
v 9.505452 0.056361 1.301273
v 9.679046 0.056361 1.346979
v 9.806125 0.056361 1.471851
v 9.852639 0.056361 1.642429
v -7.190964 0.226361 -6.051732
v -7.421810 0.226361 -6.146639
v -7.095345 0.226361 -5.822605
v -7.189096 0.226361 -1.674749
v -7.095345 0.226361 -1.909821
v -7.415431 0.226361 -1.577379
v -9.484045 0.226361 -6.108039
v -9.589503 0.226361 -6.002581
v -9.628103 0.226361 -5.858521
v -9.339986 0.226361 -6.146639
v -9.542208 0.226361 -1.667259
v -9.334839 0.226361 -1.577379
v -9.628103 0.226361 -1.884248
v -9.738882 0.666361 -1.408213
v -9.720034 0.563438 -2.088880
v -9.769313 0.637655 -2.095368
v -9.852218 0.666361 -2.112142
v -9.852720 0.666361 -2.803354
v -9.769480 0.637801 -2.790242
v -9.720164 0.563918 -2.785173
v -9.853103 0.666361 -3.494499
v -9.769608 0.637913 -3.485098
v -9.720264 0.564284 -3.481466
v -9.853360 0.666361 -4.185598
v -9.769693 0.637988 -4.179944
v -9.720331 0.564532 -4.177759
v -9.853490 0.666361 -4.876668
v -9.769736 0.638026 -4.874781
v -9.720366 0.564657 -4.874052
v -9.853490 0.666361 -5.567729
v -9.769736 0.638026 -5.569616
v -9.720366 0.564657 -5.570345
v -9.851335 0.666361 -5.992112
v -9.769230 0.638786 -5.974772
v -9.721003 0.566994 -5.951421
v -9.051810 0.564672 -6.238906
v -9.051810 0.638031 -6.288278
v -9.051810 0.666361 -6.372042
v -8.355516 0.666361 -6.372042
v -8.355516 0.638031 -6.288278
v -8.355516 0.564672 -6.238906
v -7.659224 0.666361 -6.372042
v -7.659224 0.638031 -6.288278
v -7.659224 0.564672 -6.238906
v -7.269212 0.666361 -6.368811
v -7.291981 0.639211 -6.287508
v -7.318923 0.568248 -6.239881
v -9.051810 0.666361 -1.292010
v -9.051810 0.641064 -1.375774
v -9.051810 0.573630 -1.431533
v -9.475292 0.666361 -1.293965
v -9.453733 0.641947 -1.376067
v -9.430312 0.576429 -1.430357
v -8.355516 0.666361 -1.292010
v -8.355516 0.641064 -1.375774
v -8.355516 0.573630 -1.431533
v -7.659224 0.573630 -1.431533
v -7.659224 0.641064 -1.375774
v -7.659224 0.666361 -1.292010
v -6.858558 0.666361 -2.088879
v -6.942322 0.638638 -2.088879
v -6.993008 0.566416 -2.088879
v -6.862776 0.666361 -1.705795
v -6.943215 0.640266 -1.730695
v -6.991460 0.571559 -1.764845
v -6.858558 0.666361 -2.785173
v -6.942322 0.638638 -2.785173
v -6.993008 0.566416 -2.785173
v -6.858558 0.666361 -3.481466
v -6.942322 0.638638 -3.481466
v -6.993008 0.566416 -3.481466
v -6.858558 0.666361 -4.177759
v -6.942322 0.638638 -4.177759
v -6.993008 0.566416 -4.177759
v -6.858558 0.666361 -4.874051
v -6.942322 0.638638 -4.874051
v -6.993008 0.566416 -4.874051
v -6.993008 0.566416 -5.570345
v -6.942322 0.638638 -5.570345
v -6.858558 0.666361 -5.570345
v -6.992068 0.569538 -5.916199
v -6.942930 0.639664 -5.940939
v -6.861257 0.666361 -5.962969
v -7.309957 0.576842 -1.430183
v -7.284830 0.642068 -1.376098
v -7.262758 0.666361 -1.294231
v -7.087234 0.571047 -6.145737
v -7.045019 0.640314 -6.186111
v -6.980352 0.666361 -6.250344
v -7.083527 0.577156 -1.527422
v -7.042684 0.642283 -1.479387
v -6.977977 0.666361 -1.413332
v -9.432885 0.566994 -6.239539
v -9.456237 0.638786 -6.287766
v -9.473577 0.666361 -6.369871
v -9.577878 0.570418 -6.201872
v -9.611299 0.640016 -6.245863
v -9.656628 0.666361 -6.319117
v -9.683337 0.570418 -6.096415
v -9.727942 0.640017 -6.130189
v -9.802818 0.666361 -6.176456
v -9.721783 0.569852 -1.739989
v -9.768717 0.639692 -1.705339
v -9.849021 0.666361 -1.680210
v -9.637613 0.576181 -1.520341
v -9.676301 0.641957 -1.472622
v -10.223467 0.666361 -0.849707
v -10.322514 0.634266 -0.869100
v -10.387468 0.551409 -0.857603
v -10.383888 0.560893 -0.439855
v -10.320573 0.637610 -0.491328
v -10.218058 0.666361 -0.525139
v -9.667709 0.566222 -0.163003
v -9.666946 0.639457 -0.236864
v -9.680314 0.666361 -0.336446
v -8.992369 0.666361 -0.336636
v -8.980609 0.639523 -0.236927
v -8.981267 0.566385 -0.163098
v -8.304412 0.666361 -0.336802
v -8.294271 0.639582 -0.236983
v -8.294829 0.566527 -0.163182
v -7.616445 0.666361 -0.336944
v -7.607935 0.639632 -0.237031
v -7.608396 0.566649 -0.163254
v -6.928468 0.666361 -0.337062
v -6.921599 0.639673 -0.237070
v -6.921966 0.566751 -0.163314
v -6.240484 0.666361 -0.337155
v -6.235263 0.639706 -0.237101
v -6.235539 0.566831 -0.163361
v -5.552495 0.666361 -0.337223
v -5.548928 0.639730 -0.237124
v -5.549115 0.566889 -0.163395
v -4.864502 0.666361 -0.337265
v -4.862592 0.639745 -0.237138
v -4.862691 0.566925 -0.163417
v -4.176507 0.666361 -0.337281
v -4.176257 0.639751 -0.237144
v -4.176270 0.566940 -0.163425
v -3.488512 0.666361 -0.337273
v -3.489921 0.639748 -0.237141
v -3.489848 0.566932 -0.163421
v -2.800518 0.666361 -0.337238
v -2.803586 0.639735 -0.237129
v -2.803426 0.566902 -0.163403
v -2.112527 0.666361 -0.337178
v -2.117250 0.639714 -0.237109
v -2.117001 0.566851 -0.163373
v -1.424542 0.666361 -0.337093
v -1.430914 0.639684 -0.237080
v -1.430575 0.566777 -0.163330
v -0.736563 0.666361 -0.336982
v -0.744578 0.639645 -0.237043
v -0.744146 0.566682 -0.163274
v -0.048593 0.666361 -0.336848
v -0.058243 0.639598 -0.236998
v -0.057715 0.566566 -0.163205
v 0.639368 0.666361 -0.336689
v 0.628095 0.639542 -0.236945
v 0.628722 0.566430 -0.163125
v 1.976480 0.571317 -0.166001
v 1.943412 0.641037 -0.238477
v 1.915281 0.666361 -0.339967
v 2.241042 0.553769 -0.858240
v 2.176251 0.635239 -0.875872
v 2.075412 0.666361 -0.872866
v 2.075793 0.666361 -1.542036
v 2.176440 0.635205 -1.544550
v 2.241178 0.553409 -1.529537
v 2.076117 0.666361 -2.211185
v 2.176601 0.635176 -2.213220
v 2.241294 0.553103 -2.200872
v 2.076381 0.666361 -2.880318
v 2.176731 0.635153 -2.881888
v 2.241387 0.552855 -2.872242
v 2.076582 0.666361 -3.549436
v 2.176829 0.635135 -3.550550
v 2.241458 0.552667 -3.543638
v 2.076718 0.666361 -4.218545
v 2.176895 0.635123 -4.219211
v 2.241506 0.552540 -4.215055
v 2.076786 0.666361 -4.887648
v 2.176928 0.635117 -4.887869
v 2.241530 0.552476 -4.886482
v 2.076786 0.666361 -5.556749
v 2.176928 0.635117 -5.556528
v 2.241530 0.552476 -5.557915
v 2.076718 0.666361 -6.225853
v 2.176895 0.635123 -6.225187
v 2.241506 0.552540 -6.229343
v -10.222509 0.666361 -6.904045
v -10.322476 0.634985 -6.896364
v -10.387133 0.552300 -6.900797
v 2.076582 0.666361 -6.894961
v 2.176829 0.635135 -6.893847
v 2.241458 0.552667 -6.900759
v -10.222678 0.666361 -7.576755
v -10.322483 0.634860 -7.566055
v -10.387192 0.552143 -7.572259
v 2.076381 0.666361 -7.564081
v 2.176731 0.635153 -7.562510
v 2.241387 0.552855 -7.572155
v -10.222897 0.666361 -8.249435
v -10.322493 0.634698 -8.235770
v -10.387269 0.551939 -8.243742
v 2.076117 0.666361 -8.233212
v 2.176601 0.635176 -8.231176
v 2.241294 0.553103 -8.243525
v -10.223162 0.666361 -8.922083
v -10.322503 0.634499 -8.905517
v -10.387362 0.551693 -8.915254
v 2.075793 0.666361 -8.902363
v 2.176440 0.635205 -8.899849
v 2.241178 0.553409 -8.914862
v -10.387468 0.551409 -9.586793
v -10.322514 0.634266 -9.575297
v -10.223467 0.666361 -9.594689
v 2.075412 0.666361 -9.571530
v 2.176251 0.635239 -9.568524
v 2.241042 0.553769 -9.586157
v -9.680314 0.666361 -10.107950
v -9.666946 0.639456 -10.207533
v -9.667709 0.566222 -10.281394
v -10.122015 0.571317 -10.278396
v -10.088947 0.641037 -10.205920
v -10.060816 0.666361 -10.104430
v -8.992369 0.666361 -10.107760
v -8.980609 0.639523 -10.207469
v -8.981267 0.566384 -10.281298
v -8.304412 0.666361 -10.107594
v -8.294271 0.639582 -10.207414
v -8.294829 0.566527 -10.281214
v -7.616445 0.666361 -10.107452
v -7.607935 0.639632 -10.207366
v -7.608396 0.566649 -10.281142
v -6.928468 0.666361 -10.107334
v -6.921599 0.639673 -10.207326
v -6.921966 0.566751 -10.281082
v -6.240484 0.666361 -10.107242
v -6.235263 0.639706 -10.207295
v -6.235539 0.566831 -10.281035
v -5.552495 0.666361 -10.107174
v -5.548928 0.639730 -10.207273
v -5.549115 0.566889 -10.281001
v -4.864502 0.666361 -10.107132
v -4.862592 0.639745 -10.207259
v -4.862691 0.566925 -10.280980
v -4.176507 0.666361 -10.107115
v -4.176257 0.639751 -10.207253
v -4.176270 0.566940 -10.280972
v -3.488512 0.666361 -10.107124
v -3.489921 0.639747 -10.207256
v -3.489848 0.566932 -10.280975
v -2.800518 0.666361 -10.107159
v -2.803586 0.639735 -10.207268
v -2.803426 0.566902 -10.280993
v -2.112527 0.666361 -10.107219
v -2.117250 0.639714 -10.207288
v -2.117001 0.566851 -10.281024
v -1.424542 0.666361 -10.107304
v -1.430914 0.639684 -10.207316
v -1.430575 0.566777 -10.281067
v -0.736563 0.666361 -10.107414
v -0.744578 0.639645 -10.207354
v -0.744146 0.566682 -10.281123
v -0.048593 0.666361 -10.107549
v -0.058243 0.639598 -10.207398
v -0.057715 0.566566 -10.281191
v 0.628722 0.566430 -10.281271
v 0.628095 0.639542 -10.207452
v 0.639368 0.666361 -10.107708
v 2.238353 0.560893 -10.004541
v 2.175038 0.637610 -9.953069
v 2.072522 0.666361 -9.919257
v -10.179290 0.666361 9.678804
v -10.279045 0.636952 9.667874
v -10.347913 0.558301 9.670450
v -10.345862 0.562694 10.049654
v -10.277895 0.638319 10.015516
v -10.176674 0.666361 9.992589
v -9.636378 0.552923 10.384631
v -9.629876 0.635063 10.319110
v -9.643882 0.666361 10.219579
v -8.960407 0.666361 10.219419
v -8.948071 0.635159 10.319087
v -8.953771 0.553071 10.384574
v -8.276918 0.666361 10.219279
v -8.266273 0.635243 10.319067
v -8.271171 0.553201 10.384522
v -7.593422 0.666361 10.219158
v -7.584480 0.635315 10.319050
v -7.588579 0.553313 10.384479
v -6.909914 0.666361 10.219058
v -6.902691 0.635374 10.319035
v -6.905993 0.553406 10.384441
v -6.226401 0.666361 10.218979
v -6.220907 0.635421 10.319023
v -6.223412 0.553480 10.384413
v -5.542881 0.666361 10.218921
v -5.539126 0.635456 10.319016
v -5.540836 0.553534 10.384392
v -4.859358 0.666361 10.218884
v -4.857347 0.635477 10.319010
v -4.858262 0.553568 10.384378
v -4.175833 0.666361 10.218869
v -4.175569 0.635486 10.319007
v -4.175689 0.553581 10.384373
v -3.492307 0.666361 10.218877
v -3.493792 0.635481 10.319009
v -3.493117 0.553574 10.384376
v -2.808784 0.666361 10.218907
v -2.812013 0.635464 10.319014
v -2.810544 0.553547 10.384387
v -2.125262 0.666361 10.218959
v -2.130232 0.635433 10.319020
v -2.127967 0.553499 10.384405
v -1.441747 0.666361 10.219032
v -1.448449 0.635390 10.319031
v -1.445388 0.553430 10.384432
v -0.758238 0.666361 10.219126
v -0.766662 0.635334 10.319044
v -0.762804 0.553343 10.384466
v -0.074738 0.666361 10.219241
v -0.084872 0.635266 10.319061
v -0.080215 0.553236 10.384508
v 0.608753 0.666361 10.219376
v 0.596926 0.635185 10.319081
v 0.602383 0.553112 10.384558
v 1.862262 0.558365 10.382493
v 1.821299 0.636882 10.317914
v 1.796022 0.666361 10.216518
v -10.179119 0.666361 8.995133
v -10.278999 0.637027 8.986164
v -10.347840 0.558455 8.988264
v 2.202103 0.558887 9.670392
v 2.133299 0.637174 9.664639
v 2.033106 0.666361 9.667016
v 2.033148 0.666361 8.985465
v 2.133322 0.637176 8.983521
v 2.202121 0.558850 8.988232
v -10.178982 0.666361 8.311449
v -10.278963 0.637087 8.304456
v -10.347782 0.558580 8.306084
v 2.033181 0.666361 8.303913
v 2.133342 0.637178 8.302402
v 2.202135 0.558819 8.306068
v -10.178878 0.666361 7.627755
v -10.278935 0.637132 7.622750
v -10.347738 0.558674 7.623910
v 2.033206 0.666361 7.622364
v 2.133356 0.637179 7.621284
v 2.202146 0.558797 7.623905
v -10.178807 0.666361 6.944052
v -10.278916 0.637163 6.941045
v -10.347709 0.558737 6.941741
v 2.033223 0.666361 6.940814
v 2.133366 0.637180 6.940166
v 2.202153 0.558781 6.941739
v -10.178773 0.666361 6.260345
v -10.278908 0.637178 6.259342
v -10.347694 0.558769 6.259573
v 2.033232 0.666361 6.259265
v 2.133370 0.637180 6.259049
v 2.202157 0.558774 6.259573
v -10.178773 0.666361 5.576637
v -10.278908 0.637178 5.577640
v -10.347694 0.558769 5.577408
v 2.033232 0.666361 5.577717
v 2.133370 0.637180 5.577933
v 2.202157 0.558774 5.577408
v -10.178807 0.666361 4.892930
v -10.278916 0.637163 4.895936
v -10.347709 0.558737 4.895241
v 2.033223 0.666361 4.896168
v 2.133366 0.637180 4.896815
v 2.202153 0.558781 4.895242
v -10.178878 0.666361 4.209228
v -10.278935 0.637132 4.214232
v -10.347738 0.558674 4.213072
v 2.033206 0.666361 4.214619
v 2.133356 0.637179 4.215698
v 2.202146 0.558797 4.213077
v -10.178982 0.666361 3.525533
v -10.278963 0.637087 3.532526
v -10.347782 0.558580 3.530898
v 2.033181 0.666361 3.533068
v 2.133342 0.637178 3.534580
v 2.202135 0.558819 3.530913
v -10.179119 0.666361 2.841849
v -10.278999 0.637027 2.850819
v -10.347840 0.558455 2.848719
v 2.033148 0.666361 2.851518
v 2.133322 0.637176 2.853462
v 2.202121 0.558850 2.848751
v -10.347913 0.558301 2.166531
v -10.279045 0.636952 2.169107
v -10.179290 0.666361 2.158177
v 2.033106 0.666361 2.169965
v 2.133299 0.637174 2.172342
v 2.202103 0.558888 2.166589
v -9.643882 0.666361 1.617403
v -9.629876 0.635063 1.517871
v -9.636378 0.552923 1.452350
v -10.007796 0.558365 1.454489
v -9.966835 0.636882 1.519068
v -9.941557 0.666361 1.620463
v -8.960407 0.666361 1.617562
v -8.948071 0.635159 1.517894
v -8.953771 0.553071 1.452408
v -8.276918 0.666361 1.617702
v -8.266273 0.635243 1.517915
v -8.271171 0.553201 1.452459
v -7.593422 0.666361 1.617823
v -7.584480 0.635315 1.517932
v -7.588579 0.553313 1.452503
v -6.909914 0.666361 1.617923
v -6.902691 0.635374 1.517947
v -6.905993 0.553406 1.452540
v -6.226401 0.666361 1.618003
v -6.220907 0.635421 1.517958
v -6.223412 0.553480 1.452569
v -5.542881 0.666361 1.618061
v -5.539126 0.635456 1.517967
v -5.540836 0.553534 1.452590
v -4.859358 0.666361 1.618098
v -4.857347 0.635477 1.517972
v -4.858262 0.553568 1.452604
v -4.175833 0.666361 1.618112
v -4.175569 0.635486 1.517974
v -4.175689 0.553581 1.452609
v -3.492307 0.666361 1.618104
v -3.493792 0.635481 1.517973
v -3.493117 0.553574 1.452606
v -2.808784 0.666361 1.618075
v -2.812013 0.635464 1.517969
v -2.810544 0.553547 1.452595
v -2.125262 0.666361 1.618023
v -2.130232 0.635433 1.517961
v -2.127967 0.553499 1.452576
v -1.441747 0.666361 1.617950
v -1.448449 0.635390 1.517950
v -1.445388 0.553430 1.452549
v -0.758238 0.666361 1.617856
v -0.766662 0.635334 1.517937
v -0.762804 0.553343 1.452515
v -0.074738 0.666361 1.617741
v -0.084872 0.635266 1.517920
v -0.080215 0.553236 1.452473
v 0.602383 0.553112 1.452424
v 0.596926 0.635185 1.517901
v 0.608753 0.666361 1.617606
v 2.200327 0.562694 1.787328
v 2.132360 0.638319 1.821465
v 2.031138 0.666361 1.844393
v 3.691288 0.666361 -0.776870
v 3.591334 0.632294 -0.786220
v 3.532141 0.544777 -0.777511
v 3.533480 0.549679 -0.439733
v 3.592000 0.634000 -0.483802
v 3.693305 0.666361 -0.510472
v 4.242851 0.558710 -0.066385
v 4.239352 0.637163 -0.135368
v 4.229688 0.666361 -0.235269
v 4.911129 0.666361 -0.235451
v 4.918043 0.637215 -0.135435
v 4.920546 0.558874 -0.066463
v 5.592586 0.666361 -0.235574
v 5.596739 0.637249 -0.135479
v 5.598242 0.558985 -0.066515
v 6.274052 0.666361 -0.235635
v 6.275437 0.637266 -0.135502
v 6.275938 0.559040 -0.066541
v 6.955519 0.666361 -0.235635
v 6.954134 0.637266 -0.135502
v 6.953633 0.559040 -0.066541
v 7.636984 0.666361 -0.235574
v 7.632832 0.637249 -0.135479
v 7.631328 0.558985 -0.066515
v 8.318440 0.666361 -0.235451
v 8.311526 0.637215 -0.135435
v 8.309023 0.558874 -0.066463
v 8.999882 0.666361 -0.235269
v 8.990218 0.637163 -0.135368
v 8.986718 0.558710 -0.066385
v 9.338653 0.561599 -0.067745
v 9.313231 0.638037 -0.136143
v 9.293240 0.666361 -0.236988
v 3.691303 0.666361 -1.460765
v 3.591297 0.632353 -1.468695
v 3.532145 0.544791 -1.461312
v 9.697428 0.544777 -0.777511
v 9.638235 0.632294 -0.786220
v 9.538280 0.666361 -0.776870
v 9.538266 0.666361 -1.460765
v 9.638272 0.632353 -1.468695
v 9.697424 0.544791 -1.461312
v 3.691315 0.666361 -2.144660
v 3.591266 0.632403 -2.151160
v 3.532148 0.544803 -2.145110
v 9.538254 0.666361 -2.144660
v 9.638303 0.632403 -2.151160
v 9.697421 0.544803 -2.145110
v 3.691325 0.666361 -2.828557
v 3.591241 0.632443 -2.833621
v 3.532151 0.544812 -2.828909
v 9.538243 0.666361 -2.828557
v 9.638328 0.632443 -2.833621
v 9.697418 0.544812 -2.828909
v 3.691333 0.666361 -3.512454
v 3.591222 0.632473 -3.516075
v 3.532153 0.544820 -3.512706
v 9.538237 0.666361 -3.512454
v 9.638347 0.632473 -3.516075
v 9.697416 0.544820 -3.512706
v 3.691338 0.666361 -4.196352
v 3.591209 0.632493 -4.198526
v 3.532154 0.544824 -4.196504
v 9.538231 0.666361 -4.196352
v 9.638359 0.632493 -4.198526
v 9.697414 0.544824 -4.196504
v 3.691340 0.666361 -4.880250
v 3.591203 0.632503 -4.880974
v 3.532155 0.544827 -4.880300
v 9.538229 0.666361 -4.880250
v 9.638366 0.632503 -4.880974
v 9.697414 0.544827 -4.880300
v 3.691340 0.666361 -5.564147
v 3.591203 0.632503 -5.563423
v 3.532155 0.544827 -5.564097
v 9.538229 0.666361 -5.564147
v 9.638366 0.632503 -5.563423
v 9.697414 0.544827 -5.564097
v 3.691338 0.666361 -6.248046
v 3.591209 0.632493 -6.245872
v 3.532154 0.544824 -6.247895
v 9.538231 0.666361 -6.248046
v 9.638359 0.632493 -6.245872
v 9.697414 0.544824 -6.247895
v 3.691333 0.666361 -6.931943
v 3.591222 0.632473 -6.928323
v 3.532153 0.544820 -6.931691
v 9.538237 0.666361 -6.931943
v 9.638347 0.632473 -6.928323
v 9.697416 0.544820 -6.931691
v 3.691325 0.666361 -7.615841
v 3.591241 0.632443 -7.610778
v 3.532151 0.544812 -7.615489
v 9.538243 0.666361 -7.615841
v 9.638328 0.632443 -7.610778
v 9.697418 0.544812 -7.615489
v 3.691315 0.666361 -8.299737
v 3.591266 0.632403 -8.293237
v 3.532148 0.544803 -8.299287
v 9.538254 0.666361 -8.299737
v 9.638303 0.632403 -8.293237
v 9.697421 0.544803 -8.299287
v 3.691303 0.666361 -8.983633
v 3.591297 0.632353 -8.975704
v 3.532145 0.544791 -8.983087
v 9.538266 0.666361 -8.983633
v 9.638272 0.632353 -8.975704
v 9.697424 0.544791 -8.983087
v 3.532141 0.544777 -9.666885
v 3.591334 0.632294 -9.658177
v 3.691288 0.666361 -9.667526
v 9.538236 0.666361 -9.717938
v 9.638348 0.632475 -9.714414
v 9.697416 0.544820 -9.717692
v 4.229688 0.666361 -10.209127
v 4.239352 0.637163 -10.309028
v 4.242851 0.558710 -10.378011
v 3.890915 0.561599 -10.376651
v 3.916337 0.638037 -10.308252
v 3.936329 0.666361 -10.207408
v 4.911129 0.666361 -10.208944
v 4.918043 0.637215 -10.308961
v 4.920546 0.558874 -10.377934
v 5.592586 0.666361 -10.208822
v 5.596739 0.637249 -10.308916
v 5.598242 0.558985 -10.377881
v 6.274052 0.666361 -10.208761
v 6.275437 0.637266 -10.308894
v 6.275938 0.559041 -10.377855
v 6.955519 0.666361 -10.208761
v 6.954134 0.637266 -10.308894
v 6.953633 0.559041 -10.377855
v 7.636984 0.666361 -10.208822
v 7.632832 0.637249 -10.308916
v 7.631328 0.558985 -10.377881
v 8.318440 0.666361 -10.208944
v 8.311526 0.637215 -10.308961
v 8.309023 0.558874 -10.377934
v 8.989070 0.559056 -10.377848
v 8.985742 0.637273 -10.308892
v 8.981024 0.666361 -10.208757
v 9.694515 0.555440 -9.948693
v 9.635516 0.635566 -9.900281
v 9.530543 0.666361 -9.872551
v 3.676508 0.666361 9.723069
v 3.576358 0.632835 9.716739
v 3.516628 0.545742 9.710303
v 3.517211 0.547787 10.091189
v 3.576666 0.633498 10.068478
v 3.677299 0.666361 10.049347
v 4.230679 0.539949 10.433994
v 4.228571 0.630772 10.378644
v 4.221317 0.666361 10.278655
v 4.905158 0.666361 10.278550
v 4.910345 0.630806 10.378613
v 4.911852 0.540051 10.433973
v 5.589007 0.666361 10.278481
v 5.592121 0.630828 10.378592
v 5.593026 0.540119 10.433959
v 6.272859 0.666361 10.278445
v 6.273898 0.630839 10.378580
v 6.274199 0.540153 10.433951
v 6.956712 0.666361 10.278445
v 6.955673 0.630839 10.378580
v 6.955371 0.540153 10.433951
v 7.640563 0.666361 10.278481
v 7.637450 0.630828 10.378592
v 7.636545 0.540119 10.433959
v 8.324410 0.666361 10.278550
v 8.319224 0.630806 10.378613
v 8.317717 0.540051 10.433973
v 9.008254 0.666361 10.278655
v 9.000999 0.630772 10.378644
v 8.998892 0.539949 10.433994
v 9.366515 0.543077 10.433336
v 9.336471 0.631820 10.378266
v 9.314504 0.666361 10.277471
v 3.676506 0.666361 9.031328
v 3.576360 0.632831 9.026149
v 3.516627 0.545741 9.020884
v 9.712941 0.545743 9.710303
v 9.653211 0.632835 9.716739
v 9.553061 0.666361 9.723069
v 9.553062 0.666361 9.031328
v 9.653209 0.632831 9.026149
v 9.712942 0.545741 9.020884
v 3.676504 0.666361 8.339586
v 3.576361 0.632827 8.335558
v 3.516627 0.545739 8.331463
v 9.553064 0.666361 8.339586
v 9.653208 0.632827 8.335558
v 9.712942 0.545739 8.331463
v 3.676503 0.666361 7.647845
v 3.576363 0.632825 7.644968
v 3.516626 0.545738 7.642043
v 9.553065 0.666361 7.647845
v 9.653206 0.632825 7.644968
v 9.712942 0.545738 7.642043
v 3.676502 0.666361 6.956102
v 3.576363 0.632823 6.954376
v 3.516626 0.545737 6.952621
v 9.553066 0.666361 6.956102
v 9.653206 0.632823 6.954376
v 9.712943 0.545737 6.952621
v 3.676502 0.666361 6.264361
v 3.576364 0.632822 6.263786
v 3.516626 0.545737 6.263201
v 9.553067 0.666361 6.264361
v 9.653205 0.632822 6.263786
v 9.712943 0.545737 6.263201
v 3.676502 0.666361 5.572620
v 3.576364 0.632822 5.573196
v 3.516626 0.545737 5.573781
v 9.553067 0.666361 5.572620
v 9.653205 0.632822 5.573196
v 9.712943 0.545737 5.573781
v 3.676502 0.666361 4.880879
v 3.576363 0.632823 4.882606
v 3.516626 0.545737 4.884360
v 9.553066 0.666361 4.880879
v 9.653206 0.632823 4.882606
v 9.712943 0.545737 4.884360
v 3.676503 0.666361 4.189137
v 3.576363 0.632825 4.192015
v 3.516626 0.545738 4.194940
v 9.553065 0.666361 4.189137
v 9.653206 0.632825 4.192015
v 9.712942 0.545738 4.194940
v 3.676504 0.666361 3.497396
v 3.576361 0.632827 3.501425
v 3.516627 0.545739 3.505519
v 9.553064 0.666361 3.497396
v 9.653208 0.632827 3.501425
v 9.712942 0.545739 3.505519
v 3.676506 0.666361 2.805655
v 3.576360 0.632831 2.810834
v 3.516627 0.545741 2.816099
v 9.553062 0.666361 2.805655
v 9.653209 0.632831 2.810834
v 9.712942 0.545741 2.816099
v 3.516628 0.545743 2.126678
v 3.576358 0.632835 2.120243
v 3.676508 0.666361 2.113912
v 9.553061 0.666361 2.113912
v 9.653211 0.632835 2.120243
v 9.712941 0.545743 2.126678
v 4.221317 0.666361 1.558327
v 4.228571 0.630772 1.458337
v 4.230679 0.539948 1.402987
v 3.863053 0.543077 1.403645
v 3.893098 0.631820 1.458715
v 3.915065 0.666361 1.559511
v 4.905158 0.666361 1.558431
v 4.910345 0.630805 1.458369
v 4.911852 0.540051 1.403008
v 5.589007 0.666361 1.558501
v 5.592121 0.630828 1.458390
v 5.593026 0.540119 1.403023
v 6.272859 0.666361 1.558536
v 6.273898 0.630839 1.458401
v 6.274199 0.540153 1.403030
v 6.956712 0.666361 1.558536
v 6.955673 0.630839 1.458401
v 6.955371 0.540153 1.403030
v 7.640563 0.666361 1.558501
v 7.637450 0.630828 1.458390
v 7.636545 0.540119 1.403023
v 8.324410 0.666361 1.558431
v 8.319224 0.630805 1.458369
v 8.317717 0.540051 1.403008
v 8.998892 0.539948 1.402987
v 9.000999 0.630772 1.458337
v 9.008254 0.666361 1.558327
v 9.712358 0.547787 1.745791
v 9.652903 0.633498 1.768504
v 9.552270 0.666361 1.787634
v -10.122015 0.571317 -0.166001
v -10.089231 0.641036 -0.237152
v -10.061882 0.666361 -0.334994
v 2.238353 0.560893 -0.439855
v 2.177769 0.637616 -0.490827
v 2.082528 0.666361 -0.523295
v -10.383888 0.560893 -10.004541
v -10.323304 0.637616 -9.953569
v -10.228063 0.666361 -9.921102
v 1.976480 0.571317 -10.278396
v 1.943697 0.641036 -10.207244
v 1.916347 0.666361 -10.109403
v -10.304607 0.570779 -0.247691
v -10.253160 0.640975 -0.312534
v -10.174598 0.666361 -0.392560
v 2.159072 0.570779 -0.247691
v 2.108935 0.640970 -0.311297
v 2.034006 0.666361 -0.387896
v -10.304607 0.570779 -10.196706
v -10.254470 0.640970 -10.133100
v -10.179542 0.666361 -10.056500
v 2.159072 0.570779 -10.196706
v 2.107625 0.640975 -10.131863
v 2.029063 0.666361 -10.051836
v -10.007796 0.558365 10.382493
v -9.967035 0.636884 10.319487
v -9.942295 0.666361 10.222272
v 2.200327 0.562694 10.049654
v 2.133603 0.638320 10.015683
v 2.035733 0.666361 9.993209
v -10.345862 0.562694 1.787328
v -10.279139 0.638320 1.821298
v -10.181269 0.666361 1.843772
v 1.862261 0.558365 1.454489
v 1.821500 0.636884 1.517495
v 1.796760 0.666361 1.614710
v -10.174390 0.565759 10.335223
v -10.124373 0.639354 10.278508
v -10.069051 0.666361 10.192166
v -10.298287 0.567006 10.213528
v -10.236283 0.639796 10.168352
v -10.147054 0.666361 10.112517
v 2.152752 0.567006 10.213528
v 2.091379 0.639795 10.168726
v 2.003883 0.666361 10.113914
v 2.028854 0.565759 10.335223
v 1.978078 0.639357 10.277163
v 1.920685 0.666361 10.187149
v -10.298287 0.567006 1.623454
v -10.236915 0.639795 1.668256
v -10.149419 0.666361 1.723068
v -10.174390 0.565759 1.501759
v -10.123613 0.639357 1.559819
v -10.066220 0.666361 1.649832
v 2.028854 0.565759 1.501759
v 1.978838 0.639354 1.558473
v 1.923515 0.666361 1.644815
v 2.152752 0.567006 1.623454
v 2.090748 0.639796 1.668629
v 2.001518 0.666361 1.724465
v 3.890915 0.561599 -0.067745
v 3.916223 0.638037 -0.135330
v 3.935908 0.666361 -0.233982
v 9.696089 0.549679 -0.439733
v 9.639315 0.634003 -0.483588
v 9.542552 0.666361 -0.509694
v 3.533480 0.549679 -10.004663
v 3.590254 0.634003 -9.960808
v 3.687017 0.666361 -9.934702
v 9.355430 0.565375 -10.347989
v 9.330127 0.639259 -10.278845
v 9.303977 0.666361 -10.181580
v 3.714149 0.562784 -0.118890
v 3.751873 0.638512 -0.182450
v 3.805809 0.666361 -0.271488
v 3.583497 0.559072 -0.255354
v 3.635610 0.637197 -0.308920
v 3.726007 0.666361 -0.367656
v 9.646071 0.559072 -0.255354
v 9.595865 0.637195 -0.307879
v 9.510579 0.666361 -0.363825
v 9.515419 0.562784 -0.118890
v 9.477743 0.638512 -0.182372
v 9.423920 0.666361 -0.271219
v 3.583497 0.559072 -10.189042
v 3.633704 0.637195 -10.136518
v 3.718990 0.666361 -10.080571
v 3.714149 0.562784 -10.325505
v 3.751825 0.638512 -10.262024
v 3.805631 0.666361 -10.173199
v 9.525459 0.566038 -10.284624
v 9.487601 0.639507 -10.218257
v 9.428518 0.666361 -10.131518
v 9.648465 0.561859 -10.140034
v 9.596247 0.637967 -10.082472
v 9.503329 0.666361 -10.025270
v 3.863054 0.543077 10.433336
v 3.892950 0.631820 10.379409
v 3.914537 0.666361 10.281549
v 9.712358 0.547787 10.091189
v 9.653650 0.633498 10.068577
v 9.554968 0.666361 10.049707
v 3.517211 0.547787 1.745791
v 3.575918 0.633498 1.768404
v 3.674602 0.666361 1.787273
v 9.366515 0.543077 1.403645
v 9.336618 0.631820 1.457572
v 9.315032 0.666361 1.555432
v 3.690980 0.548403 10.386511
v 3.732707 0.633738 10.338021
v 3.787447 0.666361 10.251271
v 3.564342 0.549947 10.261313
v 3.618909 0.634313 10.225700
v 3.708305 0.666361 10.171921
v 9.665227 0.549947 10.261313
v 9.610938 0.634313 10.225863
v 9.522273 0.666361 10.172512
v 9.538589 0.548403 10.386511
v 9.496240 0.633739 10.336927
v 9.439871 0.666361 10.247313
v 3.564342 0.549947 1.575668
v 3.618631 0.634313 1.611118
v 3.707296 0.666361 1.664469
v 3.690980 0.548403 1.450471
v 3.733329 0.633739 1.500054
v 3.789698 0.666361 1.589669
v 9.538589 0.548403 1.450471
v 9.496861 0.633738 1.498961
v 9.442122 0.666361 1.585710
v 9.665227 0.549947 1.575668
v 9.610661 0.634313 1.611281
v 9.521264 0.666361 1.665061
v -2.927311 0.244629 7.308136
v 0.142139 0.244629 7.308136
v -2.927311 0.244629 2.439966
v 0.142139 0.244629 2.439967
v -2.088878 0.666361 7.190942
v -2.088878 0.605076 7.009739
v -2.088878 0.446383 6.902936
v -2.541160 0.666361 7.184664
v -2.493175 0.607361 7.008228
v -2.438935 0.453256 6.904811
v -1.392585 0.666361 7.190942
v -1.392585 0.605076 7.009739
v -1.392585 0.446383 6.902936
v -0.696292 0.446383 6.902936
v -0.696292 0.605076 7.009739
v -0.696292 0.666361 7.190942
v 0.228012 0.666361 6.266637
v 0.046809 0.605076 6.266637
v -0.059994 0.446383 6.266637
v 0.221734 0.666361 6.718918
v 0.045298 0.607361 6.670933
v -0.058120 0.453256 6.616693
v -2.725178 0.446383 6.266637
v -2.831982 0.605076 6.266637
v -3.013185 0.666361 6.266637
v -3.013185 0.666361 5.570344
v -2.831982 0.605076 5.570344
v -2.725178 0.446383 5.570344
v 0.228012 0.666361 5.570344
v 0.046809 0.605076 5.570344
v -0.059994 0.446383 5.570344
v -3.013185 0.666361 4.874051
v -2.831982 0.605076 4.874051
v -2.725178 0.446383 4.874051
v 0.228012 0.666361 4.874051
v 0.046809 0.605076 4.874051
v -0.059994 0.446383 4.874051
v -3.013185 0.666361 4.177758
v -2.831982 0.605076 4.177758
v -2.725178 0.446383 4.177758
v 0.228012 0.666361 4.177758
v 0.046809 0.605076 4.177758
v -0.059994 0.446383 4.177758
v -3.013185 0.666361 3.481465
v -2.831982 0.605076 3.481465
v -2.725178 0.446383 3.481465
v -0.059994 0.446383 3.481465
v 0.046809 0.605076 3.481465
v 0.228012 0.666361 3.481465
v -3.006906 0.666361 3.029184
v -2.830470 0.607361 3.077169
v -2.727053 0.453256 3.131409
v -2.088878 0.446383 2.845166
v -2.088878 0.605076 2.738363
v -2.088878 0.666361 2.557160
v -1.392585 0.666361 2.557160
v -1.392585 0.605076 2.738363
v -1.392585 0.446383 2.845166
v -0.696292 0.666361 2.557160
v -0.696292 0.605076 2.738363
v -0.696292 0.446383 2.845166
v -0.244012 0.666361 2.563438
v -0.291997 0.607361 2.739874
v -0.346237 0.453256 2.843292
v -2.727053 0.453256 6.616693
v -2.830470 0.607361 6.670933
v -3.006906 0.666361 6.718918
v -0.346237 0.453256 6.904811
v -0.291997 0.607361 7.008228
v -0.244012 0.666361 7.184664
v -2.438935 0.453256 2.843292
v -2.493175 0.607361 2.739874
v -2.541160 0.666361 2.563438
v -0.058120 0.453256 3.131409
v 0.045298 0.607361 3.077169
v 0.221734 0.666361 3.029184
v -2.643820 0.457492 6.821578
v -2.731677 0.609130 6.909435
v -2.870492 0.666361 7.048250
v -0.141352 0.457492 6.821578
v -0.053495 0.609130 6.909435
v 0.085320 0.666361 7.048250
v -2.643820 0.457492 2.926524
v -2.731677 0.609130 2.838667
v -2.870492 0.666361 2.699852
v -0.141352 0.457492 2.926524
v -0.053495 0.609130 2.838667
v 0.085320 0.666361 2.699852
v 6.119822 0.329860 6.653777
v 9.198629 0.329860 6.653777
v 6.119822 0.329860 1.701739
v 9.198629 0.329860 1.701739
v 6.962932 0.666361 6.436946
v 6.966862 0.618583 6.308000
v 6.976745 0.498457 6.241689
v 6.419791 0.666361 6.429870
v 6.456448 0.620550 6.305879
v 6.501138 0.503970 6.242508
v 7.659225 0.666361 6.436666
v 7.659225 0.618509 6.307905
v 7.659225 0.498180 6.241647
v 8.341703 0.498457 6.241689
v 8.351586 0.618583 6.308000
v 8.355517 0.666361 6.436946
v 9.004794 0.513322 5.570344
v 9.083148 0.623951 5.570546
v 9.211908 0.666361 5.571071
v 9.210144 0.666361 6.120733
v 9.082724 0.624635 6.091008
v 9.005399 0.515289 6.065784
v 6.313656 0.513323 5.570344
v 6.235302 0.623951 5.570344
v 6.106542 0.666361 5.570344
v 6.106542 0.666361 4.874051
v 6.235302 0.623951 4.874051
v 6.313656 0.513323 4.874051
v 9.004792 0.513316 4.874051
v 9.083146 0.623949 4.874655
v 9.211902 0.666361 4.876232
v 6.106542 0.666361 4.177758
v 6.235302 0.623951 4.177758
v 6.313656 0.513323 4.177758
v 9.004788 0.513303 4.177758
v 9.083141 0.623945 4.178765
v 9.211888 0.666361 4.181392
v 6.106542 0.666361 3.481465
v 6.235302 0.623951 3.481465
v 6.313656 0.513323 3.481465
v 9.004783 0.513284 3.481465
v 9.083135 0.623939 3.482875
v 9.211868 0.666361 3.486552
v 6.106542 0.666361 2.785172
v 6.235302 0.623951 2.785172
v 6.313656 0.513323 2.785172
v 9.004775 0.513259 2.785172
v 9.083126 0.623932 2.786984
v 9.211843 0.666361 2.791712
v 6.108306 0.666361 2.234783
v 6.235727 0.624635 2.264508
v 6.313052 0.515289 2.289732
v 6.976746 0.498451 2.113828
v 6.966293 0.618590 2.047525
v 6.960934 0.666361 1.918576
v 7.659225 0.498127 2.113876
v 7.657523 0.618493 2.047627
v 7.653244 0.666361 1.918903
v 8.341692 0.498313 2.113848
v 8.348738 0.618497 2.047524
v 8.345538 0.666361 1.918716
v 8.817312 0.503970 2.113008
v 8.862463 0.620550 2.047244
v 8.900293 0.666361 1.917165
v 6.313052 0.515289 6.065784
v 6.235727 0.624635 6.091008
v 6.108306 0.666361 6.120733
v 8.817312 0.503970 6.242508
v 8.862001 0.620550 6.305879
v 8.898659 0.666361 6.429870
v 6.501138 0.503970 2.113008
v 6.456448 0.620550 2.049637
v 6.419791 0.666361 1.925646
v 9.005399 0.515289 2.289732
v 9.082724 0.624635 2.264508
v 9.210144 0.666361 2.234783
v 6.367749 0.513250 6.191632
v 6.299177 0.624012 6.243479
v 6.195818 0.666361 6.342330
v 8.950702 0.513249 6.191632
v 9.017841 0.624007 6.242013
v 9.117443 0.666361 6.337014
v 6.367749 0.513249 2.163883
v 6.300610 0.624007 2.113503
v 6.201007 0.666361 2.018502
v 8.950702 0.513249 2.163883
v 9.019274 0.624012 2.112036
v 9.122632 0.666361 2.013185
v 6.493787 0.346361 -0.923442
v 6.607612 0.346361 -0.876294
v 6.446639 0.346361 -1.037267
v 8.824663 0.346361 -0.923442
v 8.871811 0.346361 -1.037267
v 8.710837 0.346361 -0.876294
v 6.493787 0.346361 -3.950611
v 6.446639 0.346361 -3.836786
v 6.607612 0.346361 -3.997759
v 8.824663 0.346361 -3.950611
v 8.710837 0.346361 -3.997759
v 8.871811 0.346361 -3.836786
v 6.962932 0.561860 -0.755075
v 6.962414 0.638318 -0.679897
v 6.961003 0.666361 -0.576410
v 6.404541 0.666361 -0.580304
v 6.436015 0.640465 -0.679867
v 6.482128 0.569445 -0.750809
v 7.659225 0.561806 -0.755106
v 7.657673 0.638301 -0.679920
v 7.653441 0.666361 -0.576472
v 8.355517 0.561699 -0.755166
v 8.352932 0.638268 -0.679967
v 8.345887 0.666361 -0.576596
v 8.992747 0.561359 -1.392587
v 9.067989 0.638163 -1.397078
v 9.171119 0.666361 -1.409309
v 8.997296 0.569445 -0.911782
v 9.070529 0.640463 -0.865214
v 9.176372 0.666361 -0.832491
v 6.325417 0.561867 -1.392587
v 6.250239 0.638320 -1.392587
v 6.146748 0.666361 -1.392587
v 6.146748 0.666361 -2.088880
v 6.250239 0.638320 -2.088880
v 6.325417 0.561867 -2.088880
v 8.992842 0.561526 -2.088880
v 9.068063 0.638214 -2.092559
v 9.171310 0.666361 -2.102583
v 6.146748 0.666361 -2.785173
v 6.250239 0.638320 -2.785173
v 6.325417 0.561867 -2.785173
v 8.992917 0.561660 -2.785173
v 9.068121 0.638256 -2.788038
v 9.171465 0.666361 -2.795845
v 6.146748 0.666361 -3.481466
v 6.250239 0.638320 -3.481466
v 6.325417 0.561867 -3.481466
v 8.992973 0.561761 -3.481466
v 9.068165 0.638287 -3.483514
v 9.171581 0.666361 -3.489096
v 6.150650 0.666361 -4.039857
v 6.250213 0.640464 -4.008384
v 6.321154 0.569445 -3.962270
v 6.962932 0.561867 -4.118981
v 6.962932 0.638320 -4.194159
v 6.962932 0.666361 -4.297650
v 7.659225 0.666361 -4.297650
v 7.659225 0.638320 -4.194159
v 7.659225 0.561867 -4.118981
v 8.355517 0.666361 -4.297650
v 8.355517 0.638320 -4.194159
v 8.355517 0.561867 -4.118981
v 8.913909 0.666361 -4.293748
v 8.882436 0.640465 -4.194185
v 8.836323 0.569445 -4.123244
v 6.321154 0.569445 -0.911783
v 6.250213 0.640464 -0.865669
v 6.150650 0.666361 -0.834195
v 8.836323 0.569445 -0.750809
v 8.882436 0.640464 -0.679867
v 8.913909 0.666361 -0.580304
v 6.482128 0.569445 -4.123244
v 6.436015 0.640465 -4.194185
v 6.404541 0.666361 -4.293748
v 8.997296 0.569445 -3.962270
v 9.068237 0.640465 -4.008384
v 9.167801 0.666361 -4.039857
v 6.366360 0.572898 -0.796014
v 6.304265 0.641777 -0.733919
v 6.225013 0.666361 -0.654667
v 8.952090 0.572899 -0.796014
v 9.014186 0.641777 -0.733919
v 9.093438 0.666361 -0.654667
v 6.366360 0.572898 -4.078038
v 6.304265 0.641777 -4.140133
v 6.225013 0.666361 -4.219385
v 8.952090 0.572898 -4.078038
v 9.014186 0.641777 -4.140133
v 9.093438 0.666361 -4.219385
v -10.245963 0.666361 -2.200116
v -10.326510 0.640963 -2.211224
v -10.378721 0.574579 -2.204885
v -10.378820 0.574316 -2.875362
v -10.326674 0.640976 -2.880361
v -10.246244 0.666361 -2.871739
v -10.378773 0.574443 -3.545899
v -10.326668 0.641076 -3.549471
v -10.246108 0.666361 -3.543282
v -10.378739 0.574529 -4.216425
v -10.326664 0.641143 -4.218568
v -10.246016 0.666361 -4.214842
v -10.378723 0.574573 -4.886941
v -10.326661 0.641177 -4.887656
v -10.245969 0.666361 -4.886412
v -10.378721 0.574579 -5.557456
v -10.326659 0.641179 -5.556741
v -10.245963 0.666361 -5.557986
v 6.554629 0.329860 6.216637
v 6.990616 0.329860 6.216637
v 6.424090 0.329860 6.164383
v 6.370020 0.329860 6.038231
v 6.370020 0.329860 5.570344
v 6.370020 0.329860 4.874051
v 6.370020 0.329860 4.177758
v 6.370020 0.329860 3.481465
v 6.370020 0.329860 2.785172
v 6.370020 0.329860 2.317285
v 6.424090 0.329860 2.191132
v 6.554629 0.329860 2.138878
v 6.990616 0.329860 2.138878
v 7.659225 0.329860 2.138878
v 8.327833 0.329860 2.138878
v 8.763822 0.329860 2.138878
v 8.894361 0.329860 2.191132
v 8.948431 0.329860 2.317285
v 8.948431 0.329860 2.785172
v 8.948431 0.329860 3.481465
v 8.948431 0.329860 4.177758
v 8.948431 0.329860 4.874051
v 8.948431 0.329860 5.570344
v 8.948431 0.329860 6.038231
v 8.894361 0.329860 6.164383
v 8.763822 0.329860 6.216637
v 8.327833 0.329860 6.216637
v 7.659225 0.329860 6.216637
v -2.377055 0.226361 6.842930
v -2.088878 0.226361 6.842930
v -2.580785 0.226361 6.758543
v -2.665172 0.226361 6.554813
v -2.665172 0.226361 6.266637
v -2.665172 0.226361 5.570344
v -2.665172 0.226361 4.874051
v -2.665172 0.226361 4.177758
v -2.665172 0.226361 3.481465
v -2.665172 0.226361 3.193289
v -2.580785 0.226361 2.989559
v -2.377055 0.226361 2.905172
v -2.088878 0.226361 2.905172
v -1.392585 0.226361 2.905172
v -0.696292 0.226361 2.905172
v -0.408117 0.226361 2.905172
v -0.204388 0.226361 2.989560
v -0.120000 0.226361 3.193290
v -0.120000 0.226361 3.481465
v -0.120000 0.226361 4.177758
v -0.120000 0.226361 4.874051
v -0.120000 0.226361 5.570344
v -0.120000 0.226361 6.266637
v -0.120000 0.226361 6.554813
v -0.204388 0.226361 6.758543
v -0.408117 0.226361 6.842930
v -0.696292 0.226361 6.842930
v -1.392585 0.226361 6.842930
v -9.727850 0.244629 -6.262513
v -9.727850 0.244629 -1.394344
v -6.658401 0.244629 -1.394344
v -6.658401 0.244629 -6.262513
v 6.256375 0.365862 -5.560507
v 6.256375 0.365862 -0.692337
v 9.325825 0.365862 -0.692337
v 9.325825 0.365862 -5.560506
vt 0.419052 0.464604
vt 0.387672 0.464645
vt 0.386458 0.433476
vt 0.417774 0.433199
vt 0.356418 0.464739
vt 0.355384 0.433594
vt 0.325280 0.464811
vt 0.324427 0.433651
vt 0.294226 0.464850
vt 0.293531 0.433675
vt 0.263232 0.464868
vt 0.262670 0.433680
vt 0.232287 0.464868
vt 0.231835 0.433667
vt 0.201395 0.464847
vt 0.201025 0.433630
vt 0.170572 0.464792
vt 0.170247 0.433555
vt 0.139860 0.464651
vt 0.139503 0.433427
vt 0.109336 0.464305
vt 0.108761 0.433268
vt 0.384874 0.402163
vt 0.415401 0.401757
vt 0.354232 0.402315
vt 0.323546 0.402375
vt 0.292834 0.402401
vt 0.262100 0.402411
vt 0.231346 0.402406
vt 0.200575 0.402385
vt 0.169782 0.402347
vt 0.138950 0.402310
vt 0.108032 0.402359
vt 0.383509 0.370709
vt 0.413564 0.370225
vt 0.353218 0.370899
vt 0.322774 0.370986
vt 0.292222 0.371039
vt 0.261588 0.371079
vt 0.230887 0.371111
vt 0.200127 0.371134
vt 0.169306 0.371161
vt 0.138411 0.371222
vt 0.107423 0.371391
vt 0.382677 0.339268
vt 0.412630 0.338996
vt 0.352554 0.339412
vt 0.322248 0.339519
vt 0.291787 0.339616
vt 0.261203 0.339709
vt 0.230521 0.339796
vt 0.199754 0.339882
vt 0.168906 0.339979
vt 0.137977 0.340114
vt 0.106969 0.340338
vt 0.382407 0.307811
vt 0.412269 0.307876
vt 0.352337 0.307881
vt 0.322050 0.308015
vt 0.291589 0.308169
vt 0.260995 0.308326
vt 0.230294 0.308479
vt 0.199501 0.308632
vt 0.168624 0.308793
vt 0.137670 0.308981
vt 0.106656 0.309221
vt 0.382797 0.276251
vt 0.412625 0.276532
vt 0.352609 0.276330
vt 0.322201 0.276520
vt 0.291645 0.276738
vt 0.260978 0.276960
vt 0.230221 0.277178
vt 0.199383 0.277393
vt 0.168470 0.277609
vt 0.137491 0.277833
vt 0.106465 0.278072
vt 0.383905 0.244665
vt 0.414293 0.244705
vt 0.353314 0.244846
vt 0.322641 0.245094
vt 0.291910 0.245362
vt 0.261127 0.245635
vt 0.230289 0.245907
vt 0.199394 0.246176
vt 0.168440 0.246439
vt 0.137431 0.246689
vt 0.106376 0.246921
vt 0.385282 0.213330
vt 0.416669 0.213233
vt 0.354187 0.213524
vt 0.323217 0.213778
vt 0.292297 0.214063
vt 0.261387 0.214365
vt 0.230464 0.214675
vt 0.199511 0.214987
vt 0.168519 0.215291
vt 0.137483 0.215569
vt 0.106409 0.215795
vt 0.386184 0.182122
vt 0.417672 0.181938
vt 0.354905 0.182312
vt 0.323764 0.182550
vt 0.292706 0.182831
vt 0.261694 0.183144
vt 0.230698 0.183479
vt 0.199700 0.183826
vt 0.168682 0.184171
vt 0.137629 0.184484
vt 0.106533 0.184719
vt 0.578545 0.181625
vt 0.546701 0.180085
vt 0.545802 0.150030
vt 0.577555 0.150652
vt 0.514113 0.179150
vt 0.513670 0.149544
vt 0.481559 0.179937
vt 0.481569 0.149799
vt 0.449436 0.181493
vt 0.449775 0.150428
vt 0.418199 0.150766
vt 0.386761 0.150960
vt 0.355441 0.151146
vt 0.324222 0.151372
vt 0.293080 0.151644
vt 0.261995 0.151959
vt 0.230947 0.152308
vt 0.199920 0.152684
vt 0.168896 0.153071
vt 0.137851 0.153438
vt 0.106758 0.153716
vt 0.545049 0.119765
vt 0.576659 0.120084
vt 0.513332 0.119351
vt 0.481628 0.119282
vt 0.450050 0.119473
vt 0.418583 0.119661
vt 0.387188 0.119825
vt 0.355858 0.120003
vt 0.324594 0.120221
vt 0.293395 0.120486
vt 0.262254 0.120798
vt 0.231166 0.121152
vt 0.200122 0.121546
vt 0.169113 0.121974
vt 0.138117 0.122415
vt 0.107090 0.122798
vt 0.544477 0.089325
vt 0.575744 0.089808
vt 0.513185 0.088766
vt 0.481793 0.088501
vt 0.450370 0.088487
vt 0.418956 0.088578
vt 0.387566 0.088712
vt 0.356210 0.088883
vt 0.324899 0.089096
vt 0.293643 0.089356
vt 0.262445 0.089660
vt 0.231311 0.090008
vt 0.200245 0.090402
vt 0.169253 0.090851
vt 0.138338 0.091366
vt 0.107482 0.091928
vt 0.544428 0.058571
vt 0.574895 0.059701
vt 0.513488 0.057851
vt 0.482230 0.057528
vt 0.450831 0.057454
vt 0.419389 0.057508
vt 0.387948 0.057629
vt 0.356530 0.057798
vt 0.325150 0.058008
vt 0.293820 0.058263
vt 0.262548 0.058556
vt 0.231344 0.058887
vt 0.200220 0.059257
vt 0.169200 0.059681
vt 0.138321 0.060206
vt 0.107647 0.060926
vt 0.450686 0.464903
vt 0.450335 0.432115
vt 0.579599 0.929230
vt 0.549330 0.929948
vt 0.549845 0.898996
vt 0.580730 0.898900
vt 0.518856 0.930625
vt 0.519078 0.899396
vt 0.488121 0.931053
vt 0.488281 0.899772
vt 0.457205 0.931330
vt 0.457405 0.900069
vt 0.426169 0.931529
vt 0.426446 0.900298
vt 0.395046 0.931684
vt 0.395408 0.900480
vt 0.363854 0.931818
vt 0.364293 0.900635
vt 0.332603 0.931948
vt 0.333104 0.900785
vt 0.301291 0.932086
vt 0.301840 0.900963
vt 0.269920 0.932245
vt 0.270493 0.901217
vt 0.238476 0.932381
vt 0.239025 0.901513
vt 0.206993 0.932358
vt 0.207446 0.901579
vt 0.175578 0.932076
vt 0.175894 0.901239
vt 0.144373 0.931512
vt 0.144516 0.900580
vt 0.113507 0.930657
vt 0.113323 0.899886
vt 0.550566 0.868107
vt 0.581697 0.868288
vt 0.519584 0.868275
vt 0.488672 0.868541
vt 0.457767 0.868801
vt 0.426833 0.869028
vt 0.395846 0.869223
vt 0.364786 0.869394
vt 0.333633 0.869559
vt 0.302375 0.869772
vt 0.270998 0.870164
vt 0.239428 0.870819
vt 0.207637 0.871095
vt 0.175821 0.870674
vt 0.144185 0.869810
vt 0.112728 0.869258
vt 0.551186 0.837149
vt 0.582353 0.837385
vt 0.520116 0.837183
vt 0.489134 0.837341
vt 0.458205 0.837537
vt 0.427294 0.837736
vt 0.396363 0.837928
vt 0.365373 0.838109
vt 0.334270 0.838280
vt 0.302993 0.838490
vt 0.271467 0.839024
vt 0.239644 0.840463
vt 0.207597 0.841094
vt 0.175531 0.840455
vt 0.143660 0.838969
vt 0.111926 0.838529
vt 0.551644 0.806097
vt 0.582788 0.806295
vt 0.520557 0.806067
vt 0.489556 0.806137
vt 0.458635 0.806258
vt 0.427774 0.806409
vt 0.396943 0.806580
vt 0.366097 0.806765
vt 0.335169 0.806941
vt 0.304030 0.807063
vt 0.110748 0.807518
vt 0.551934 0.774973
vt 0.583059 0.775101
vt 0.520854 0.774913
vt 0.489864 0.774906
vt 0.458979 0.774941
vt 0.428197 0.775018
vt 0.397511 0.775138
vt 0.366918 0.775298
vt 0.336428 0.775455
vt 0.306125 0.775432
vt 0.552049 0.743816
vt 0.583167 0.743872
vt 0.520978 0.743731
vt 0.490009 0.743642
vt 0.459165 0.743575
vt 0.428457 0.743549
vt 0.397901 0.743577
vt 0.367529 0.743656
vt 0.337402 0.743744
vt 0.307602 0.743670
vt 0.551983 0.712672
vt 0.583121 0.712663
vt 0.520916 0.712544
vt 0.489967 0.712355
vt 0.459151 0.712168
vt 0.428476 0.712020
vt 0.397965 0.711928
vt 0.367665 0.711900
vt 0.337651 0.711934
vt 0.307994 0.712024
vt 0.551727 0.681590
vt 0.582898 0.681546
vt 0.520672 0.681372
vt 0.489750 0.681055
vt 0.458942 0.680740
vt 0.428241 0.680473
vt 0.397658 0.680267
vt 0.367232 0.680132
vt 0.337022 0.680110
vt 0.307102 0.680361
vt 0.551277 0.650602
vt 0.582444 0.650616
vt 0.520296 0.650212
vt 0.489428 0.649743
vt 0.458612 0.649316
vt 0.427825 0.648960
vt 0.397068 0.648675
vt 0.366352 0.648468
vt 0.335697 0.648381
vt 0.305167 0.648581
vt 0.550708 0.619679
vt 0.581667 0.620000
vt 0.519934 0.619016
vt 0.489149 0.618406
vt 0.458294 0.617913
vt 0.427369 0.617523
vt 0.396377 0.617218
vt 0.365304 0.616999
vt 0.334096 0.616898
vt 0.302629 0.617048
vt 0.550407 0.588638
vt 0.580630 0.589735
vt 0.519914 0.587706
vt 0.489125 0.587050
vt 0.458138 0.586567
vt 0.427014 0.586197
vt 0.395775 0.585917
vt 0.364412 0.585727
vt 0.332896 0.585634
vt 0.301236 0.585596
vt 0.269268 0.585245
vt 0.932375 0.464709
vt 0.902034 0.465755
vt 0.902975 0.434634
vt 0.933678 0.434278
vt 0.871247 0.466666
vt 0.872557 0.435113
vt 0.903952 0.403450
vt 0.934742 0.403482
vt 0.873607 0.403602
vt 0.904327 0.372202
vt 0.935188 0.372354
vt 0.873784 0.372304
vt 0.904101 0.340946
vt 0.935131 0.341102
vt 0.873233 0.340987
vt 0.903528 0.309792
vt 0.934808 0.309885
vt 0.872045 0.309819
vt 0.903178 0.278765
vt 0.934515 0.278762
vt 0.871722 0.278677
vt 0.840094 0.278309
vt 0.903028 0.247768
vt 0.934321 0.247684
vt 0.871655 0.247684
vt 0.840234 0.247307
vt 0.808433 0.277053
vt 0.808686 0.246598
vt 0.776666 0.276368
vt 0.777047 0.246058
vt 0.744918 0.276374
vt 0.745451 0.245809
vt 0.713337 0.276860
vt 0.714055 0.245650
vt 0.902942 0.216804
vt 0.934189 0.216643
vt 0.871648 0.216744
vt 0.840325 0.216444
vt 0.808927 0.215965
vt 0.777472 0.215495
vt 0.746041 0.215080
vt 0.714733 0.214587
vt 0.902840 0.185890
vt 0.934055 0.185656
vt 0.871627 0.185848
vt 0.840427 0.185594
vt 0.809202 0.185214
vt 0.777936 0.184787
vt 0.746652 0.184297
vt 0.715400 0.183625
vt 0.902658 0.155034
vt 0.933842 0.154759
vt 0.871562 0.154955
vt 0.840535 0.154691
vt 0.809519 0.154356
vt 0.778462 0.153985
vt 0.747337 0.153511
vt 0.716143 0.152757
vt 0.902335 0.124232
vt 0.933437 0.124029
vt 0.871438 0.124009
vt 0.840648 0.123675
vt 0.809877 0.123363
vt 0.779067 0.123088
vt 0.748160 0.122743
vt 0.717087 0.122048
vt 0.901890 0.093425
vt 0.932685 0.093581
vt 0.871328 0.092928
vt 0.840799 0.092492
vt 0.810254 0.092200
vt 0.779697 0.092054
vt 0.749106 0.091966
vt 0.718367 0.091600
vt 0.901691 0.062419
vt 0.931657 0.063405
vt 0.871491 0.061638
vt 0.841071 0.061147
vt 0.810575 0.060872
vt 0.780131 0.060827
vt 0.749876 0.061044
vt 0.719796 0.061347
vt 0.928766 0.936744
vt 0.898651 0.937384
vt 0.899443 0.906285
vt 0.930298 0.906364
vt 0.868361 0.938016
vt 0.868761 0.906609
vt 0.837836 0.938401
vt 0.838085 0.906958
vt 0.807198 0.938529
vt 0.807351 0.907183
vt 0.776605 0.938381
vt 0.776570 0.907167
vt 0.746247 0.937818
vt 0.745743 0.906936
vt 0.716139 0.936979
vt 0.714722 0.906970
vt 0.900385 0.875264
vt 0.931587 0.875675
vt 0.869346 0.875354
vt 0.838373 0.875682
vt 0.807339 0.876087
vt 0.776177 0.876303
vt 0.744898 0.876350
vt 0.713516 0.876670
vt 0.901198 0.844175
vt 0.932540 0.844641
vt 0.869897 0.844160
vt 0.838621 0.844547
vt 0.807241 0.845311
vt 0.775686 0.845792
vt 0.744054 0.845893
vt 0.712505 0.846020
vt 0.901920 0.812982
vt 0.933331 0.813375
vt 0.870407 0.812924
vt 0.838779 0.813420
vt 0.806997 0.814947
vt 0.775147 0.815701
vt 0.743280 0.815591
vt 0.711576 0.814968
vt 0.902729 0.781688
vt 0.934105 0.781948
vt 0.871169 0.781546
vt 0.903757 0.750251
vt 0.934843 0.750367
vt 0.872826 0.749986
vt 0.904408 0.718651
vt 0.935271 0.718642
vt 0.873818 0.718394
vt 0.904299 0.687048
vt 0.935106 0.686922
vt 0.873883 0.686943
vt 0.903233 0.655560
vt 0.934169 0.655428
vt 0.872703 0.655535
vt 0.901475 0.624248
vt 0.932468 0.624421
vt 0.870762 0.624001
vt 0.899820 0.592962
vt 0.930327 0.593969
vt 0.868748 0.592382
vt 0.590019 0.400299
vt 0.586285 0.400559
vt 0.588718 0.369521
vt 0.592598 0.369225
vt 0.582587 0.400269
vt 0.584819 0.369442
vt 0.546634 0.204921
vt 0.546412 0.208485
vt 0.514548 0.207244
vt 0.514518 0.203605
vt 0.546104 0.212027
vt 0.514581 0.210892
vt 0.514553 0.434116
vt 0.514541 0.437826
vt 0.482996 0.437046
vt 0.483289 0.433433
vt 0.514530 0.441534
vt 0.482784 0.440681
vt 0.445040 0.277713
vt 0.441324 0.277488
vt 0.443176 0.246203
vt 0.446753 0.246668
vt 0.437612 0.277279
vt 0.439572 0.245828
vt 0.482202 0.204696
vt 0.449601 0.213898
vt 0.579644 0.416426
vt 0.567676 0.406175
vt 0.568054 0.397877
vt 0.569402 0.368136
vt 0.585965 0.338673
vt 0.570652 0.338247
vt 0.585283 0.308558
vt 0.569779 0.309171
vt 0.584090 0.278301
vt 0.568712 0.279607
vt 0.582180 0.247501
vt 0.567688 0.250135
vt 0.564223 0.214641
vt 0.556226 0.226977
vt 0.544409 0.226533
vt 0.567390 0.238417
vt 0.579515 0.229676
vt 0.514763 0.225551
vt 0.482923 0.211881
vt 0.484917 0.226106
vt 0.475137 0.226347
vt 0.466631 0.213960
vt 0.577578 0.464386
vt 0.546517 0.466065
vt 0.546317 0.440711
vt 0.566411 0.438550
vt 0.514692 0.466945
vt 0.482550 0.466348
vt 0.463928 0.438666
vt 0.466712 0.431597
vt 0.474955 0.417409
vt 0.484947 0.417575
vt 0.514728 0.418004
vt 0.544427 0.417941
vt 0.545870 0.433497
vt 0.555973 0.417897
vt 0.563826 0.431614
vt 0.440596 0.400504
vt 0.443361 0.418482
vt 0.438838 0.369145
vt 0.438058 0.338511
vt 0.437567 0.308012
vt 0.442428 0.227323
vt 0.449366 0.230432
vt 0.462047 0.238812
vt 0.461482 0.249101
vt 0.459997 0.278543
vt 0.460452 0.308033
vt 0.445154 0.308041
vt 0.461052 0.337916
vt 0.445673 0.338314
vt 0.461689 0.367832
vt 0.446358 0.368691
vt 0.462240 0.397315
vt 0.447828 0.399613
vt 0.462396 0.404536
vt 0.450009 0.414794
vt 0.455588 0.219806
vt 0.466182 0.230121
vt 0.466125 0.413457
vt 0.455976 0.425837
vt 0.566911 0.207660
vt 0.571151 0.217638
vt 0.561854 0.228710
vt 0.576581 0.222831
vt 0.565780 0.232910
vt 0.575755 0.210981
vt 0.573810 0.426396
vt 0.564017 0.414457
vt 0.579293 0.432476
vt 0.599091 0.458125
vt 0.582781 0.418689
vt 0.586272 0.420203
vt 0.589840 0.338642
vt 0.593697 0.338348
vt 0.589186 0.308339
vt 0.593071 0.307978
vt 0.587928 0.277950
vt 0.591760 0.277569
vt 0.585813 0.246961
vt 0.589474 0.246550
vt 0.582836 0.227845
vt 0.586388 0.226606
vt 0.565875 0.211266
vt 0.482520 0.208298
vt 0.464762 0.210671
vt 0.463460 0.207126
vt 0.546126 0.437095
vt 0.565329 0.434987
vt 0.465091 0.435028
vt 0.444225 0.400098
vt 0.446850 0.417016
vt 0.442596 0.368926
vt 0.441863 0.338416
vt 0.441358 0.308028
vt 0.446022 0.228634
vt 0.452654 0.216941
vt 0.453302 0.428955
vt 0.573559 0.214427
vt 0.579679 0.220364
vt 0.583186 0.218069
vt 0.576410 0.429456
vt 0.574536 0.480496
vt 0.574141 0.485124
vt 0.543688 0.486587
vt 0.544071 0.482000
vt 0.574475 0.489754
vt 0.543902 0.491194
vt 0.048874 0.456540
vt 0.044170 0.456925
vt 0.042431 0.427783
vt 0.047166 0.427572
vt 0.039615 0.458270
vt 0.037782 0.428792
vt 0.606860 0.094992
vt 0.602131 0.095629
vt 0.600782 0.066779
vt 0.605451 0.065897
vt 0.597393 0.095084
vt 0.596081 0.066245
vt 0.140470 0.034692
vt 0.140595 0.039356
vt 0.110278 0.039916
vt 0.110073 0.035211
vt 0.140256 0.044008
vt 0.109915 0.044611
vt 0.575165 0.950050
vt 0.574884 0.954725
vt 0.545429 0.956019
vt 0.545768 0.951292
vt 0.575593 0.959380
vt 0.545916 0.960744
vt 0.054722 0.926308
vt 0.050058 0.926668
vt 0.048486 0.897395
vt 0.053202 0.897204
vt 0.045437 0.927455
vt 0.043791 0.897902
vt 0.610500 0.621821
vt 0.605805 0.622170
vt 0.604368 0.592651
vt 0.609003 0.592100
vt 0.601108 0.621995
vt 0.599717 0.592506
vt 0.142396 0.556866
vt 0.142867 0.561564
vt 0.112100 0.563381
vt 0.111498 0.558627
vt 0.142639 0.566291
vt 0.111870 0.568171
vt 0.930187 0.485043
vt 0.930113 0.489688
vt 0.900674 0.491321
vt 0.900759 0.486608
vt 0.930423 0.494338
vt 0.900836 0.496029
vt 0.691345 0.463048
vt 0.686497 0.463104
vt 0.683010 0.432716
vt 0.687706 0.432755
vt 0.681767 0.464058
vt 0.678359 0.433396
vt 0.964068 0.095162
vt 0.959337 0.095823
vt 0.957729 0.066423
vt 0.962371 0.065487
vt 0.954580 0.095774
vt 0.953029 0.066460
vt 0.751286 0.030813
vt 0.751373 0.035539
vt 0.722457 0.036633
vt 0.721888 0.032074
vt 0.751238 0.040253
vt 0.722919 0.041206
vt 0.926787 0.960074
vt 0.926884 0.964824
vt 0.897693 0.966282
vt 0.897693 0.961460
vt 0.927339 0.969574
vt 0.897903 0.971096
vt 0.694144 0.936469
vt 0.689456 0.936713
vt 0.687311 0.907210
vt 0.692093 0.907077
vt 0.684771 0.937092
vt 0.682533 0.907390
vt 0.964694 0.624299
vt 0.959909 0.624434
vt 0.957217 0.594389
vt 0.961923 0.594033
vt 0.955122 0.624521
vt 0.952505 0.594608
vt 0.740553 0.556616
vt 0.740884 0.561315
vt 0.710206 0.565392
vt 0.709626 0.560555
vt 0.741012 0.566010
vt 0.710434 0.570276
vt 0.512650 0.482570
vt 0.480985 0.482049
vt 0.449585 0.481065
vt 0.418404 0.480721
vt 0.387382 0.480696
vt 0.356464 0.480765
vt 0.325639 0.480831
vt 0.294884 0.480884
vt 0.264190 0.480912
vt 0.233547 0.480924
vt 0.202956 0.480922
vt 0.172430 0.480904
vt 0.142008 0.480838
vt 0.111805 0.480612
vt 0.046244 0.397992
vt 0.045701 0.368126
vt 0.045339 0.338129
vt 0.045088 0.308072
vt 0.044923 0.277991
vt 0.044838 0.247907
vt 0.044794 0.217840
vt 0.044824 0.187812
vt 0.599983 0.184382
vt 0.599054 0.154305
vt 0.044939 0.157853
vt 0.598253 0.124534
vt 0.045199 0.128027
vt 0.045802 0.098481
vt 0.047158 0.069529
vt 0.542322 0.042432
vt 0.572302 0.043749
vt 0.511646 0.041774
vt 0.480670 0.041500
vt 0.449579 0.041442
vt 0.418458 0.041499
vt 0.387344 0.041623
vt 0.356255 0.041793
vt 0.325203 0.042006
vt 0.294199 0.042250
vt 0.263252 0.042533
vt 0.232368 0.042847
vt 0.201559 0.043191
vt 0.170842 0.043569
vt 0.593769 0.487680
vt 0.608853 0.509926
vt 0.580002 0.515626
vt 0.622847 0.496275
vt 0.605686 0.476116
vt 0.608619 0.458708
vt 0.631038 0.468914
vt 0.547362 0.517483
vt 0.512482 0.491656
vt 0.515068 0.517872
vt 0.480890 0.491188
vt 0.483012 0.517483
vt 0.449560 0.490357
vt 0.451364 0.516788
vt 0.418465 0.489995
vt 0.420040 0.516393
vt 0.387511 0.489944
vt 0.388835 0.516308
vt 0.356646 0.490004
vt 0.357669 0.516361
vt 0.325860 0.490069
vt 0.326536 0.516449
vt 0.295137 0.490126
vt 0.295455 0.516496
vt 0.264472 0.490158
vt 0.264422 0.516531
vt 0.233859 0.490174
vt 0.233434 0.516552
vt 0.203294 0.490181
vt 0.202482 0.516569
vt 0.172784 0.490180
vt 0.171546 0.516599
vt 0.142353 0.490158
vt 0.140563 0.516684
vt 0.112089 0.490017
vt 0.109336 0.516861
vt 0.039683 0.510873
vt 0.053972 0.487471
vt 0.042176 0.475984
vt 0.025325 0.496665
vt 0.017219 0.468769
vt 0.014292 0.435987
vt 0.036871 0.398839
vt 0.013286 0.404119
vt 0.036347 0.368731
vt 0.012760 0.372653
vt 0.035995 0.338557
vt 0.012411 0.341333
vt 0.035747 0.308349
vt 0.012165 0.310061
vt 0.035582 0.278126
vt 0.011997 0.278806
vt 0.035494 0.247905
vt 0.011887 0.247561
vt 0.035448 0.217698
vt 0.011847 0.216323
vt 0.035470 0.187520
vt 0.011858 0.185087
vt 0.609501 0.184362
vt 0.608472 0.154396
vt 0.632051 0.150709
vt 0.633131 0.181525
vt 0.035570 0.157385
vt 0.011938 0.153812
vt 0.607692 0.124588
vt 0.631283 0.119747
vt 0.035807 0.127318
vt 0.012155 0.122392
vt 0.630410 0.088434
vt 0.036393 0.097398
vt 0.012806 0.090558
vt 0.628047 0.056260
vt 0.037874 0.067932
vt 0.015330 0.057770
vt 0.607284 0.014994
vt 0.591604 0.036810
vt 0.572471 0.034538
vt 0.578581 0.008801
vt 0.603150 0.048519
vt 0.620877 0.028938
vt 0.542324 0.033144
vt 0.546156 0.006765
vt 0.511555 0.032517
vt 0.514303 0.006143
vt 0.480555 0.032264
vt 0.482671 0.005912
vt 0.449477 0.032211
vt 0.451128 0.005859
vt 0.418385 0.032268
vt 0.419637 0.005913
vt 0.387308 0.032391
vt 0.388191 0.006033
vt 0.356259 0.032561
vt 0.356787 0.006200
vt 0.325249 0.032775
vt 0.325427 0.006400
vt 0.294288 0.033017
vt 0.294117 0.006658
vt 0.263380 0.033296
vt 0.262863 0.006940
vt 0.232535 0.033606
vt 0.231665 0.007249
vt 0.201759 0.033941
vt 0.200520 0.007577
vt 0.171062 0.034299
vt 0.169412 0.007908
vt 0.138279 0.008200
vt 0.106929 0.008417
vt 0.023055 0.029772
vt 0.040217 0.050190
vt 0.051853 0.038541
vt 0.037214 0.015355
vt 0.515686 0.951900
vt 0.485325 0.952231
vt 0.454828 0.952446
vt 0.424248 0.952606
vt 0.393606 0.952737
vt 0.362910 0.952854
vt 0.332163 0.952965
vt 0.301379 0.953089
vt 0.270543 0.953211
vt 0.239653 0.953296
vt 0.208740 0.953266
vt 0.177884 0.953059
vt 0.147206 0.952658
vt 0.116887 0.952005
vt 0.598650 0.926584
vt 0.600192 0.897080
vt 0.601096 0.866868
vt 0.052309 0.867493
vt 0.601668 0.836351
vt 0.051556 0.837492
vt 0.602049 0.805686
vt 0.050634 0.807324
vt 0.602280 0.774946
vt 0.049555 0.776927
vt 0.108701 0.776378
vt 0.602399 0.744176
vt 0.048657 0.746386
vt 0.107350 0.745181
vt 0.602376 0.713423
vt 0.048013 0.715841
vt 0.106767 0.714248
vt 0.602203 0.682740
vt 0.047737 0.685321
vt 0.106697 0.683352
vt 0.601829 0.652208
vt 0.047879 0.654915
vt 0.107364 0.652226
vt 0.048502 0.624869
vt 0.108636 0.621060
vt 0.049726 0.595582
vt 0.108704 0.589802
vt 0.546984 0.567274
vt 0.576393 0.568826
vt 0.516851 0.566398
vt 0.486403 0.565829
vt 0.455787 0.565405
vt 0.425054 0.565076
vt 0.394216 0.564828
vt 0.363269 0.564661
vt 0.332207 0.564564
vt 0.301015 0.564442
vt 0.269651 0.564114
vt 0.236999 0.583956
vt 0.238006 0.563405
vt 0.204437 0.583724
vt 0.206038 0.563321
vt 0.172002 0.585141
vt 0.174105 0.564373
vt 0.140084 0.587792
vt 0.591083 0.957436
vt 0.608189 0.976079
vt 0.583354 0.982268
vt 0.625673 0.958749
vt 0.605823 0.942922
vt 0.607918 0.927066
vt 0.631792 0.933614
vt 0.550889 0.984571
vt 0.515653 0.961318
vt 0.519224 0.985161
vt 0.485202 0.961617
vt 0.487883 0.985427
vt 0.454664 0.961814
vt 0.456644 0.985608
vt 0.424068 0.961965
vt 0.425422 0.985752
vt 0.393423 0.962090
vt 0.394189 0.985875
vt 0.362733 0.962203
vt 0.362935 0.985986
vt 0.331998 0.962310
vt 0.331656 0.986103
vt 0.301229 0.962430
vt 0.300330 0.986203
vt 0.270410 0.962539
vt 0.268966 0.986299
vt 0.239542 0.962610
vt 0.237557 0.986351
vt 0.208654 0.962574
vt 0.206121 0.986302
vt 0.177813 0.962387
vt 0.174694 0.986127
vt 0.147111 0.962045
vt 0.143269 0.985873
vt 0.116684 0.961496
vt 0.111643 0.985572
vt 0.045396 0.977647
vt 0.062153 0.957760
vt 0.047435 0.943400
vt 0.027601 0.959455
vt 0.021472 0.933921
vt 0.609583 0.897336
vt 0.634311 0.901233
vt 0.019001 0.901594
vt 0.610458 0.866981
vt 0.635192 0.869531
vt 0.042915 0.867897
vt 0.018125 0.870204
vt 0.610998 0.836401
vt 0.635699 0.838099
vt 0.042188 0.837745
vt 0.017444 0.839261
vt 0.611363 0.805717
vt 0.636053 0.806741
vt 0.041312 0.807490
vt 0.016626 0.808458
vt 0.611585 0.774981
vt 0.636302 0.775386
vt 0.040304 0.777057
vt 0.015687 0.777584
vt 0.611706 0.744219
vt 0.636395 0.744029
vt 0.039431 0.746485
vt 0.014825 0.746582
vt 0.611689 0.713470
vt 0.636383 0.712667
vt 0.038792 0.715878
vt 0.014191 0.715482
vt 0.611533 0.682770
vt 0.636245 0.681290
vt 0.038488 0.685266
vt 0.013844 0.684296
vt 0.611190 0.652177
vt 0.635941 0.649841
vt 0.038557 0.654715
vt 0.013815 0.652953
vt 0.635253 0.618138
vt 0.039086 0.624388
vt 0.014249 0.621256
vt 0.632942 0.585765
vt 0.040392 0.594641
vt 0.016275 0.588723
vt 0.609687 0.543114
vt 0.592395 0.561600
vt 0.576906 0.559497
vt 0.584897 0.536688
vt 0.607029 0.576237
vt 0.627025 0.560594
vt 0.547207 0.557827
vt 0.552407 0.534054
vt 0.516880 0.556978
vt 0.520655 0.533167
vt 0.486325 0.556436
vt 0.489175 0.532642
vt 0.455648 0.556028
vt 0.457746 0.532239
vt 0.424872 0.555708
vt 0.426281 0.531919
vt 0.394001 0.555466
vt 0.394748 0.531676
vt 0.363030 0.555303
vt 0.363137 0.531507
vt 0.331957 0.555200
vt 0.331454 0.531381
vt 0.300771 0.555058
vt 0.299689 0.531240
vt 0.269420 0.554733
vt 0.267770 0.530914
vt 0.237781 0.554173
vt 0.235501 0.530496
vt 0.205831 0.554161
vt 0.202878 0.530615
vt 0.173903 0.555145
vt 0.170260 0.531612
vt 0.137989 0.533161
vt 0.105901 0.534648
vt 0.021958 0.562995
vt 0.042152 0.578598
vt 0.056666 0.563849
vt 0.039419 0.544368
vt 0.870472 0.487560
vt 0.839605 0.488512
vt 0.953844 0.461469
vt 0.955623 0.431915
vt 0.956531 0.401490
vt 0.956865 0.370735
vt 0.956814 0.339907
vt 0.956564 0.309135
vt 0.956297 0.278449
vt 0.956105 0.247829
vt 0.691458 0.276364
vt 0.692271 0.245559
vt 0.955962 0.217250
vt 0.692948 0.214922
vt 0.955829 0.186707
vt 0.693600 0.184360
vt 0.955644 0.156220
vt 0.694305 0.153866
vt 0.955301 0.125851
vt 0.695178 0.123488
vt 0.696435 0.093395
vt 0.698692 0.061927
vt 0.900693 0.041622
vt 0.929711 0.043087
vt 0.870990 0.040850
vt 0.841026 0.040398
vt 0.810978 0.040157
vt 0.780990 0.040061
vt 0.945172 0.492395
vt 0.958357 0.513022
vt 0.934821 0.518460
vt 0.977855 0.493888
vt 0.961079 0.476469
vt 0.963204 0.462382
vt 0.984617 0.470495
vt 0.902890 0.520940
vt 0.870492 0.496984
vt 0.871591 0.521904
vt 0.839741 0.497984
vt 0.840469 0.522862
vt 0.808589 0.499693
vt 0.809002 0.524313
vt 0.777237 0.500412
vt 0.776809 0.525186
vt 0.746002 0.499480
vt 0.744283 0.524199
vt 0.715642 0.496636
vt 0.711633 0.520988
vt 0.687633 0.515518
vt 0.700541 0.494655
vt 0.684026 0.478525
vt 0.667466 0.496152
vt 0.660267 0.472242
vt 0.965116 0.432459
vt 0.987629 0.437513
vt 0.656094 0.438548
vt 0.965981 0.401789
vt 0.988529 0.405273
vt 0.676899 0.401812
vt 0.654503 0.405131
vt 0.966285 0.370896
vt 0.988823 0.373342
vt 0.677163 0.370129
vt 0.654650 0.371979
vt 0.966236 0.339985
vt 0.988783 0.341591
vt 0.678590 0.338513
vt 0.656037 0.339290
vt 0.966002 0.309152
vt 0.988561 0.310015
vt 0.680728 0.307167
vt 0.658048 0.307263
vt 0.965742 0.278418
vt 0.988314 0.278592
vt 0.681994 0.276164
vt 0.659424 0.275805
vt 0.965549 0.247759
vt 0.988099 0.247259
vt 0.682832 0.245353
vt 0.660300 0.244482
vt 0.965402 0.217138
vt 0.987948 0.215968
vt 0.683513 0.214679
vt 0.660991 0.213169
vt 0.965270 0.186544
vt 0.987816 0.184670
vt 0.684162 0.184059
vt 0.661648 0.181848
vt 0.965093 0.155981
vt 0.987645 0.153319
vt 0.684858 0.153479
vt 0.662350 0.150466
vt 0.964771 0.125480
vt 0.987338 0.121831
vt 0.685710 0.122956
vt 0.663203 0.118928
vt 0.986586 0.089982
vt 0.686964 0.092611
vt 0.664556 0.087008
vt 0.983775 0.057280
vt 0.689447 0.060762
vt 0.668138 0.054376
vt 0.957758 0.015004
vt 0.944610 0.035674
vt 0.930006 0.033795
vt 0.934417 0.009669
vt 0.960354 0.051479
vt 0.977128 0.034016
vt 0.900827 0.032210
vt 0.902877 0.007308
vt 0.871050 0.031465
vt 0.872039 0.006518
vt 0.841091 0.031034
vt 0.841505 0.006222
vt 0.811077 0.030792
vt 0.811069 0.005975
vt 0.781101 0.030684
vt 0.780545 0.005859
vt 0.749681 0.006249
vt 0.718069 0.007479
vt 0.674932 0.031880
vt 0.691351 0.051233
vt 0.706731 0.034595
vt 0.694422 0.012696
vt 0.867764 0.962065
vt 0.837523 0.962329
vt 0.807187 0.962437
vt 0.776913 0.962309
vt 0.746934 0.961729
vt 0.717818 0.960221
vt 0.950686 0.936306
vt 0.952910 0.906590
vt 0.954182 0.875924
vt 0.690907 0.876798
vt 0.955088 0.844861
vt 0.689955 0.846114
vt 0.955858 0.813598
vt 0.688929 0.815166
vt 0.956573 0.782178
vt 0.687339 0.783745
vt 0.957225 0.750591
vt 0.957577 0.718872
vt 0.957432 0.687129
vt 0.956648 0.655567
vt 0.898521 0.568925
vt 0.928169 0.570559
vt 0.867833 0.568162
vt 0.836456 0.567271
vt 0.942464 0.967371
vt 0.956275 0.984375
vt 0.931825 0.991057
vt 0.975316 0.965628
vt 0.957502 0.952739
vt 0.960032 0.936993
vt 0.982620 0.940866
vt 0.899687 0.993343
vt 0.867782 0.971662
vt 0.868435 0.993844
vt 0.837469 0.971896
vt 0.837528 0.994022
vt 0.807097 0.971979
vt 0.806684 0.994141
vt 0.776755 0.971875
vt 0.775725 0.994021
vt 0.746588 0.971317
vt 0.744434 0.993496
vt 0.717132 0.969675
vt 0.712302 0.991055
vt 0.687944 0.984203
vt 0.702016 0.967378
vt 0.687141 0.952724
vt 0.669147 0.965374
vt 0.662127 0.940749
vt 0.962462 0.906960
vt 0.985089 0.908467
vt 0.659890 0.908733
vt 0.963679 0.876105
vt 0.986359 0.876836
vt 0.681411 0.876942
vt 0.658735 0.877591
vt 0.964560 0.844979
vt 0.987257 0.845476
vt 0.680490 0.846238
vt 0.657811 0.846806
vt 0.965320 0.813709
vt 0.988021 0.814139
vt 0.679446 0.815365
vt 0.656741 0.816149
vt 0.966021 0.782300
vt 0.988711 0.782709
vt 0.677826 0.784213
vt 0.655069 0.785449
vt 0.966649 0.750720
vt 0.989274 0.751110
vt 0.675128 0.752826
vt 0.652650 0.754447
vt 0.966981 0.719000
vt 0.989625 0.719296
vt 0.672962 0.721415
vt 0.650469 0.723062
vt 0.966848 0.687226
vt 0.989503 0.687339
vt 0.671454 0.689984
vt 0.648916 0.691271
vt 0.966119 0.655569
vt 0.988796 0.655311
vt 0.670933 0.658221
vt 0.648401 0.658795
vt 0.987371 0.623141
vt 0.672388 0.626228
vt 0.649742 0.625656
vt 0.984624 0.590413
vt 0.676160 0.595229
vt 0.653132 0.592156
vt 0.958033 0.546537
vt 0.944049 0.563416
vt 0.928706 0.561063
vt 0.933319 0.539622
vt 0.959274 0.578208
vt 0.977195 0.565492
vt 0.898711 0.559301
vt 0.900629 0.537064
vt 0.867852 0.558516
vt 0.868721 0.536269
vt 0.836529 0.557571
vt 0.837018 0.535323
vt 0.804760 0.555712
vt 0.804789 0.533719
vt 0.772622 0.555025
vt 0.771733 0.533142
vt 0.738268 0.534675
vt 0.704700 0.539018
vt 0.660291 0.566703
vt 0.678647 0.578937
vt 0.693831 0.563292
vt 0.679456 0.546767
vt 0.601243 0.483719
vt 0.617147 0.504834
vt 0.046586 0.483633
vt 0.031202 0.505513
vt 0.598945 0.040882
vt 0.615433 0.020271
vt 0.044518 0.042485
vt 0.028806 0.020840
vt 0.597692 0.954463
vt 0.615746 0.972065
vt 0.602887 0.949439
vt 0.621682 0.966097
vt 0.050363 0.949956
vt 0.031657 0.967035
vt 0.055561 0.954978
vt 0.037691 0.973284
vt 0.604141 0.569696
vt 0.623096 0.553214
vt 0.598983 0.564629
vt 0.617211 0.547195
vt 0.050095 0.566802
vt 0.031790 0.548917
vt 0.044971 0.571959
vt 0.025872 0.555312
vt 0.952240 0.489346
vt 0.966385 0.508736
vt 0.957715 0.483724
vt 0.973075 0.502249
vt 0.687555 0.485945
vt 0.672479 0.504649
vt 0.693255 0.491639
vt 0.679397 0.511204
vt 0.957040 0.044262
vt 0.972386 0.025696
vt 0.951617 0.038681
vt 0.965738 0.019249
vt 0.699905 0.037821
vt 0.686461 0.016808
vt 0.694591 0.043631
vt 0.679765 0.023348
vt 0.950571 0.049613
vt 0.952265 0.055481
vt 0.949075 0.964296
vt 0.964161 0.979681
vt 0.954352 0.959283
vt 0.970513 0.973271
vt 0.690219 0.959250
vt 0.673853 0.973020
vt 0.695439 0.964273
vt 0.680122 0.979459
vt 0.956072 0.571621
vt 0.972363 0.557789
vt 0.950735 0.566554
vt 0.965973 0.551310
vt 0.687029 0.566697
vt 0.671432 0.551895
vt 0.681702 0.572072
vt 0.665055 0.558709
vt 0.946947 0.045783
vt 0.941701 0.044088
vt 0.050306 0.049314
vt 0.055027 0.046794
vt 0.048280 0.054857
vt 0.052099 0.476924
vt 0.049791 0.471291
vt 0.057087 0.478981
vt 0.950990 0.478244
vt 0.947582 0.482239
vt 0.942313 0.484102
vt 0.952752 0.472463
vt 0.701283 0.049390
vt 0.704577 0.045072
vt 0.709655 0.042892
vt 0.699615 0.055572
vt 0.595348 0.477043
vt 0.590613 0.479552
vt 0.597523 0.471617
vt 0.593070 0.047209
vt 0.595289 0.052743
vt 0.588189 0.045034
vt 0.593768 0.571472
vt 0.597240 0.574580
vt 0.598816 0.579492
vt 0.588697 0.569961
vt 0.051947 0.576970
vt 0.055190 0.573522
vt 0.060468 0.571993
vt 0.050555 0.581957
vt 0.060630 0.947967
vt 0.057133 0.944863
vt 0.055572 0.939892
vt 0.065825 0.949331
vt 0.947533 0.954375
vt 0.944224 0.957614
vt 0.939179 0.959129
vt 0.949203 0.949542
vt 0.700473 0.957524
vt 0.697078 0.954453
vt 0.695391 0.949630
vt 0.705444 0.959049
vt 0.945755 0.573332
vt 0.949233 0.576437
vt 0.951015 0.581305
vt 0.940711 0.571781
vt 0.595953 0.944430
vt 0.592660 0.947759
vt 0.587501 0.949262
vt 0.597472 0.939562
vt 0.603920 0.457688
vt 0.601872 0.473356
vt 0.591918 0.483697
vt 0.512313 0.487095
vt 0.480730 0.486602
vt 0.449408 0.485707
vt 0.418312 0.485357
vt 0.387363 0.485320
vt 0.356511 0.485385
vt 0.325744 0.485451
vt 0.295044 0.485506
vt 0.264403 0.485535
vt 0.233814 0.485548
vt 0.203276 0.485549
vt 0.172797 0.485537
vt 0.142411 0.485490
vt 0.112230 0.485306
vt 0.055752 0.483331
vt 0.045843 0.473116
vt 0.041533 0.398089
vt 0.041010 0.368175
vt 0.040659 0.338162
vt 0.040414 0.308102
vt 0.040252 0.278022
vt 0.040166 0.247942
vt 0.040119 0.217878
vt 0.040141 0.187848
vt 0.040242 0.157873
vt 0.604763 0.184654
vt 0.603767 0.154735
vt 0.040482 0.127998
vt 0.602975 0.125048
vt 0.041060 0.098338
vt 0.042448 0.069212
vt 0.599354 0.051161
vt 0.572026 0.039146
vt 0.589642 0.040783
vt 0.542031 0.037794
vt 0.511353 0.037153
vt 0.480407 0.036889
vt 0.449363 0.036831
vt 0.418297 0.036887
vt 0.387241 0.037008
vt 0.356212 0.037177
vt 0.325221 0.037390
vt 0.294278 0.037633
vt 0.263389 0.037914
vt 0.232564 0.038227
vt 0.201811 0.038567
vt 0.171143 0.038937
vt 0.053678 0.042614
vt 0.044004 0.053021
vt 0.603293 0.926476
vt 0.601788 0.940866
vt 0.588811 0.953448
vt 0.515318 0.956607
vt 0.484970 0.956922
vt 0.454509 0.957129
vt 0.423978 0.957285
vt 0.393392 0.957414
vt 0.362756 0.957529
vt 0.332072 0.957638
vt 0.301354 0.957760
vt 0.270584 0.957874
vt 0.239763 0.957950
vt 0.208921 0.957916
vt 0.178130 0.957719
vt 0.147499 0.957349
vt 0.117195 0.956753
vt 0.064434 0.953672
vt 0.604890 0.896946
vt 0.051421 0.941277
vt 0.047605 0.867575
vt 0.605778 0.866725
vt 0.046866 0.837535
vt 0.606334 0.836235
vt 0.045969 0.807357
vt 0.606707 0.805617
vt 0.044930 0.776975
vt 0.606934 0.774935
vt 0.044046 0.746453
vt 0.607052 0.744226
vt 0.043405 0.715910
vt 0.607033 0.713531
vt 0.043114 0.685377
vt 0.606868 0.682896
vt 0.043215 0.654935
vt 0.606510 0.652392
vt 0.043785 0.624789
vt 0.045039 0.595326
vt 0.603009 0.578249
vt 0.576152 0.564146
vt 0.590075 0.565612
vt 0.546681 0.562546
vt 0.516512 0.561687
vt 0.486068 0.561132
vt 0.455479 0.560716
vt 0.424781 0.560391
vt 0.393983 0.560146
vt 0.363081 0.559980
vt 0.332071 0.559881
vt 0.300941 0.559748
vt 0.269643 0.559423
vt 0.238063 0.558798
vt 0.206167 0.558748
vt 0.174297 0.559756
vt 0.059026 0.567845
vt 0.046225 0.580641
vt 0.958557 0.461471
vt 0.957100 0.473944
vt 0.943461 0.488316
vt 0.870408 0.492276
vt 0.839650 0.493257
vt 0.808505 0.495083
vt 0.808373 0.490483
vt 0.777236 0.495822
vt 0.777106 0.491240
vt 0.746147 0.494848
vt 0.746065 0.490223
vt 0.715946 0.491896
vt 0.715896 0.487139
vt 0.702178 0.490489
vt 0.703201 0.486113
vt 0.960384 0.431828
vt 0.687956 0.476016
vt 0.692129 0.474628
vt 0.681557 0.401393
vt 0.686218 0.401556
vt 0.961261 0.401351
vt 0.681839 0.369952
vt 0.686496 0.370232
vt 0.961576 0.370593
vt 0.683265 0.338490
vt 0.687906 0.338793
vt 0.961524 0.339789
vt 0.685494 0.307203
vt 0.690262 0.307422
vt 0.961283 0.309050
vt 0.686723 0.276237
vt 0.961021 0.278403
vt 0.687549 0.245491
vt 0.960828 0.247826
vt 0.688227 0.214897
vt 0.960684 0.217289
vt 0.688876 0.184368
vt 0.960552 0.186784
vt 0.689575 0.153894
vt 0.960371 0.156322
vt 0.690433 0.123509
vt 0.960041 0.125952
vt 0.691680 0.093358
vt 0.694051 0.061563
vt 0.956421 0.054008
vt 0.929671 0.038445
vt 0.942885 0.039781
vt 0.900643 0.036915
vt 0.870954 0.036155
vt 0.841037 0.035713
vt 0.811049 0.035471
vt 0.781111 0.035371
vt 0.708367 0.038699
vt 0.695147 0.053961
vt 0.955360 0.936580
vt 0.953451 0.950868
vt 0.940444 0.963328
vt 0.867716 0.966868
vt 0.837478 0.967116
vt 0.807161 0.967211
vt 0.776892 0.967095
vt 0.746867 0.966526
vt 0.717656 0.964948
vt 0.704101 0.963340
vt 0.957688 0.906752
vt 0.691201 0.950901
vt 0.686155 0.876861
vt 0.958935 0.876005
vt 0.685219 0.846169
vt 0.959827 0.844916
vt 0.684185 0.815256
vt 0.960592 0.813650
vt 0.682576 0.783978
vt 0.961300 0.782236
vt 0.679769 0.752481
vt 0.684396 0.752127
vt 0.961938 0.750653
vt 0.677624 0.721066
vt 0.682283 0.720714
vt 0.962279 0.718935
vt 0.676137 0.689735
vt 0.680824 0.689495
vt 0.962141 0.687179
vt 0.675603 0.658139
vt 0.680268 0.658070
vt 0.961386 0.655576
vt 0.677121 0.626319
vt 0.681843 0.626392
vt 0.680985 0.595512
vt 0.685827 0.595708
vt 0.955214 0.580035
vt 0.928251 0.565809
vt 0.942001 0.567470
vt 0.898503 0.564108
vt 0.867775 0.563333
vt 0.836473 0.562409
vt 0.804731 0.560401
vt 0.804657 0.565078
vt 0.772741 0.559684
vt 0.772745 0.564330
vt 0.695907 0.567280
vt 0.697147 0.571451
vt 0.682826 0.580613
vt 0.687208 0.581648
vt 0.598516 0.480384
vt 0.049185 0.480237
vt 0.596175 0.044096
vt 0.047207 0.045886
vt 0.594974 0.951279
vt 0.053637 0.947320
vt 0.600813 0.572233
vt 0.052843 0.570007
vt 0.599566 0.946859
vt 0.058262 0.951673
vt 0.596209 0.567829
vt 0.048325 0.574537
vt 0.949901 0.485860
vt 0.690535 0.483018
vt 0.693938 0.480656
vt 0.954003 0.047202
vt 0.702158 0.041433
vt 0.954624 0.480762
vt 0.695508 0.488142
vt 0.697705 0.484514
vt 0.949275 0.042170
vt 0.697594 0.046795
vt 0.946480 0.961098
vt 0.693541 0.956798
vt 0.952761 0.574083
vt 0.689682 0.569773
vt 0.691967 0.573166
vt 0.951060 0.956785
vt 0.698097 0.961082
vt 0.948100 0.569758
vt 0.685070 0.574397
vt 0.688686 0.576568
vt 0.207296 0.805153
vt 0.207408 0.813239
vt 0.176040 0.812669
vt 0.176668 0.804789
vt 0.207475 0.821291
vt 0.175682 0.820575
vt 0.286171 0.774856
vt 0.278215 0.774239
vt 0.279624 0.743044
vt 0.287741 0.743310
vt 0.270323 0.773303
vt 0.271464 0.742723
vt 0.143477 0.683770
vt 0.135204 0.683623
vt 0.135467 0.652904
vt 0.143418 0.653660
vt 0.126951 0.683496
vt 0.127461 0.652453
vt 0.237109 0.604084
vt 0.236816 0.612054
vt 0.205128 0.611781
vt 0.204993 0.603678
vt 0.236194 0.619966
vt 0.205242 0.619917
vt 0.239333 0.820576
vt 0.260544 0.818414
vt 0.154436 0.818534
vt 0.283566 0.795904
vt 0.128834 0.775491
vt 0.127627 0.744492
vt 0.288242 0.712131
vt 0.127137 0.713988
vt 0.287184 0.680975
vt 0.285061 0.649447
vt 0.282121 0.628394
vt 0.129344 0.631461
vt 0.172902 0.605093
vt 0.151668 0.608013
vt 0.249065 0.795035
vt 0.254218 0.803419
vt 0.238082 0.804696
vt 0.237190 0.795157
vt 0.268626 0.789352
vt 0.260310 0.784047
vt 0.260701 0.772196
vt 0.207163 0.795443
vt 0.177284 0.795139
vt 0.160574 0.803558
vt 0.165537 0.795051
vt 0.154565 0.784333
vt 0.146212 0.789651
vt 0.144835 0.773852
vt 0.154467 0.772783
vt 0.261666 0.742234
vt 0.144187 0.743751
vt 0.154163 0.743375
vt 0.272117 0.712267
vt 0.262478 0.712440
vt 0.143799 0.713769
vt 0.153755 0.713666
vt 0.270909 0.681915
vt 0.261116 0.682585
vt 0.153343 0.683948
vt 0.269126 0.651226
vt 0.259578 0.652506
vt 0.153078 0.654491
vt 0.252468 0.621162
vt 0.247401 0.629624
vt 0.235420 0.629620
vt 0.258945 0.640571
vt 0.267176 0.635131
vt 0.205284 0.629709
vt 0.174357 0.621023
vt 0.175309 0.630576
vt 0.144371 0.637616
vt 0.152847 0.642700
vt 0.163549 0.631184
vt 0.158305 0.622849
vt 0.131288 0.796303
vt 0.258572 0.606027
vt 0.263596 0.798595
vt 0.256885 0.791809
vt 0.151186 0.798802
vt 0.157763 0.791806
vt 0.261972 0.625914
vt 0.255357 0.632790
vt 0.149053 0.628060
vt 0.155831 0.634658
vt 0.276006 0.811167
vt 0.138892 0.811402
vt 0.274282 0.613165
vt 0.136418 0.615891
vt 0.238849 0.812616
vt 0.258043 0.810548
vt 0.156850 0.810701
vt 0.136852 0.774802
vt 0.139135 0.793634
vt 0.275714 0.793286
vt 0.280183 0.712202
vt 0.135897 0.744135
vt 0.279061 0.681393
vt 0.135463 0.713878
vt 0.277063 0.650176
vt 0.274247 0.631104
vt 0.137220 0.633850
vt 0.256193 0.613959
vt 0.173516 0.613078
vt 0.154352 0.615815
vt 0.269557 0.804633
vt 0.145296 0.804877
vt 0.267880 0.619786
vt 0.143006 0.622203
vt 0.774551 0.781569
vt 0.774652 0.787437
vt 0.743656 0.787317
vt 0.744413 0.781530
vt 0.774751 0.793288
vt 0.743265 0.793086
vt 0.699143 0.750713
vt 0.704936 0.750002
vt 0.707697 0.774305
vt 0.702069 0.776329
vt 0.710742 0.749203
vt 0.712902 0.771729
vt 0.849441 0.749116
vt 0.843619 0.748639
vt 0.844473 0.717554
vt 0.850407 0.717800
vt 0.837786 0.748044
vt 0.838518 0.717276
vt 0.806264 0.792605
vt 0.831756 0.790030
vt 0.717787 0.791161
vt 0.847145 0.774791
vt 0.850681 0.686784
vt 0.849407 0.656009
vt 0.847549 0.624824
vt 0.844832 0.599019
vt 0.821870 0.773712
vt 0.826386 0.779672
vt 0.804704 0.781166
vt 0.803564 0.773864
vt 0.836062 0.770713
vt 0.828961 0.767010
vt 0.829337 0.747211
vt 0.774423 0.774286
vt 0.745287 0.774141
vt 0.722745 0.780440
vt 0.726997 0.774181
vt 0.719805 0.767652
vt 0.719137 0.748131
vt 0.830035 0.716787
vt 0.709358 0.718638
vt 0.717905 0.718031
vt 0.838910 0.686726
vt 0.830528 0.686735
vt 0.708087 0.688272
vt 0.716688 0.687926
vt 0.837612 0.656584
vt 0.829225 0.657108
vt 0.707215 0.658121
vt 0.715689 0.658373
vt 0.836017 0.625977
vt 0.827710 0.626925
vt 0.708691 0.627499
vt 0.717169 0.628391
vt 0.802462 0.592490
vt 0.824078 0.594216
vt 0.819501 0.600359
vt 0.801278 0.600009
vt 0.826741 0.607150
vt 0.833791 0.603242
vt 0.772508 0.592028
vt 0.772636 0.599542
vt 0.742469 0.593478
vt 0.743758 0.600882
vt 0.711255 0.605073
vt 0.718219 0.608690
vt 0.725488 0.601752
vt 0.720990 0.595918
vt 0.697341 0.719571
vt 0.695981 0.688806
vt 0.695286 0.657961
vt 0.696932 0.626696
vt 0.700375 0.601234
vt 0.804053 0.580705
vt 0.772537 0.580020
vt 0.741150 0.581783
vt 0.715646 0.585410
vt 0.705317 0.590889
vt 0.829483 0.583517
vt 0.832587 0.776459
vt 0.826818 0.771788
vt 0.716501 0.777381
vt 0.721979 0.772242
vt 0.830259 0.597469
vt 0.824437 0.602408
vt 0.714835 0.599313
vt 0.720528 0.603891
vt 0.842308 0.785165
vt 0.707418 0.786409
vt 0.839806 0.588750
vt 0.805669 0.786887
vt 0.829657 0.784557
vt 0.719674 0.785532
vt 0.703340 0.719091
vt 0.841404 0.773020
vt 0.844804 0.686762
vt 0.702026 0.688516
vt 0.843518 0.656266
vt 0.701247 0.657986
vt 0.841786 0.625327
vt 0.702815 0.626978
vt 0.839111 0.600838
vt 0.706005 0.602883
vt 0.803436 0.586595
vt 0.827372 0.589162
vt 0.772468 0.585998
vt 0.741538 0.587658
vt 0.717762 0.591061
vt 0.837350 0.780443
vt 0.711986 0.781592
vt 0.834991 0.593394
vt 0.710166 0.595462
vt 0.807643 0.475624
vt 0.807319 0.470990
vt 0.831696 0.468727
vt 0.833386 0.473204
vt 0.806964 0.466364
vt 0.829014 0.464637
vt 0.847816 0.434823
vt 0.843292 0.434580
vt 0.844148 0.403420
vt 0.848770 0.403479
vt 0.838779 0.434257
vt 0.839516 0.403344
vt 0.807725 0.301882
vt 0.807456 0.306413
vt 0.776307 0.305837
vt 0.776361 0.301215
vt 0.807122 0.310938
vt 0.776258 0.310469
vt 0.845477 0.460787
vt 0.848699 0.372673
vt 0.848070 0.341715
vt 0.845943 0.316080
vt 0.744949 0.301239
vt 0.718990 0.302921
vt 0.821171 0.455220
vt 0.806211 0.455491
vt 0.837029 0.456479
vt 0.827741 0.448605
vt 0.828120 0.433472
vt 0.776230 0.466864
vt 0.776221 0.455925
vt 0.745586 0.465967
vt 0.746236 0.455147
vt 0.723799 0.463904
vt 0.731331 0.454717
vt 0.724650 0.448147
vt 0.715613 0.455882
vt 0.713220 0.434088
vt 0.723937 0.433211
vt 0.828806 0.403172
vt 0.711768 0.403433
vt 0.722612 0.403195
vt 0.839343 0.372910
vt 0.828489 0.373185
vt 0.712143 0.372595
vt 0.723162 0.372912
vt 0.838888 0.342367
vt 0.828124 0.343132
vt 0.712956 0.341655
vt 0.723816 0.342445
vt 0.829307 0.312446
vt 0.821438 0.321801
vt 0.806471 0.321630
vt 0.827956 0.328267
vt 0.837388 0.320430
vt 0.776121 0.321205
vt 0.745322 0.310360
vt 0.745740 0.321059
vt 0.714884 0.319452
vt 0.724128 0.327397
vt 0.730742 0.320962
vt 0.723130 0.311484
vt 0.776461 0.476286
vt 0.745455 0.475211
vt 0.719713 0.472237
vt 0.703959 0.434091
vt 0.702362 0.403050
vt 0.702648 0.371930
vt 0.703767 0.340606
vt 0.706466 0.314975
vt 0.833694 0.304001
vt 0.834341 0.461884
vt 0.825753 0.453244
vt 0.718453 0.461174
vt 0.726731 0.452719
vt 0.834688 0.315111
vt 0.826018 0.323729
vt 0.717700 0.314110
vt 0.726100 0.322807
vt 0.841691 0.469191
vt 0.711422 0.468358
vt 0.842068 0.307827
vt 0.710574 0.306645
vt 0.707022 0.460236
vt 0.776289 0.471581
vt 0.745394 0.470580
vt 0.721264 0.467882
vt 0.708598 0.434291
vt 0.707060 0.403381
vt 0.711612 0.458528
vt 0.841064 0.459142
vt 0.844026 0.372785
vt 0.707381 0.372369
vt 0.843475 0.342007
vt 0.708358 0.341178
vt 0.841477 0.317758
vt 0.710874 0.316717
vt 0.832001 0.308407
vt 0.745104 0.305802
vt 0.720555 0.307384
vt 0.837943 0.465486
vt 0.715007 0.464699
vt 0.838313 0.311530
vt 0.714192 0.310450
vt 0.614897 0.398455
vt 0.611180 0.397888
vt 0.613681 0.367080
vt 0.617382 0.367518
vt 0.607379 0.398120
vt 0.609963 0.367261
vt 0.641635 0.372302
vt 0.639091 0.404924
vt 0.618301 0.336642
vt 0.642743 0.339597
vt 0.617724 0.306097
vt 0.642280 0.307246
vt 0.616116 0.275715
vt 0.640639 0.275282
vt 0.613630 0.245117
vt 0.638106 0.243708
vt 0.610884 0.336596
vt 0.610285 0.306304
vt 0.608727 0.276093
vt 0.606173 0.245409
vt 0.614588 0.336398
vt 0.613997 0.306065
vt 0.612413 0.275852
vt 0.609904 0.245307
vt 0.732650 0.760864
vt 0.732650 0.620988
vt 0.819614 0.620988
vt 0.819614 0.760864
vt 0.164054 0.773100
vt 0.164054 0.647736
vt 0.243098 0.647736
vt 0.243098 0.773100
vt 0.472044 0.386967
vt 0.472044 0.255251
vt 0.555092 0.255251
vt 0.555092 0.386967
vt 0.741374 0.445838
vt 0.741374 0.330021
vt 0.814398 0.330021
vt 0.814398 0.445838
vn 0.000000 1.000000 0.000000
vn 0.000000 1.000000 0.000000
vn 0.000000 1.000000 0.000000
vn 0.000000 1.000000 0.000000
vn 0.000000 1.000000 0.000000
vn 0.000000 1.000000 0.000000
vn 0.000000 1.000000 0.000000
vn 0.000000 1.000000 0.000000
vn 0.000000 1.000000 0.000000
vn 0.000000 1.000000 0.000000
vn 0.000000 1.000000 0.000000
vn 0.000000 1.000000 0.000000
vn 0.000000 1.000000 0.000000
vn 0.000000 1.000000 0.000000
vn 0.000000 1.000000 0.000000
vn 0.000000 1.000000 0.000000
vn 0.000000 1.000000 0.000000
vn 0.000000 1.000000 0.000000
vn 0.000000 1.000000 0.000000
vn 0.000000 1.000000 0.000000
vn 0.000000 1.000000 0.000000
vn 0.000000 1.000000 0.000000
vn 0.000000 1.000000 0.000000
vn 0.000000 1.000000 0.000000
vn 0.000000 1.000000 0.000000
vn 0.000000 1.000000 0.000000
vn 0.000000 1.000000 0.000000
vn 0.000000 1.000000 0.000000
vn 0.000000 1.000000 0.000000
vn 0.000000 1.000000 0.000000
vn 0.000000 1.000000 0.000000
vn 0.000000 1.000000 0.000000
vn 0.000000 1.000000 0.000000
vn 0.000000 1.000000 0.000000
vn 0.000000 1.000000 0.000000
vn 0.000000 1.000000 0.000000
vn 0.000000 1.000000 0.000000
vn 0.000000 1.000000 0.000000
vn 0.000000 1.000000 0.000000
vn 0.000000 1.000000 0.000000
vn 0.000000 1.000000 0.000000
vn 0.000000 1.000000 0.000000
vn 0.000000 1.000000 0.000000
vn 0.000000 1.000000 0.000000
vn 0.000000 1.000000 0.000000
vn 0.000000 1.000000 0.000000
vn 0.000000 1.000000 0.000000
vn 0.000000 1.000000 0.000000
vn 0.000000 1.000000 0.000000
vn 0.000000 1.000000 0.000000
vn 0.000000 1.000000 0.000000
vn 0.000000 1.000000 0.000000
vn 0.000000 1.000000 0.000000
vn 0.000000 1.000000 0.000000
vn 0.000000 1.000000 0.000000
vn 0.000000 1.000000 0.000000
vn 0.000000 1.000000 0.000000
vn 0.000000 1.000000 0.000000
vn 0.000000 1.000000 0.000000
vn 0.000000 1.000000 0.000000
vn 0.000000 1.000000 0.000000
vn 0.000000 1.000000 0.000000
vn 0.000000 1.000000 0.000000
vn 0.000000 1.000000 0.000000
vn 0.000000 1.000000 0.000000
vn 0.000000 1.000000 0.000000
vn 0.000000 1.000000 0.000000
vn 0.000000 1.000000 0.000000
vn 0.000000 1.000000 0.000000
vn 0.000000 1.000000 0.000000
vn 0.000000 1.000000 0.000000
vn 0.000000 1.000000 0.000000
vn 0.000000 1.000000 0.000000
vn 0.000000 1.000000 0.000000
vn 0.000000 1.000000 0.000000
vn 0.000000 1.000000 0.000000
vn 0.000000 1.000000 0.000000
vn 0.000000 1.000000 0.000000
vn 0.000000 1.000000 0.000000
vn 0.000000 1.000000 0.000000
vn 0.000000 1.000000 0.000000
vn 0.000000 1.000000 0.000000
vn 0.000000 1.000000 0.000000
vn 0.000000 1.000000 0.000000
vn 0.000000 1.000000 0.000000
vn 0.000000 1.000000 0.000000
vn 0.000000 1.000000 0.000000
vn 0.000000 1.000000 0.000000
vn 0.000000 1.000000 0.000000
vn 0.000000 1.000000 0.000000
vn 0.000000 1.000000 0.000000
vn 0.000000 1.000000 0.000000
vn 0.000000 1.000000 0.000000
vn 0.000000 1.000000 0.000000
vn 0.000000 1.000000 0.000000
vn 0.000000 1.000000 0.000000
vn 0.000000 1.000000 0.000000
vn 0.000000 1.000000 0.000000
vn 0.000000 1.000000 0.000000
vn 0.000000 1.000000 0.000000
vn 0.000000 1.000000 0.000000
vn 0.000000 1.000000 0.000000
vn 0.000000 1.000000 0.000000
vn 0.000000 1.000000 0.000000
vn 0.000000 1.000000 0.000000
vn 0.000000 1.000000 0.000000
vn 0.000000 1.000000 0.000000
vn 0.000000 1.000000 0.000000
vn 0.000000 1.000000 0.000000
vn 0.000000 1.000000 0.000000
vn 0.000000 1.000000 0.000000
vn 0.000000 1.000000 0.000000
vn 0.000000 1.000000 0.000000
vn 0.000000 1.000000 0.000000
vn 0.000000 1.000000 0.000000
vn 0.000000 1.000000 0.000000
vn 0.000000 1.000000 0.000000
vn 0.000000 1.000000 0.000000
vn 0.000000 1.000000 0.000000
vn 0.000000 1.000000 0.000000
vn 0.000000 1.000000 0.000000
vn 0.000000 1.000000 0.000000
vn 0.000000 1.000000 0.000000
vn 0.000000 1.000000 0.000000
vn 0.000000 1.000000 0.000000
vn 0.000000 1.000000 0.000000
vn 0.000000 1.000000 0.000000
vn 0.000000 1.000000 0.000000
vn 0.000000 1.000000 0.000000
vn 0.000000 1.000000 0.000000
vn 0.000000 1.000000 0.000000
vn 0.000000 1.000000 0.000000
vn 0.000000 1.000000 0.000000
vn 0.000000 1.000000 0.000000
vn 0.000000 1.000000 0.000000
vn 0.000000 1.000000 0.000000
vn 0.000000 1.000000 0.000000
vn 0.000000 1.000000 0.000000
vn 0.000000 1.000000 0.000000
vn 0.000000 1.000000 0.000000
vn 0.000000 1.000000 0.000000
vn 0.000000 1.000000 0.000000
vn 0.000000 1.000000 0.000000
vn 0.000000 1.000000 0.000000
vn 0.000000 1.000000 0.000000
vn 0.000000 1.000000 0.000000
vn 0.000000 1.000000 0.000000
vn 0.000000 1.000000 0.000000
vn 0.000000 1.000000 0.000000
vn 0.000000 1.000000 0.000000
vn 0.000000 1.000000 0.000000
vn 0.000000 1.000000 0.000000
vn 0.000000 1.000000 0.000000
vn 0.000000 1.000000 0.000000
vn 0.000000 1.000000 0.000000
vn 0.000000 1.000000 0.000000
vn 0.000000 1.000000 0.000000
vn 0.000000 1.000000 0.000000
vn 0.000000 1.000000 0.000000
vn 0.000000 1.000000 0.000000
vn 0.000000 1.000000 0.000000
vn 0.000000 1.000000 0.000000
vn 0.000000 1.000000 0.000000
vn 0.000000 1.000000 0.000000
vn 0.000000 1.000000 0.000000
vn 0.000000 1.000000 0.000000
vn 0.000000 1.000000 0.000000
vn 0.000000 1.000000 0.000000
vn 0.000000 1.000000 0.000000
vn 0.000000 1.000000 0.000000
vn 0.000000 1.000000 0.000000
vn 0.000000 1.000000 0.000000
vn 0.000000 1.000000 0.000000
vn 0.000000 1.000000 0.000000
vn 0.000000 1.000000 0.000000
vn 0.000000 1.000000 0.000000
vn 0.000000 1.000000 0.000000
vn 0.000000 1.000000 0.000000
vn 0.000000 1.000000 0.000000
vn 0.000000 1.000000 0.000000
vn 0.000000 1.000000 0.000000
vn 0.000000 1.000000 0.000000
vn 0.000000 1.000000 0.000000
vn 0.000000 1.000000 0.000000
vn 0.000000 1.000000 0.000000
vn 0.000000 1.000000 0.000000
vn 0.000000 1.000000 0.000000
vn 0.000000 1.000000 0.000000
vn 0.000000 1.000000 0.000000
vn 0.000000 1.000000 0.000000
vn 0.000000 1.000000 0.000000
vn 0.000000 1.000000 0.000000
vn 0.000000 1.000000 0.000000
vn 0.000000 1.000000 0.000000
vn 0.000000 1.000000 0.000000
vn 0.000000 1.000000 0.000000
vn 0.000000 1.000000 0.000000
vn 0.000000 1.000000 0.000000
vn 0.000000 1.000000 0.000000
vn 0.000000 1.000000 0.000000
vn 0.000000 1.000000 0.000000
vn 0.000000 1.000000 0.000000
vn 0.000000 1.000000 0.000000
vn 0.000000 1.000000 0.000000
vn 0.000000 1.000000 0.000000
vn 0.000000 1.000000 0.000000
vn 0.000000 1.000000 0.000000
vn 0.000000 1.000000 0.000000
vn 0.000000 1.000000 0.000000
vn 0.000000 1.000000 0.000000
vn 0.000000 1.000000 0.000000
vn 0.000000 1.000000 0.000000
vn 0.000000 1.000000 0.000000
vn 0.000000 1.000000 0.000000
vn 0.000000 1.000000 0.000000
vn 0.000000 1.000000 0.000000
vn 0.000000 1.000000 0.000000
vn 0.000000 1.000000 0.000000
vn 0.000000 1.000000 0.000000
vn 0.000000 1.000000 0.000000
vn 0.000000 1.000000 0.000000
vn 0.000000 1.000000 0.000000
vn 0.000000 1.000000 0.000000
vn 0.000000 1.000000 0.000000
vn 0.000000 1.000000 0.000000
vn 0.000000 1.000000 0.000000
vn 0.000000 1.000000 0.000000
vn 0.000000 1.000000 0.000000
vn 0.000000 1.000000 0.000000
vn 0.000000 1.000000 0.000000
vn 0.000000 1.000000 0.000000
vn 0.000000 1.000000 0.000000
vn 0.000000 1.000000 0.000000
vn 0.000000 1.000000 0.000000
vn 0.000000 1.000000 0.000000
vn 0.000000 1.000000 0.000000
vn 0.000000 1.000000 0.000000
vn 0.000000 1.000000 0.000000
vn 0.000000 1.000000 0.000000
vn 0.000000 1.000000 0.000000
vn 0.000000 1.000000 0.000000
vn 0.000000 1.000000 0.000000
vn 0.000000 1.000000 0.000000
vn 0.000000 1.000000 0.000000
vn 0.000000 1.000000 0.000000
vn 0.000000 1.000000 0.000000
vn 0.000000 1.000000 0.000000
vn 0.000000 1.000000 0.000000
vn 0.000000 1.000000 0.000000
vn 0.000000 1.000000 0.000000
vn 0.000000 1.000000 0.000000
vn 0.000000 1.000000 0.000000
vn 0.000000 1.000000 0.000000
vn 0.000000 1.000000 0.000000
vn 0.000000 1.000000 0.000000
vn 0.000000 1.000000 0.000000
vn 0.000000 1.000000 0.000000
vn 0.000000 1.000000 0.000000
vn 0.000000 1.000000 0.000000
vn 0.000000 1.000000 0.000000
vn 0.000000 1.000000 0.000000
vn 0.000000 1.000000 0.000000
vn 0.000000 1.000000 0.000000
vn 0.000000 1.000000 0.000000
vn 0.000000 1.000000 0.000000
vn 0.000000 1.000000 0.000000
vn 0.000000 1.000000 0.000000
vn 0.000000 1.000000 0.000000
vn 0.000000 1.000000 0.000000
vn 0.000000 1.000000 0.000000
vn 0.000000 1.000000 0.000000
vn 0.000000 1.000000 0.000000
vn 0.000000 1.000000 0.000000
vn 0.000000 1.000000 0.000000
vn 0.000000 1.000000 0.000000
vn 0.000000 1.000000 0.000000
vn 0.000000 1.000000 0.000000
vn 0.000000 1.000000 0.000000
vn 0.000000 1.000000 0.000000
vn 0.000000 1.000000 0.000000
vn 0.000000 1.000000 0.000000
vn 0.000000 1.000000 0.000000
vn 0.000000 1.000000 0.000000
vn 0.000000 1.000000 0.000000
vn 0.000000 1.000000 0.000000
vn 0.000000 1.000000 0.000000
vn 0.000000 1.000000 0.000000
vn 0.000000 1.000000 0.000000
vn 0.000000 1.000000 0.000000
vn 0.000000 1.000000 0.000000
vn 0.000000 1.000000 0.000000
vn 0.000000 1.000000 0.000000
vn 0.000000 1.000000 0.000000
vn 0.000000 1.000000 0.000000
vn 0.000000 1.000000 0.000000
vn 0.000000 1.000000 0.000000
vn 0.000000 1.000000 0.000000
vn 0.000000 1.000000 0.000000
vn 0.000000 1.000000 0.000000
vn 0.000000 1.000000 0.000000
vn 0.000000 1.000000 0.000000
vn 0.000000 1.000000 0.000000
vn 0.000000 1.000000 0.000000
vn 0.000000 1.000000 0.000000
vn 0.000000 1.000000 0.000000
vn 0.000000 1.000000 0.000000
vn 0.000000 1.000000 0.000000
vn 0.000000 1.000000 0.000000
vn 0.000000 1.000000 0.000000
vn 0.000000 1.000000 0.000000
vn 0.000000 1.000000 0.000000
vn 0.000000 1.000000 0.000000
vn 0.000000 1.000000 0.000000
vn 0.000000 1.000000 0.000000
vn 0.000000 1.000000 0.000000
vn 0.000000 1.000000 0.000000
vn 0.000000 1.000000 0.000000
vn 0.000000 1.000000 0.000000
vn 0.000000 1.000000 0.000000
vn 0.000000 1.000000 0.000000
vn 0.000000 1.000000 0.000000
vn 0.000000 1.000000 0.000000
vn 0.000000 1.000000 0.000000
vn 0.000000 1.000000 0.000000
vn 0.000000 1.000000 0.000000
vn 0.000000 1.000000 0.000000
vn 0.000000 1.000000 0.000000
vn 0.000000 1.000000 0.000000
vn 0.000000 1.000000 0.000000
vn 0.000000 1.000000 0.000000
vn 0.000000 1.000000 0.000000
vn 0.000000 1.000000 0.000000
vn 0.000000 1.000000 0.000000
vn 0.000000 1.000000 0.000000
vn 0.000000 1.000000 0.000000
vn 0.000000 1.000000 0.000000
vn 0.000000 1.000000 0.000000
vn 0.000000 1.000000 0.000000
vn 0.000000 1.000000 0.000000
vn 0.000000 1.000000 0.000000
vn 0.000000 1.000000 0.000000
vn 0.000000 1.000000 0.000000
vn 0.000000 1.000000 0.000000
vn 0.000000 1.000000 0.000000
vn 0.000000 1.000000 0.000000
vn 0.000000 1.000000 0.000000
vn 0.000000 1.000000 0.000000
vn 0.000000 1.000000 0.000000
vn 0.000000 1.000000 0.000000
vn 0.000000 1.000000 0.000000
vn 0.000000 1.000000 0.000000
vn 0.000000 1.000000 0.000000
vn 0.000000 1.000000 0.000000
vn 0.000000 1.000000 0.000000
vn 0.000000 1.000000 0.000000
vn 0.000000 1.000000 0.000000
vn 0.000000 1.000000 0.000000
vn 0.000000 1.000000 0.000000
vn 0.000000 1.000000 0.000000
vn 0.000000 1.000000 0.000000
vn 0.000000 1.000000 0.000000
vn 0.000000 1.000000 0.000000
vn 0.000000 1.000000 0.000000
vn 0.000000 1.000000 0.000000
vn 0.000000 1.000000 0.000000
vn 0.000000 1.000000 0.000000
vn 0.000000 1.000000 0.000000
vn 0.000000 1.000000 0.000000
vn 0.000000 1.000000 0.000000
vn 0.000000 1.000000 0.000000
vn 0.000000 1.000000 0.000000
vn 0.000000 1.000000 0.000000
vn 0.000000 1.000000 0.000000
vn 0.000000 1.000000 0.000000
vn 0.000000 1.000000 0.000000
vn 0.000000 1.000000 0.000000
vn 0.000000 1.000000 0.000000
vn 0.000000 1.000000 0.000000
vn 0.000000 1.000000 0.000000
vn 0.000000 1.000000 0.000000
vn 0.000000 1.000000 0.000000
vn 0.000000 1.000000 0.000000
vn 0.000000 1.000000 0.000000
vn 0.000000 1.000000 0.000000
vn 0.000000 1.000000 0.000000
vn 0.000000 1.000000 0.000000
vn 0.000000 1.000000 0.000000
vn 0.000000 1.000000 0.000000
vn 0.000000 1.000000 0.000000
vn 0.000000 1.000000 0.000000
vn 0.000000 1.000000 0.000000
vn 0.000000 1.000000 0.000000
vn 0.000000 1.000000 0.000000
vn 0.000000 1.000000 0.000000
vn 0.000000 1.000000 0.000000
vn 0.000000 1.000000 0.000000
vn 0.000000 1.000000 0.000000
vn 0.000000 1.000000 0.000000
vn 0.000000 1.000000 0.000000
vn 0.000000 1.000000 0.000000
vn 0.000000 1.000000 0.000000
vn 0.000000 1.000000 0.000000
vn 0.000000 1.000000 0.000000
vn 0.000000 1.000000 0.000000
vn 0.000000 1.000000 0.000000
vn 0.000000 1.000000 0.000000
vn 0.000000 1.000000 0.000000
vn 0.000000 1.000000 0.000000
vn 0.000000 1.000000 0.000000
vn 0.000000 1.000000 0.000000
vn 0.000000 1.000000 0.000000
vn 0.000000 1.000000 0.000000
vn 0.000000 1.000000 0.000000
vn 0.000000 1.000000 0.000000
vn 0.000000 1.000000 0.000000
vn 0.000000 1.000000 0.000000
vn 0.000000 1.000000 0.000000
vn 0.000000 1.000000 0.000000
vn 0.000000 1.000000 0.000000
vn 0.000000 1.000000 0.000000
vn 0.000000 1.000000 0.000000
vn 0.000000 1.000000 0.000000
vn 0.000000 1.000000 0.000000
vn 0.000000 1.000000 0.000000
vn 0.000000 1.000000 0.000000
vn 0.000000 1.000000 0.000000
vn 0.000000 1.000000 0.000000
vn 0.000000 1.000000 0.000000
vn 0.000000 1.000000 0.000000
vn 0.000000 1.000000 0.000000
vn 0.000000 1.000000 0.000000
vn 0.000000 1.000000 0.000000
vn 0.000000 1.000000 0.000000
vn 0.000000 1.000000 0.000000
vn 0.000000 1.000000 0.000000
vn 0.000000 1.000000 0.000000
vn 0.000000 1.000000 0.000000
vn 0.000000 1.000000 0.000000
vn 0.000000 1.000000 0.000000
vn 0.000000 1.000000 0.000000
vn 0.000000 1.000000 0.000000
vn 0.000000 1.000000 0.000000
vn 0.000000 1.000000 0.000000
vn 0.000000 1.000000 0.000000
vn 0.000000 1.000000 0.000000
vn 0.000000 1.000000 0.000000
vn 0.000000 1.000000 0.000000
vn 0.000000 1.000000 0.000000
vn 0.000000 1.000000 0.000000
vn 0.000000 1.000000 0.000000
vn 0.000000 1.000000 0.000000
vn 0.000000 1.000000 0.000000
vn 0.000000 1.000000 0.000000
vn 0.000000 1.000000 0.000000
vn 0.000000 1.000000 0.000000
vn 0.000000 1.000000 0.000000
vn 0.000000 1.000000 0.000000
vn 0.000000 1.000000 0.000000
vn 0.000000 1.000000 0.000000
vn 0.000000 1.000000 0.000000
vn 0.000000 1.000000 0.000000
vn 0.000000 1.000000 0.000000
vn 0.000000 1.000000 0.000000
vn 0.000000 1.000000 0.000000
vn 0.000000 1.000000 0.000000
vn 0.000000 1.000000 0.000000
vn 0.000000 1.000000 0.000000
vn 0.000000 1.000000 0.000000
vn 0.000000 1.000000 0.000000
vn 0.000000 1.000000 0.000000
vn 0.000000 1.000000 0.000000
vn 0.000000 1.000000 0.000000
vn 0.000000 1.000000 0.000000
vn 0.000000 1.000000 0.000000
vn 0.000000 1.000000 0.000000
vn 0.000000 1.000000 0.000000
vn 0.000000 1.000000 0.000000
vn 0.000000 1.000000 0.000000
vn 0.000000 1.000000 0.000000
vn 0.000000 1.000000 0.000000
vn 0.000000 1.000000 0.000000
vn 0.000000 1.000000 0.000000
vn 0.000000 1.000000 0.000000
vn 0.000000 1.000000 0.000000
vn 0.000000 1.000000 0.000000
vn 0.000000 1.000000 0.000000
vn 0.000000 1.000000 0.000000
vn 0.000000 1.000000 0.000000
vn 0.000000 1.000000 0.000000
vn 0.000000 1.000000 0.000000
vn 0.000000 1.000000 0.000000
vn 0.000000 1.000000 0.000000
vn 0.000000 1.000000 0.000000
vn 0.000000 1.000000 0.000000
vn 0.000000 1.000000 0.000000
vn 0.000000 1.000000 0.000000
vn 0.000000 1.000000 0.000000
vn 0.000000 1.000000 0.000000
vn 0.000000 1.000000 0.000000
vn 0.000000 1.000000 0.000000
vn 0.000000 1.000000 0.000000
vn 0.000000 1.000000 0.000000
vn 0.000000 1.000000 0.000000
vn 0.000000 1.000000 0.000000
vn 0.000000 1.000000 0.000000
vn 0.000000 1.000000 0.000000
vn 0.000000 1.000000 0.000000
vn 0.000000 1.000000 0.000000
vn 0.000000 1.000000 0.000000
vn 0.000000 1.000000 0.000000
vn 0.000000 1.000000 0.000000
vn 0.000000 1.000000 0.000000
vn 0.000000 1.000000 0.000000
vn 0.000000 1.000000 0.000000
vn 0.000000 1.000000 0.000000
vn 0.000000 1.000000 0.000000
vn 0.000000 1.000000 0.000000
vn 0.000000 1.000000 0.000000
vn 0.000000 1.000000 0.000000
vn 0.000000 1.000000 0.000000
vn 0.000000 1.000000 0.000000
vn 0.000000 1.000000 0.000000
vn 0.000000 1.000000 0.000000
vn 0.000000 1.000000 0.000000
vn 0.000000 1.000000 0.000000
vn 0.000000 1.000000 0.000000
vn 0.000000 1.000000 0.000000
vn 0.000000 1.000000 0.000000
vn 0.000000 1.000000 0.000000
vn 0.000000 1.000000 0.000000
vn 0.000000 1.000000 0.000000
vn 0.000000 1.000000 0.000000
vn 0.000000 1.000000 0.000000
vn 0.000000 1.000000 0.000000
vn 0.000000 1.000000 0.000000
vn 0.000000 1.000000 0.000000
vn 0.000000 1.000000 0.000000
vn 0.000000 1.000000 0.000000
vn 0.000000 1.000000 0.000000
vn 0.000000 1.000000 0.000000
vn 0.000000 1.000000 0.000000
vn 0.000000 1.000000 0.000000
vn 0.000000 1.000000 0.000000
vn 0.000000 1.000000 0.000000
vn 0.000000 1.000000 0.000000
vn 0.000000 1.000000 0.000000
vn 0.000000 1.000000 0.000000
vn 0.000000 1.000000 0.000000
vn 0.000000 1.000000 0.000000
vn 0.000000 1.000000 0.000000
vn 0.000000 1.000000 0.000000
vn 0.000000 1.000000 0.000000
vn 0.000000 1.000000 0.000000
vn 0.000000 1.000000 0.000000
vn 0.000000 1.000000 0.000000
vn 0.000000 1.000000 0.000000
vn 0.000000 1.000000 0.000000
vn 0.000000 1.000000 0.000000
vn 0.000000 1.000000 0.000000
vn 0.000000 1.000000 0.000000
vn 0.000000 1.000000 0.000000
vn 0.000000 1.000000 0.000000
vn 0.000000 1.000000 0.000000
vn 0.000000 1.000000 0.000000
vn 0.000000 1.000000 0.000000
vn 0.000000 1.000000 0.000000
vn 0.000000 1.000000 0.000000
vn 0.000000 1.000000 0.000000
vn 0.000000 1.000000 0.000000
vn 0.000000 1.000000 0.000000
vn 0.000000 1.000000 0.000000
vn 0.000000 1.000000 0.000000
vn 0.000000 1.000000 0.000000
vn 0.000000 1.000000 0.000000
vn 0.000000 1.000000 0.000000
vn 0.000000 1.000000 0.000000
vn 0.000000 1.000000 0.000000
vn 0.000000 1.000000 0.000000
vn 0.000000 1.000000 0.000000
vn 0.000000 1.000000 0.000000
vn 0.000000 1.000000 0.000000
vn 0.000000 1.000000 0.000000
vn 0.000000 1.000000 0.000000
vn 0.000000 1.000000 0.000000
vn 0.000000 1.000000 0.000000
vn 0.000000 1.000000 0.000000
vn 0.000000 1.000000 0.000000
vn 0.000000 1.000000 0.000000
vn 0.000000 1.000000 0.000000
vn 0.000000 1.000000 0.000000
vn 0.000000 1.000000 0.000000
vn 0.000000 1.000000 0.000000
vn 0.000000 1.000000 0.000000
vn 0.000000 1.000000 0.000000
vn 0.000000 1.000000 0.000000
vn 0.000000 1.000000 0.000000
vn 0.000000 1.000000 0.000000
vn 0.000000 1.000000 0.000000
vn 0.000000 1.000000 0.000000
vn 0.000000 1.000000 0.000000
vn 0.000000 1.000000 0.000000
vn 0.000000 1.000000 0.000000
vn 0.000000 1.000000 0.000000
vn -0.010448 0.999893 -0.010215
vn 0.000000 1.000000 0.000000
vn 0.000000 1.000000 0.000000
vn 0.000000 1.000000 0.000000
vn 0.000000 1.000000 0.000000
vn 0.000000 1.000000 0.000000
vn 0.000000 1.000000 0.000000
vn 0.000000 1.000000 0.000000
vn 0.000000 1.000000 0.000000
vn 0.000000 1.000000 0.000000
vn 0.000000 1.000000 0.000000
vn 0.000000 1.000000 0.000000
vn 0.000000 1.000000 0.000000
vn 0.000000 1.000000 0.000000
vn 0.000000 1.000000 0.000000
vn 0.000000 1.000000 0.000000
vn 0.000000 1.000000 0.000000
vn 0.000000 1.000000 0.000000
vn 0.000000 1.000000 0.000000
vn 0.000000 1.000000 0.000000
vn 0.000000 1.000000 0.000000
vn 0.000000 1.000000 0.000000
vn 0.000000 1.000000 0.000000
vn 0.000000 1.000000 0.000000
vn 0.000000 1.000000 0.000000
vn 0.000000 1.000000 0.000000
vn 0.000000 1.000000 0.000000
vn 0.000000 1.000000 0.000000
vn 0.000000 1.000000 0.000000
vn 0.000000 1.000000 0.000000
vn 0.000000 1.000000 0.000000
vn 0.000000 1.000000 0.000000
vn 0.000000 1.000000 0.000000
vn 0.000000 1.000000 0.000000
vn 0.000000 1.000000 0.000000
vn 0.000000 1.000000 0.000000
vn 0.000000 1.000000 0.000000
vn 0.000000 1.000000 0.000000
vn 0.000000 1.000000 0.000000
vn 0.000000 1.000000 0.000000
vn 0.000000 1.000000 0.000000
vn 0.000000 1.000000 0.000000
vn 0.000000 1.000000 0.000000
vn 0.000000 1.000000 0.000000
vn 0.000000 1.000000 0.000000
vn 0.000000 1.000000 0.000000
vn 0.000000 1.000000 0.000000
vn 0.000000 1.000000 0.000000
vn 0.000000 1.000000 0.000000
vn 0.000000 1.000000 0.000000
vn 0.000000 1.000000 0.000000
vn 0.000000 1.000000 0.000000
vn 0.000000 1.000000 0.000000
vn 0.000000 1.000000 0.000000
vn 0.000000 1.000000 0.000000
vn 0.000000 1.000000 0.000000
vn 0.000000 1.000000 0.000000
vn 0.000000 1.000000 0.000000
vn 0.000000 1.000000 0.000000
vn 0.000000 1.000000 0.000000
vn 0.000000 1.000000 0.000000
vn 0.000000 1.000000 0.000000
vn 0.000000 1.000000 0.000000
vn 0.000000 1.000000 0.000000
vn 0.000000 1.000000 0.000000
vn 0.000000 1.000000 0.000000
vn 0.000000 1.000000 0.000000
vn 0.000000 1.000000 0.000000
vn 0.000000 1.000000 0.000000
vn 0.000000 1.000000 0.000000
vn 0.000000 1.000000 0.000000
vn 0.000000 1.000000 0.000000
vn 0.000000 1.000000 0.000000
vn 0.000000 1.000000 0.000000
vn 0.000000 1.000000 0.000000
vn 0.000000 1.000000 0.000000
vn 0.000000 1.000000 0.000000
vn 0.000000 1.000000 0.000000
vn 0.000000 1.000000 0.000000
vn 0.000000 1.000000 0.000000
vn 0.000000 1.000000 0.000000
vn 0.000000 1.000000 0.000000
vn 0.000000 1.000000 0.000000
vn 0.000000 1.000000 0.000000
vn 0.000000 1.000000 0.000000
vn 0.000000 1.000000 0.000000
vn 0.000000 1.000000 0.000000
vn 0.000000 1.000000 0.000000
vn 0.000000 1.000000 0.000000
vn 0.000000 1.000000 0.000000
vn 0.000000 1.000000 0.000000
vn 0.000000 1.000000 0.000000
vn 0.000000 1.000000 0.000000
vn 0.000000 1.000000 0.000000
vn 0.000000 1.000000 0.000000
vn 0.000000 1.000000 0.000000
vn 0.000000 1.000000 0.000000
vn 0.000000 1.000000 0.000000
vn 0.000000 1.000000 0.000000
vn 0.000000 1.000000 0.000000
vn 0.000000 1.000000 0.000000
vn 0.000000 1.000000 0.000000
vn 0.000000 1.000000 0.000000
vn 0.000000 1.000000 0.000000
vn 0.000000 1.000000 0.000000
vn 0.000000 1.000000 0.000000
vn 0.000000 1.000000 0.000000
vn 0.000000 1.000000 0.000000
vn 0.000000 1.000000 0.000000
vn 0.000000 1.000000 0.000000
vn 0.000000 1.000000 0.000000
vn 0.000000 1.000000 0.000000
vn 0.000000 1.000000 0.000000
vn 0.000000 1.000000 0.000000
vn 0.000000 1.000000 0.000000
vn 0.000000 1.000000 0.000000
vn 0.000000 1.000000 0.000000
vn 0.000000 1.000000 0.000000
vn 0.000000 1.000000 0.000000
vn 0.000000 1.000000 0.000000
vn 0.000000 1.000000 0.000000
vn 0.000000 1.000000 0.000000
vn 0.000000 1.000000 0.000000
vn 0.000000 1.000000 0.000000
vn 0.000000 1.000000 0.000000
vn 0.000000 1.000000 0.000000
vn 0.000000 1.000000 0.000000
vn 0.000000 1.000000 0.000000
vn 0.000000 1.000000 0.000000
vn 0.000000 1.000000 0.000000
vn 0.000000 1.000000 0.000000
vn 0.000000 1.000000 0.000000
vn 0.000000 1.000000 0.000000
vn 0.000000 1.000000 0.000000
vn 0.000000 1.000000 0.000000
vn 0.000000 1.000000 0.000000
vn 0.000000 1.000000 0.000000
vn 0.000000 1.000000 0.000000
vn 0.000000 1.000000 0.000000
vn 0.000000 1.000000 0.000000
vn 0.000000 1.000000 0.000000
vn 0.000000 1.000000 0.000000
vn 0.000000 1.000000 0.000000
vn 0.000000 1.000000 0.000000
vn 0.000000 1.000000 0.000000
vn 0.000000 1.000000 0.000000
vn 0.000000 1.000000 0.000000
vn 0.000000 1.000000 0.000000
vn 0.000000 1.000000 0.000000
vn 0.000000 1.000000 0.000000
vn 0.000000 1.000000 0.000000
vn 0.000000 1.000000 0.000000
vn 0.000000 1.000000 0.000000
vn 0.000000 1.000000 0.000000
vn 0.000000 1.000000 0.000000
vn 0.000000 1.000000 0.000000
vn 0.000000 1.000000 0.000000
vn 0.000000 1.000000 0.000000
vn 0.000000 1.000000 0.000000
vn 0.000000 1.000000 0.000000
vn 0.000000 1.000000 0.000000
vn 0.000000 1.000000 0.000000
vn 0.000000 1.000000 0.000000
vn 0.000000 1.000000 0.000000
vn 0.000000 1.000000 0.000000
vn 0.000000 1.000000 0.000000
vn 0.000000 1.000000 0.000000
vn 0.000000 1.000000 0.000000
vn 0.000000 1.000000 0.000000
vn 0.000000 1.000000 0.000000
vn 0.000000 1.000000 0.000000
vn 0.000000 1.000000 0.000000
vn 0.000000 1.000000 0.000000
vn 0.000000 1.000000 0.000000
vn 0.000000 1.000000 0.000000
vn 0.000000 1.000000 0.000000
vn 0.000000 1.000000 0.000000
vn 0.000000 1.000000 0.000000
vn 0.000000 1.000000 0.000000
vn 0.000000 1.000000 0.000000
vn 0.000000 1.000000 0.000000
vn 0.000000 1.000000 0.000000
vn 0.000000 1.000000 0.000000
vn 0.000000 1.000000 0.000000
vn 0.000000 1.000000 0.000000
vn 0.000000 1.000000 0.000000
vn 0.000000 1.000000 0.000000
vn 0.000000 1.000000 0.000000
vn 0.000000 1.000000 0.000000
vn 0.000000 1.000000 0.000000
vn 0.000000 1.000000 0.000000
vn 0.000000 1.000000 0.000000
vn 0.000000 1.000000 0.000000
vn 0.000000 1.000000 0.000000
vn 0.000000 1.000000 0.000000
vn 0.000000 1.000000 0.000000
vn 0.000000 1.000000 0.000000
vn 0.000000 1.000000 0.000000
vn 0.000000 1.000000 0.000000
vn 0.000000 1.000000 0.000000
vn 0.000000 1.000000 0.000000
vn 0.000000 1.000000 0.000000
vn 0.000000 1.000000 0.000000
vn 0.000000 1.000000 0.000000
vn 0.000000 1.000000 0.000000
vn 0.000000 1.000000 0.000000
vn 0.000000 1.000000 0.000000
vn 0.000000 1.000000 0.000000
vn 0.000000 1.000000 0.000000
vn 0.000000 1.000000 0.000000
vn 0.000000 1.000000 0.000000
vn 0.000000 1.000000 0.000000
vn 0.000000 1.000000 0.000000
vn 0.000000 1.000000 0.000000
vn 0.000000 1.000000 0.000000
vn 0.000000 1.000000 0.000000
vn 0.000000 1.000000 0.000000
vn 0.000000 1.000000 0.000000
vn 0.000000 1.000000 0.000000
vn 0.000000 1.000000 0.000000
vn 0.000000 1.000000 0.000000
vn 0.000000 1.000000 0.000000
vn 0.000000 1.000000 0.000000
vn 0.000000 1.000000 0.000000
vn 0.000000 1.000000 0.000000
vn 0.000000 1.000000 0.000000
vn 0.000000 1.000000 0.000000
vn 0.000000 1.000000 0.000000
vn 0.000000 1.000000 0.000000
vn 0.000000 1.000000 0.000000
vn 0.000000 1.000000 0.000000
vn 0.000000 1.000000 0.000000
vn 0.000000 1.000000 0.000000
vn 0.000000 1.000000 0.000000
vn 0.000000 1.000000 0.000000
vn 0.000000 1.000000 0.000000
vn 0.000000 1.000000 0.000000
vn 0.000000 1.000000 0.000000
vn 0.000000 1.000000 0.000000
vn 0.000000 1.000000 0.000000
vn 0.000000 1.000000 0.000000
vn 0.000000 1.000000 0.000000
vn 0.000000 1.000000 0.000000
vn 0.000000 1.000000 0.000000
vn 0.000000 1.000000 0.000000
vn 0.000000 1.000000 0.000000
vn 0.000000 1.000000 0.000000
vn 0.000000 1.000000 0.000000
vn 0.000000 1.000000 0.000000
vn 0.000000 1.000000 0.000000
vn 0.000000 1.000000 0.000000
vn 0.000000 1.000000 0.000000
vn 0.000000 1.000000 0.000000
vn 0.000000 1.000000 0.000000
vn 0.000000 1.000000 0.000000
vn 0.000000 1.000000 0.000000
vn 0.000000 1.000000 0.000000
vn 0.000000 1.000000 0.000000
vn 0.000000 1.000000 0.000000
vn 0.000000 1.000000 0.000000
vn 0.000000 1.000000 0.000000
vn 0.000000 1.000000 0.000000
vn 0.000000 1.000000 0.000000
vn 0.000000 1.000000 0.000000
vn 0.000000 1.000000 0.000000
vn 0.000000 1.000000 0.000000
vn 0.000000 1.000000 0.000000
vn 0.000000 1.000000 0.000000
vn 0.000000 1.000000 0.000000
vn 0.000000 1.000000 0.000000
vn 0.000000 1.000000 0.000000
vn 0.000000 1.000000 0.000000
vn 0.000000 1.000000 0.000000
vn 0.000000 1.000000 0.000000
vn 0.000000 1.000000 0.000000
vn 0.000000 1.000000 0.000000
vn 0.000000 1.000000 0.000000
vn 0.000000 1.000000 0.000000
vn 0.000000 1.000000 0.000000
vn 0.000000 1.000000 0.000000
vn 0.000000 1.000000 0.000000
vn 0.000000 1.000000 0.000000
vn 0.000000 1.000000 0.000000
vn 0.000000 1.000000 0.000000
vn 0.000000 1.000000 0.000000
vn 0.000000 1.000000 0.000000
vn 0.000000 1.000000 0.000000
vn 0.000000 1.000000 0.000000
vn 0.000000 1.000000 0.000000
vn 0.000000 1.000000 0.000000
vn 0.000000 1.000000 0.000000
vn 0.000000 1.000000 0.000000
vn 0.000000 1.000000 0.000000
vn 0.000000 1.000000 0.000000
vn 0.000000 1.000000 0.000000
vn 0.000000 1.000000 0.000000
vn 0.000000 1.000000 0.000000
vn 0.000000 1.000000 0.000000
vn 0.000000 1.000000 0.000000
vn 0.000000 1.000000 0.000000
vn 0.000000 1.000000 0.000000
vn 0.000000 1.000000 0.000000
vn 0.000000 1.000000 0.000000
vn 0.000000 1.000000 0.000000
vn 0.000000 1.000000 0.000000
vn 0.000000 1.000000 0.000000
vn 0.000000 1.000000 0.000000
vn 0.000000 1.000000 0.000000
vn 0.000000 1.000000 0.000000
vn 0.000000 1.000000 0.000000
vn 0.000000 1.000000 0.000000
vn 0.000000 1.000000 0.000000
vn 0.000000 1.000000 0.000000
vn 0.000000 1.000000 0.000000
vn 0.000000 1.000000 0.000000
vn 0.000000 1.000000 0.000000
vn 0.000000 1.000000 0.000000
vn 0.000000 1.000000 0.000000
vn 0.000000 1.000000 0.000000
vn 0.000000 1.000000 0.000000
vn 0.000000 1.000000 0.000000
vn 0.000000 1.000000 0.000000
vn 0.000000 1.000000 0.000000
vn 0.000000 1.000000 0.000000
vn 0.000000 1.000000 0.000000
vn 0.000000 1.000000 0.000000
vn 0.000000 1.000000 0.000000
vn 0.000000 1.000000 0.000000
vn 0.000000 1.000000 0.000000
vn 0.000000 1.000000 0.000000
vn 0.000000 1.000000 0.000000
vn 0.000000 1.000000 0.000000
vn 0.000000 1.000000 0.000000
vn 0.000000 1.000000 0.000000
vn 0.000000 1.000000 0.000000
vn 0.000000 1.000000 0.000000
vn 0.000000 1.000000 0.000000
vn 0.000000 1.000000 0.000000
vn 0.000000 1.000000 0.000000
vn 0.000000 1.000000 0.000000
vn 0.000000 1.000000 0.000000
vn 0.000000 1.000000 0.000000
vn 0.000000 1.000000 0.000000
vn 0.000000 1.000000 0.000000
vn 0.000000 1.000000 0.000000
vn 0.000000 1.000000 0.000000
vn 0.000000 1.000000 0.000000
vn 0.000000 1.000000 0.000000
vn 0.000000 1.000000 0.000000
vn 0.000000 1.000000 0.000000
vn 0.000000 1.000000 0.000000
vn 0.000000 1.000000 0.000000
vn 0.000000 1.000000 0.000000
vn 0.000000 1.000000 0.000000
vn 0.000000 1.000000 0.000000
vn 0.000000 1.000000 0.000000
vn 0.000000 1.000000 0.000000
vn 0.000000 1.000000 0.000000
vn 0.000000 1.000000 0.000000
vn 0.000000 1.000000 0.000000
vn 0.000000 1.000000 0.000000
vn 0.000000 1.000000 0.000000
vn 0.000000 1.000000 0.000000
vn 0.000000 1.000000 0.000000
vn 0.000000 1.000000 0.000000
vn 0.000000 1.000000 0.000000
vn 0.000000 1.000000 0.000000
vn 0.000000 1.000000 0.000000
vn 0.000000 1.000000 0.000000
vn 0.000000 1.000000 0.000000
vn 0.000000 1.000000 0.000000
vn 0.000000 1.000000 0.000000
vn 0.000000 1.000000 0.000000
vn 0.000000 1.000000 0.000000
vn 0.000000 1.000000 0.000000
vn 0.000000 1.000000 0.000000
vn 0.000000 1.000000 0.000000
vn 0.000000 1.000000 0.000000
vn 0.000000 1.000000 0.000000
vn 0.000000 1.000000 0.000000
vn 0.000000 1.000000 0.000000
vn 0.000000 1.000000 0.000000
vn 0.000000 1.000000 0.000000
vn 0.000000 1.000000 0.000000
vn 0.000000 1.000000 0.000000
vn 0.000000 1.000000 0.000000
vn 0.000000 1.000000 0.000000
vn 0.000000 1.000000 0.000000
vn 0.000000 1.000000 0.000000
vn 0.000000 1.000000 0.000000
vn 0.000000 1.000000 0.000000
vn 0.000000 1.000000 0.000000
vn 0.000000 1.000000 0.000000
vn 0.000000 1.000000 0.000000
vn 0.000000 1.000000 0.000000
vn 0.000000 1.000000 0.000000
vn 0.000000 1.000000 0.000000
vn 0.000000 1.000000 0.000000
vn 0.000000 1.000000 0.000000
vn 0.000000 1.000000 0.000000
vn 0.000000 1.000000 0.000000
vn 0.000000 1.000000 0.000000
vn 0.000000 1.000000 0.000000
vn 0.000000 1.000000 0.000000
vn 0.000000 1.000000 0.000000
vn 0.000000 1.000000 0.000000
vn 0.000000 1.000000 0.000000
vn 0.000000 1.000000 0.000000
vn 0.000000 1.000000 0.000000
vn 0.000000 1.000000 0.000000
vn 0.000000 1.000000 0.000000
vn 0.000000 1.000000 0.000000
vn 0.000000 1.000000 0.000000
vn 0.000000 1.000000 0.000000
vn 0.000000 1.000000 0.000000
vn 0.000000 1.000000 0.000000
vn 0.000000 1.000000 0.000000
vn 0.000000 1.000000 0.000000
vn 0.000000 1.000000 0.000000
vn 0.000000 1.000000 0.000000
vn 0.000000 1.000000 0.000000
vn 0.000000 1.000000 0.000000
vn 0.000000 1.000000 0.000000
vn 0.000000 1.000000 0.000000
vn 0.000000 1.000000 0.000000
vn 0.000000 1.000000 0.000000
vn 0.000000 1.000000 0.000000
vn 0.000000 1.000000 0.000000
vn 0.000000 1.000000 0.000000
vn 0.000000 1.000000 0.000000
vn 0.000000 1.000000 0.000000
vn 0.000000 1.000000 0.000000
vn 0.000000 1.000000 0.000000
vn 0.000000 1.000000 0.000000
vn 0.000000 1.000000 0.000000
vn 0.000000 1.000000 0.000000
vn 0.000000 1.000000 0.000000
vn 0.000000 1.000000 0.000000
vn 0.000000 1.000000 0.000000
vn 0.000000 1.000000 0.000000
vn 0.000000 1.000000 0.000000
vn 0.000000 1.000000 0.000000
vn 0.000000 1.000000 0.000000
vn 0.000000 1.000000 0.000000
vn 0.000000 1.000000 0.000000
vn 0.000000 1.000000 0.000000
vn 0.000000 1.000000 0.000000
vn 0.000000 1.000000 0.000000
vn 0.000000 1.000000 0.000000
vn 0.000000 1.000000 0.000000
vn 0.000000 1.000000 0.000000
vn 0.000000 1.000000 0.000000
vn 0.000000 1.000000 0.000000
vn 0.000000 1.000000 0.000000
vn 0.000000 1.000000 0.000000
vn 0.000000 1.000000 0.000000
vn 0.000000 1.000000 0.000000
vn 0.000000 1.000000 0.000000
vn 0.000000 1.000000 0.000000
vn 0.000000 1.000000 0.000000
vn 0.000000 1.000000 0.000000
vn 0.000000 1.000000 0.000000
vn 0.000000 1.000000 0.000000
vn 0.000000 1.000000 0.000000
vn 0.000000 1.000000 0.000000
vn 0.000000 1.000000 0.000000
vn 0.000000 1.000000 0.000000
vn 0.000000 1.000000 0.000000
vn 0.000000 1.000000 0.000000
vn 0.000000 1.000000 0.000000
vn 0.000000 1.000000 0.000000
vn 0.000000 1.000000 0.000000
vn 0.000000 1.000000 0.000000
vn 0.000000 1.000000 0.000000
vn 0.000000 1.000000 0.000000
vn 0.000000 1.000000 0.000000
vn 0.000000 1.000000 0.000000
vn 0.000000 1.000000 0.000000
vn 0.000000 1.000000 0.000000
vn 0.000000 1.000000 0.000000
vn 0.000000 1.000000 0.000000
vn 0.000000 1.000000 0.000000
vn 0.000000 1.000000 0.000000
vn 0.000000 1.000000 0.000000
vn 0.000000 1.000000 0.000000
vn 0.000000 1.000000 0.000000
vn 0.000000 1.000000 0.000000
vn 0.000000 1.000000 0.000000
vn 0.000000 1.000000 0.000000
vn 0.000000 1.000000 0.000000
vn 0.000000 1.000000 0.000000
vn 0.000000 1.000000 0.000000
vn 0.000000 1.000000 0.000000
vn 0.000000 1.000000 0.000000
vn 0.000000 1.000000 0.000000
vn 0.000000 1.000000 0.000000
vn 0.000000 1.000000 0.000000
vn 0.000000 1.000000 0.000000
vn 0.000000 1.000000 0.000000
vn 0.000000 1.000000 0.000000
vn 0.000000 1.000000 0.000000
vn 0.000000 1.000000 0.000000
vn 0.000000 1.000000 0.000000
vn 0.000000 1.000000 0.000000
vn 0.000000 1.000000 0.000000
vn 0.000000 1.000000 0.000000
vn 0.000000 1.000000 0.000000
vn 0.000000 1.000000 0.000000
vn 0.000000 1.000000 0.000000
vn 0.000000 1.000000 0.000000
vn 0.000000 1.000000 0.000000
vn 0.000000 1.000000 0.000000
vn 0.000000 1.000000 0.000000
vn 0.000000 1.000000 0.000000
vn 0.000000 1.000000 0.000000
vn 0.000000 1.000000 0.000000
vn 0.000000 1.000000 0.000000
vn 0.000000 1.000000 0.000000
vn 0.000000 1.000000 0.000000
vn 0.000000 1.000000 0.000000
vn 0.000000 1.000000 0.000000
vn 0.000000 1.000000 0.000000
vn 0.000000 1.000000 0.000000
vn 0.000000 1.000000 0.000000
vn 0.000000 1.000000 0.000000
vn 0.000000 1.000000 0.000000
vn 0.000000 1.000000 0.000000
vn 0.000000 1.000000 0.000000
vn 0.000000 1.000000 0.000000
vn 0.000000 1.000000 0.000000
vn 0.000000 1.000000 0.000000
vn 0.000000 1.000000 0.000000
vn 0.000000 1.000000 0.000000
vn 0.000000 1.000000 0.000000
vn 0.000000 1.000000 0.000000
vn 0.000000 1.000000 0.000000
vn 0.000000 1.000000 0.000000
vn 0.000000 1.000000 0.000000
vn 0.000000 1.000000 0.000000
vn 0.000000 1.000000 0.000000
vn 0.000000 1.000000 0.000000
vn 0.000000 1.000000 0.000000
vn 0.000000 1.000000 0.000000
vn 0.000000 1.000000 0.000000
vn 0.000000 1.000000 0.000000
vn 0.000000 1.000000 0.000000
vn 0.000000 1.000000 0.000000
vn 0.000000 1.000000 0.000000
vn 0.000000 1.000000 0.000000
vn 0.000000 1.000000 0.000000
vn 0.000000 1.000000 0.000000
vn 0.000000 1.000000 0.000000
vn 0.000000 1.000000 0.000000
vn 0.000000 1.000000 0.000000
vn 0.000000 1.000000 0.000000
vn 0.000000 1.000000 0.000000
vn 0.000000 1.000000 0.000000
vn 0.000000 1.000000 0.000000
vn 0.000000 1.000000 0.000000
vn 0.000000 1.000000 0.000000
vn 0.000000 1.000000 0.000000
vn 0.000000 1.000000 0.000000
vn 0.000000 1.000000 0.000000
vn 0.000000 1.000000 0.000000
vn 0.000000 1.000000 0.000000
vn 0.000000 1.000000 0.000000
vn 0.000000 1.000000 0.000000
vn 0.000000 1.000000 0.000000
vn 0.000000 1.000000 0.000000
vn 0.000000 1.000000 0.000000
vn 0.000000 1.000000 0.000000
vn 0.000000 1.000000 0.000000
vn 0.000000 1.000000 0.000000
vn 0.000000 1.000000 0.000000
vn 0.000000 1.000000 0.000000
vn 0.000000 1.000000 0.000000
vn 0.000000 1.000000 0.000000
vn 0.000000 1.000000 0.000000
vn 0.000000 1.000000 0.000000
vn 0.000000 1.000000 0.000000
vn 0.000000 1.000000 0.000000
vn 0.000000 1.000000 0.000000
vn 0.000000 1.000000 0.000000
vn 0.000000 1.000000 0.000000
vn 0.000000 1.000000 0.000000
vn 0.000000 1.000000 0.000000
vn 0.000000 1.000000 0.000000
vn 0.000000 1.000000 0.000000
vn 0.000000 1.000000 0.000000
vn 0.000000 1.000000 0.000000
vn 0.000000 1.000000 0.000000
vn 0.000000 1.000000 0.000000
vn 0.000000 1.000000 0.000000
vn 0.000000 1.000000 0.000000
vn 0.000000 1.000000 0.000000
vn 0.000000 1.000000 0.000000
vn 0.000000 1.000000 0.000000
vn 0.000000 1.000000 0.000000
vn 0.000000 1.000000 0.000000
vn 0.000000 1.000000 0.000000
vn 0.000000 1.000000 0.000000
vn 0.000000 1.000000 0.000000
vn 0.000000 1.000000 0.000000
vn 0.000000 1.000000 0.000000
vn 0.000000 1.000000 0.000000
vn 0.000000 1.000000 0.000000
vn 0.000000 1.000000 0.000000
vn 0.000000 1.000000 0.000000
vn 0.000000 1.000000 0.000000
vn 0.000000 1.000000 0.000000
vn 0.000000 1.000000 0.000000
vn 0.000000 1.000000 0.000000
vn 0.000000 1.000000 0.000000
vn 0.000000 1.000000 0.000000
vn 0.000000 1.000000 0.000000
vn 0.000000 1.000000 0.000000
vn 0.000000 1.000000 0.000000
vn 0.000000 1.000000 0.000000
vn 0.000000 1.000000 0.000000
vn 0.000000 1.000000 0.000000
vn 0.000000 1.000000 0.000000
vn 0.000000 1.000000 0.000000
vn 0.000000 1.000000 0.000000
vn 0.000000 1.000000 0.000000
vn 0.000000 1.000000 0.000000
vn 0.000000 1.000000 0.000000
vn 0.000000 1.000000 0.000000
vn 0.000000 1.000000 0.000000
vn 0.000000 1.000000 0.000000
vn 0.000000 1.000000 0.000000
vn 0.000000 1.000000 0.000000
vn 0.000000 1.000000 0.000000
vn 0.000000 1.000000 0.000000
vn 0.000000 1.000000 0.000000
vn 0.000000 1.000000 0.000000
vn 0.000000 1.000000 0.000000
vn 0.000000 1.000000 0.000000
vn 0.000000 1.000000 0.000000
vn 0.000000 1.000000 0.000000
vn 0.000000 1.000000 0.000000
vn 0.000000 1.000000 0.000000
vn 0.000000 1.000000 0.000000
vn 0.000000 1.000000 0.000000
vn 0.000000 1.000000 0.000000
vn 0.000000 1.000000 0.000000
vn 0.000000 1.000000 0.000000
vn 0.000000 1.000000 0.000000
vn 0.000000 1.000000 0.000000
vn 0.000000 1.000000 0.000000
vn 0.000000 1.000000 0.000000
vn 0.000000 1.000000 0.000000
vn 0.000000 1.000000 0.000000
vn 0.000000 1.000000 0.000000
vn 0.000000 1.000000 0.000000
vn 0.000000 1.000000 0.000000
vn 0.000000 1.000000 0.000000
vn 0.000000 1.000000 0.000000
vn 0.000000 1.000000 0.000000
vn 0.000000 1.000000 0.000000
vn 0.000000 1.000000 0.000000
vn 0.000000 1.000000 0.000000
vn 0.000000 1.000000 0.000000
vn 0.000000 1.000000 0.000000
vn 0.000000 1.000000 0.000000
vn 0.000000 1.000000 0.000000
vn 0.000000 1.000000 0.000000
vn 0.000000 1.000000 0.000000
vn 0.000000 1.000000 0.000000
vn 0.000000 1.000000 0.000000
vn 0.000000 1.000000 0.000000
vn 0.000000 1.000000 0.000000
vn 0.000000 1.000000 0.000000
vn 0.000000 1.000000 0.000000
vn 0.000000 1.000000 0.000000
vn 0.000000 1.000000 0.000000
vn 0.000000 1.000000 0.000000
vn 0.000000 1.000000 0.000000
vn 0.000000 1.000000 0.000000
vn 0.000000 1.000000 0.000000
vn 0.000000 1.000000 0.000000
vn 0.000000 1.000000 0.000000
vn 0.000000 1.000000 0.000000
vn 0.000000 1.000000 0.000000
vn 0.000000 1.000000 0.000000
vn 0.000000 1.000000 0.000000
vn 0.000000 1.000000 0.000000
vn 0.000000 1.000000 0.000000
vn 0.000000 1.000000 0.000000
vn 0.000000 1.000000 0.000000
vn 0.000000 1.000000 0.000000
vn 0.000000 1.000000 0.000000
vn 0.000000 1.000000 0.000000
vn 0.000000 1.000000 0.000000
vn 0.000000 1.000000 0.000000
vn 0.000000 1.000000 0.000000
vn 0.000000 1.000000 0.000000
vn 0.000000 1.000000 0.000000
vn 0.000000 1.000000 0.000000
vn 0.000000 1.000000 0.000000
vn 0.000000 1.000000 0.000000
vn 0.000000 1.000000 0.000000
vn 0.000000 1.000000 0.000000
vn 0.000000 1.000000 0.000000
vn 0.000000 1.000000 0.000000
vn 0.000000 1.000000 0.000000
vn 0.000000 1.000000 0.000000
vn 0.000000 1.000000 0.000000
vn 0.000000 1.000000 0.000000
vn 0.000000 1.000000 0.000000
vn 0.000000 1.000000 0.000000
vn 0.000000 1.000000 0.000000
vn 0.000000 1.000000 0.000000
vn 0.000000 1.000000 0.000000
vn 0.000000 1.000000 0.000000
vn 0.000000 1.000000 0.000000
vn 0.000000 1.000000 0.000000
vn 0.000000 1.000000 0.000000
vn 0.000000 1.000000 0.000000
vn 0.000000 1.000000 0.000000
vn 0.000000 1.000000 0.000000
vn 0.000000 1.000000 0.000000
vn 0.000000 1.000000 0.000000
vn 0.000000 1.000000 0.000000
vn 0.000000 1.000000 0.000000
vn 0.000000 1.000000 0.000000
vn 0.000000 1.000000 0.000000
vn 0.000000 1.000000 0.000000
vn 0.000000 1.000000 0.000000
vn 0.000000 1.000000 0.000000
vn 0.000000 1.000000 0.000000
vn 0.000000 1.000000 0.000000
vn 0.000000 1.000000 0.000000
vn 0.000000 1.000000 0.000000
vn 0.000000 1.000000 0.000000
vn 0.000000 1.000000 0.000000
vn 0.000000 1.000000 0.000000
vn 0.000000 1.000000 0.000000
vn 0.000000 1.000000 0.000000
vn 0.000000 1.000000 0.000000
vn 0.000000 1.000000 0.000000
vn 0.000000 1.000000 0.000000
vn 0.000000 1.000000 0.000000
vn 0.000000 1.000000 0.000000
vn 0.000000 1.000000 0.000000
vn 0.000000 1.000000 0.000000
vn 0.000000 1.000000 0.000000
vn 0.000000 1.000000 0.000000
vn 0.000000 1.000000 0.000000
vn 0.000000 1.000000 0.000000
vn 0.000000 1.000000 0.000000
vn 0.000000 1.000000 0.000000
vn 0.000000 1.000000 0.000000
vn 0.000000 1.000000 0.000000
vn 0.000000 1.000000 0.000000
vn 0.000000 1.000000 0.000000
vn 0.000000 1.000000 0.000000
vn 0.000000 1.000000 0.000000
vn 0.000000 1.000000 0.000000
vn 0.000000 1.000000 0.000000
vn 0.000000 1.000000 0.000000
vn 0.000000 1.000000 0.000000
vn 0.000000 1.000000 0.000000
vn 0.000000 1.000000 0.000000
vn 0.000000 1.000000 0.000000
vn 0.000000 1.000000 0.000000
vn 0.000000 1.000000 0.000000
vn 0.000000 1.000000 0.000000
vn 0.000000 1.000000 0.000000
vn 0.000000 1.000000 0.000000
vn 0.000000 1.000000 0.000000
vn 0.000000 1.000000 0.000000
vn 0.000000 1.000000 0.000000
vn 0.000000 1.000000 0.000000
vn 0.000000 1.000000 0.000000
vn 0.000000 1.000000 0.000000
vn 0.000000 1.000000 0.000000
vn 0.000000 1.000000 0.000000
vn 0.000000 1.000000 0.000000
vn 0.000000 1.000000 0.000000
vn 0.000000 1.000000 0.000000
vn 0.000000 1.000000 0.000000
vn 0.000000 1.000000 0.000000
vn 0.000000 1.000000 0.000000
vn 0.000000 1.000000 0.000000
vn 0.000000 1.000000 0.000000
vn 0.000000 1.000000 0.000000
vn 0.000000 1.000000 0.000000
vn 0.000000 1.000000 0.000000
vn 0.000000 1.000000 0.000000
vn 0.000000 1.000000 0.000000
vn 0.000000 1.000000 0.000000
vn 0.000000 1.000000 0.000000
vn 0.000000 1.000000 0.000000
vn 0.000000 1.000000 0.000000
vn 0.000000 1.000000 0.000000
vn 0.000000 1.000000 0.000000
vn 0.000000 1.000000 0.000000
vn 0.000000 1.000000 0.000000
vn 0.000000 1.000000 0.000000
vn 0.000000 1.000000 0.000000
vn 0.000000 1.000000 0.000000
vn 0.000000 1.000000 0.000000
vn 0.000000 1.000000 0.000000
vn 0.000000 1.000000 0.000000
vn 0.000000 1.000000 0.000000
vn 0.000000 1.000000 0.000000
vn 0.000000 1.000000 0.000000
vn 0.000000 1.000000 0.000000
vn 0.000000 1.000000 0.000000
vn 0.000000 1.000000 0.000000
vn 0.000000 1.000000 0.000000
vn 0.000000 1.000000 0.000000
vn 0.000000 1.000000 0.000000
vn 0.000000 1.000000 0.000000
vn 0.000000 1.000000 0.000000
vn 0.000000 1.000000 0.000000
vn 0.000000 1.000000 0.000000
vn 0.000000 1.000000 0.000000
vn 0.000000 1.000000 0.000000
vn 0.000000 1.000000 0.000000
vn 0.000000 1.000000 0.000000
vn 0.000000 1.000000 0.000000
vn 0.000000 1.000000 0.000000
vn 0.000000 1.000000 0.000000
vn 0.000000 1.000000 0.000000
vn 0.000000 1.000000 0.000000
vn 0.000000 1.000000 0.000000
vn 0.000000 1.000000 0.000000
vn 0.000000 1.000000 0.000000
vn 0.000000 1.000000 0.000000
vn 0.000000 1.000000 0.000000
vn 0.000000 1.000000 0.000000
vn 0.000000 1.000000 0.000000
vn 0.000000 1.000000 0.000000
vn 0.000000 1.000000 0.000000
vn 0.000000 1.000000 0.000000
vn 0.000000 1.000000 0.000000
vn 0.000000 1.000000 0.000000
vn 0.000000 1.000000 0.000000
vn 0.000000 1.000000 0.000000
vn 0.000000 1.000000 0.000000
vn 0.000000 1.000000 0.000000
vn 0.000000 1.000000 0.000000
vn 0.000000 1.000000 0.000000
vn 0.000000 1.000000 0.000000
vn 0.000000 1.000000 0.000000
vn 0.000000 1.000000 0.000000
vn 0.000000 1.000000 0.000000
vn 0.000000 1.000000 0.000000
vn 0.000000 1.000000 0.000000
vn 0.000000 1.000000 0.000000
vn 0.000000 1.000000 0.000000
vn 0.000000 1.000000 0.000000
vn 0.000000 1.000000 0.000000
vn 0.000000 1.000000 0.000000
vn 0.000000 1.000000 0.000000
vn 0.000000 1.000000 0.000000
vn 0.000000 1.000000 0.000000
vn 0.000000 1.000000 0.000000
vn 0.000000 1.000000 0.000000
vn 0.000000 1.000000 0.000000
vn 0.000000 1.000000 0.000000
vn 0.000000 1.000000 0.000000
vn 0.000000 1.000000 0.000000
vn 0.000000 1.000000 0.000000
vn 0.000000 1.000000 0.000000
vn 0.000000 1.000000 0.000000
vn 0.000000 1.000000 0.000000
vn 0.000000 1.000000 0.000000
vn 0.000000 1.000000 0.000000
vn 0.000000 1.000000 0.000000
vn 0.000000 1.000000 0.000000
vn 0.000000 1.000000 0.000000
vn 0.000000 1.000000 0.000000
vn 0.000000 1.000000 0.000000
vn 0.000000 1.000000 0.000000
vn 0.000000 1.000000 0.000000
vn 0.000000 1.000000 0.000000
vn 0.000000 1.000000 0.000000
vn 0.000000 1.000000 0.000000
vn 0.000000 1.000000 0.000000
vn 0.000000 1.000000 0.000000
vn 0.000000 1.000000 0.000000
vn 0.000000 1.000000 0.000000
vn 0.000000 1.000000 0.000000
vn 0.000000 1.000000 0.000000
vn 0.000000 1.000000 0.000000
vn 0.000000 1.000000 0.000000
vn 0.000000 1.000000 0.000000
vn 0.000000 1.000000 0.000000
vn 0.000000 1.000000 0.000000
vn 0.000000 1.000000 0.000000
vn 0.000000 1.000000 0.000000
vn 0.000000 1.000000 0.000000
vn 0.000000 1.000000 0.000000
vn 0.000000 1.000000 0.000000
vn 0.044565 0.999007 -0.000170
vn 0.613073 0.790025 -0.001708
vn 0.612204 0.790700 0.000006
vn 0.060643 0.998160 -0.000009
vn 0.613073 0.790025 -0.001708
vn 0.944750 0.327792 -0.000379
vn 0.945748 0.324900 0.000013
vn 0.612204 0.790700 0.000006
vn 0.000082 0.999303 0.037332
vn 0.000760 0.796761 0.604294
vn 0.000000 0.794707 0.606993
vn 0.000000 0.999120 0.041955
vn 0.000760 0.796761 0.604294
vn 0.000155 0.327697 0.944783
vn 0.000000 0.325340 0.945597
vn 0.000000 0.794707 0.606993
vn 0.000000 0.437216 -0.899357
vn 0.000000 0.832832 -0.553527
vn -0.000869 0.835131 -0.550050
vn -0.000175 0.439445 -0.898270
vn 0.000000 0.832832 -0.553527
vn 0.000000 0.999308 -0.037205
vn -0.000088 0.999469 -0.032580
vn -0.000869 0.835131 -0.550050
vn -0.937506 0.347970 0.000000
vn -0.596584 0.802550 0.000000
vn -0.593263 0.805008 0.001008
vn -0.936647 0.350276 0.000206
vn -0.596584 0.802550 0.000000
vn -0.040995 0.999159 0.000000
vn -0.035835 0.999358 0.000105
vn -0.593263 0.805008 0.001008
vn 0.000082 0.999303 0.037332
vn 0.000000 0.999120 0.041955
vn 0.000000 1.000000 0.000000
vn 0.000000 1.000000 0.000000
vn 0.000000 0.999120 0.041955
vn -0.000126 0.999331 0.036562
vn 0.000000 1.000000 0.000000
vn 0.000000 1.000000 0.000000
vn 0.000000 1.000000 0.000000
vn -0.011193 0.999874 0.011232
vn 0.000000 1.000000 0.000000
vn 0.000000 1.000000 0.000000
vn 0.944750 0.327792 -0.000379
vn 0.897791 0.402596 -0.178574
vn 0.941371 0.311328 -0.129981
vn 0.964764 0.263117 0.000000
vn 0.945748 0.324900 0.000013
vn 0.944750 0.327792 -0.000379
vn 0.964764 0.263117 0.000000
vn 0.964764 0.263117 0.000000
vn 0.945685 0.325085 0.000010
vn 0.945748 0.324900 0.000013
vn 0.964764 0.263117 0.000000
vn 0.964764 0.263119 0.000000
vn 0.945642 0.325209 0.000006
vn 0.945685 0.325085 0.000010
vn 0.964764 0.263119 0.000000
vn 0.964764 0.263117 0.000000
vn 0.945621 0.325270 0.000002
vn 0.945642 0.325209 0.000006
vn 0.964764 0.263117 0.000000
vn 0.964764 0.263116 0.000000
vn 0.944818 0.327595 0.000156
vn 0.945621 0.325270 0.000002
vn 0.964764 0.263116 0.000000
vn 0.964764 0.263116 0.000000
vn 0.000155 0.327697 0.944783
vn 0.085049 0.359901 0.929106
vn 0.063743 0.278726 0.958253
vn 0.000000 0.263117 0.964764
vn 0.958253 0.278725 0.063743
vn 0.929031 0.360122 0.084932
vn 0.944818 0.327595 0.000156
vn 0.964764 0.263116 0.000000
vn 0.000000 0.325340 0.945597
vn 0.000155 0.327697 0.944783
vn 0.000000 0.263117 0.964764
vn 0.000000 0.263117 0.964764
vn -0.000247 0.327970 0.944688
vn 0.000000 0.325340 0.945597
vn 0.000000 0.263117 0.964764
vn -0.000001 0.263117 0.964764
vn -0.147275 0.301257 0.942101
vn -0.181339 0.382338 0.906054
vn -0.000247 0.327970 0.944688
vn -0.000001 0.263117 0.964764
vn 0.000000 1.000000 0.000000
vn 0.000000 1.000000 0.000000
vn 0.000076 0.999454 -0.033027
vn 0.003251 0.999812 -0.019130
vn 0.000000 1.000000 0.000000
vn 0.000000 1.000000 0.000000
vn 0.000000 0.999308 -0.037205
vn 0.000076 0.999454 -0.033027
vn 0.000000 1.000000 0.000000
vn 0.000000 1.000000 0.000000
vn -0.000088 0.999469 -0.032580
vn 0.000000 0.999308 -0.037205
vn 0.000000 1.000000 0.000000
vn 0.000000 1.000000 0.000000
vn -0.004459 0.999692 -0.024399
vn -0.000088 0.999469 -0.032580
vn -0.172539 0.485922 -0.856802
vn -0.146549 0.420203 -0.895518
vn -0.000000 0.387217 -0.921989
vn -0.000175 0.439445 -0.898270
vn -0.000000 0.387217 -0.921989
vn 0.000000 0.387217 -0.921989
vn 0.000000 0.437216 -0.899357
vn -0.000175 0.439445 -0.898270
vn 0.000000 0.387217 -0.921989
vn 0.000000 0.387217 -0.921989
vn 0.000150 0.439170 -0.898404
vn 0.000000 0.437216 -0.899357
vn 0.000000 0.387217 -0.921989
vn 0.133228 0.414433 -0.900275
vn 0.155620 0.479490 -0.863639
vn 0.000150 0.439170 -0.898404
vn 0.000000 1.000000 0.000000
vn 0.000000 1.000000 0.000000
vn -0.035419 0.999373 -0.000163
vn -0.026016 0.999650 -0.004876
vn 0.000000 1.000000 0.000000
vn 0.000000 1.000000 0.000000
vn -0.040995 0.999159 0.000000
vn -0.035419 0.999373 -0.000163
vn 0.000000 1.000000 0.000000
vn 0.000000 1.000000 0.000000
vn -0.040995 0.999159 0.000000
vn -0.040995 0.999159 0.000000
vn 0.000000 1.000000 0.000000
vn 0.000000 1.000000 0.000000
vn -0.040995 0.999159 0.000000
vn -0.040995 0.999159 0.000000
vn 0.000000 1.000000 0.000000
vn 0.000000 1.000000 0.000000
vn -0.040995 0.999159 0.000000
vn -0.040995 0.999159 0.000000
vn 0.000000 1.000000 0.000000
vn 0.000000 1.000000 0.000000
vn -0.035835 0.999358 0.000105
vn -0.040995 0.999159 0.000000
vn 0.000000 1.000000 0.000000
vn 0.000000 1.000000 0.000000
vn -0.026869 0.999627 0.004913
vn -0.035835 0.999358 0.000105
vn -0.900135 0.398205 0.176604
vn -0.935179 0.321788 0.147960
vn -0.957578 0.288175 0.000000
vn -0.936647 0.350276 0.000206
vn -0.957578 0.288175 0.000000
vn -0.957578 0.288174 0.000000
vn -0.937506 0.347970 0.000000
vn -0.936647 0.350276 0.000206
vn -0.957578 0.288174 0.000000
vn -0.957578 0.288174 0.000000
vn -0.937506 0.347970 0.000000
vn -0.937506 0.347970 0.000000
vn -0.957578 0.288174 0.000000
vn -0.957578 0.288174 0.000000
vn -0.937506 0.347970 0.000000
vn -0.937506 0.347970 0.000000
vn -0.957578 0.288174 0.000000
vn -0.957578 0.288175 0.000000
vn -0.937506 0.347970 0.000000
vn -0.937506 0.347970 0.000000
vn -0.957578 0.288175 0.000000
vn -0.957578 0.288175 0.000000
vn -0.936128 0.351660 -0.000336
vn -0.937506 0.347970 0.000000
vn -0.957578 0.288175 0.000000
vn -0.929000 0.340482 -0.145023
vn -0.884188 0.426078 -0.191491
vn -0.936128 0.351660 -0.000336
vn -0.900135 0.398205 0.176604
vn -0.633127 0.446132 0.632548
vn -0.650195 0.375763 0.660340
vn -0.935179 0.321788 0.147960
vn -0.633127 0.446132 0.632548
vn -0.181339 0.382338 0.906054
vn -0.147275 0.301257 0.942101
vn -0.650195 0.375763 0.660340
vn -0.929000 0.340482 -0.145023
vn -0.652722 0.451829 -0.608115
vn -0.606111 0.515999 -0.605288
vn -0.884188 0.426078 -0.191491
vn -0.652722 0.451829 -0.608115
vn -0.146549 0.420203 -0.895518
vn -0.172539 0.485922 -0.856802
vn -0.606111 0.515999 -0.605288
vn 0.000000 1.000000 0.000000
vn -0.010448 0.999893 -0.010215
vn -0.004459 0.999692 -0.024399
vn 0.000000 1.000000 0.000000
vn 0.002513 0.999609 0.027845
vn 0.000082 0.999303 0.037332
vn 0.000000 1.000000 0.000000
vn 0.085049 0.359901 0.929106
vn 0.465030 0.416468 0.781218
vn 0.457409 0.347937 0.818362
vn 0.063743 0.278726 0.958253
vn 0.465030 0.416468 0.781218
vn 0.780946 0.416940 0.465064
vn 0.818363 0.347936 0.457408
vn 0.457409 0.347937 0.818362
vn 0.780946 0.416940 0.465064
vn 0.929031 0.360122 0.084932
vn 0.958253 0.278725 0.063743
vn 0.818363 0.347936 0.457408
vn 0.000000 1.000000 0.000000
vn 0.009661 0.999822 0.016226
vn 0.002513 0.999609 0.027845
vn 0.897791 0.402596 -0.178574
vn 0.611246 0.502663 -0.611318
vn 0.663051 0.436299 -0.608282
vn 0.941371 0.311328 -0.129981
vn 0.611246 0.502663 -0.611318
vn 0.155620 0.479490 -0.863639
vn 0.133228 0.414433 -0.900275
vn 0.663051 0.436299 -0.608282
vn 0.000000 1.000000 0.000000
vn 0.003251 0.999812 -0.019130
vn 0.014232 0.999802 -0.013887
vn -0.088276 0.996096 0.001021
vn 0.944750 0.327792 -0.000379
vn 0.613073 0.790025 -0.001708
vn 0.526125 0.845447 -0.091716
vn 0.897791 0.402596 -0.178574
vn 0.613073 0.790025 -0.001708
vn 0.044565 0.999007 -0.000170
vn 0.022088 0.999749 -0.003793
vn 0.526125 0.845447 -0.091716
vn 0.060643 0.998160 -0.000009
vn 0.612204 0.790700 0.000006
vn 0.610009 0.792395 0.000006
vn 0.060433 0.998172 -0.000007
vn 0.612204 0.790700 0.000006
vn 0.945748 0.324900 0.000013
vn 0.945685 0.325085 0.000010
vn 0.610009 0.792395 0.000006
vn 0.060433 0.998172 -0.000007
vn 0.610009 0.792395 0.000006
vn 0.608522 0.793537 0.000004
vn 0.060301 0.998180 -0.000004
vn 0.610009 0.792395 0.000006
vn 0.945685 0.325085 0.000010
vn 0.945642 0.325209 0.000006
vn 0.608522 0.793537 0.000004
vn 0.060301 0.998180 -0.000004
vn 0.608522 0.793537 0.000004
vn 0.607773 0.794111 0.000001
vn 0.060235 0.998184 -0.000001
vn 0.608522 0.793537 0.000004
vn 0.945642 0.325209 0.000006
vn 0.945621 0.325270 0.000002
vn 0.607773 0.794111 0.000001
vn 0.060235 0.998184 -0.000001
vn 0.607773 0.794111 0.000001
vn 0.605203 0.796071 0.000765
vn 0.044282 0.999019 0.000096
vn 0.607773 0.794111 0.000001
vn 0.945621 0.325270 0.000002
vn 0.944818 0.327595 0.000156
vn 0.605203 0.796071 0.000765
vn 0.044282 0.999019 0.000096
vn 0.605203 0.796071 0.000765
vn 0.557109 0.829049 0.048028
vn 0.021795 0.999761 0.001914
vn 0.605203 0.796071 0.000765
vn 0.944818 0.327595 0.000156
vn 0.929031 0.360122 0.084932
vn 0.557109 0.829049 0.048028
vn 0.000155 0.327697 0.944783
vn 0.000760 0.796761 0.604294
vn 0.048860 0.828338 0.558094
vn 0.085049 0.359901 0.929106
vn 0.000760 0.796761 0.604294
vn 0.000082 0.999303 0.037332
vn 0.002513 0.999609 0.027845
vn 0.048860 0.828338 0.558094
vn 0.000000 0.999120 0.041955
vn 0.000000 0.794707 0.606993
vn -0.001199 0.797404 0.603445
vn -0.000126 0.999331 0.036562
vn 0.000000 0.794707 0.606993
vn 0.000000 0.325340 0.945597
vn -0.000247 0.327970 0.944688
vn -0.001199 0.797404 0.603445
vn -0.000126 0.999331 0.036562
vn -0.001199 0.797404 0.603445
vn -0.098587 0.839172 0.534857
vn -0.005030 0.999615 0.027274
vn -0.001199 0.797404 0.603445
vn -0.000247 0.327970 0.944688
vn -0.181339 0.382338 0.906054
vn -0.098587 0.839172 0.534857
vn 0.000076 0.999454 -0.033027
vn 0.000746 0.834948 -0.550328
vn 0.082289 0.867969 -0.489753
vn 0.003251 0.999812 -0.019130
vn 0.000746 0.834948 -0.550328
vn 0.000150 0.439170 -0.898404
vn 0.155620 0.479490 -0.863639
vn 0.082289 0.867969 -0.489753
vn 0.000150 0.439170 -0.898404
vn 0.000746 0.834948 -0.550328
vn 0.000000 0.832832 -0.553527
vn 0.000000 0.437216 -0.899357
vn 0.000746 0.834948 -0.550328
vn 0.000076 0.999454 -0.033027
vn 0.000000 0.999308 -0.037205
vn 0.000000 0.832832 -0.553527
vn -0.000175 0.439445 -0.898270
vn -0.000869 0.835131 -0.550050
vn -0.088877 0.870049 -0.484887
vn -0.172539 0.485922 -0.856802
vn -0.000869 0.835131 -0.550050
vn -0.000088 0.999469 -0.032580
vn -0.004459 0.999692 -0.024399
vn -0.088877 0.870049 -0.484887
vn -0.035419 0.999373 -0.000163
vn -0.592039 0.805908 -0.001602
vn -0.514117 0.852131 -0.097757
vn -0.026016 0.999650 -0.004876
vn -0.592039 0.805908 -0.001602
vn -0.936128 0.351660 -0.000336
vn -0.884188 0.426078 -0.191491
vn -0.514117 0.852131 -0.097757
vn -0.936128 0.351660 -0.000336
vn -0.592039 0.805908 -0.001602
vn -0.596585 0.802550 0.000000
vn -0.937506 0.347970 0.000000
vn -0.592039 0.805908 -0.001602
vn -0.035419 0.999373 -0.000163
vn -0.040995 0.999159 0.000000
vn -0.596585 0.802550 0.000000
vn -0.937506 0.347970 0.000000
vn -0.596585 0.802550 0.000000
vn -0.596584 0.802551 0.000000
vn -0.937506 0.347970 0.000000
vn -0.596585 0.802550 0.000000
vn -0.040995 0.999159 0.000000
vn -0.040995 0.999159 0.000000
vn -0.596584 0.802551 0.000000
vn -0.937506 0.347970 0.000000
vn -0.596584 0.802551 0.000000
vn -0.596584 0.802551 0.000000
vn -0.937506 0.347970 0.000000
vn -0.596584 0.802551 0.000000
vn -0.040995 0.999159 0.000000
vn -0.040995 0.999159 0.000000
vn -0.596584 0.802551 0.000000
vn -0.937506 0.347970 0.000000
vn -0.596584 0.802551 0.000000
vn -0.596584 0.802550 0.000000
vn -0.937506 0.347970 0.000000
vn -0.596584 0.802551 0.000000
vn -0.040995 0.999159 0.000000
vn -0.040995 0.999159 0.000000
vn -0.596584 0.802550 0.000000
vn -0.936647 0.350276 0.000206
vn -0.593263 0.805008 0.001008
vn -0.527730 0.843948 0.096193
vn -0.900135 0.398205 0.176604
vn -0.593263 0.805008 0.001008
vn -0.035835 0.999358 0.000105
vn -0.026869 0.999627 0.004913
vn -0.527730 0.843948 0.096193
vn -0.900135 0.398205 0.176604
vn -0.527730 0.843948 0.096193
vn -0.337271 0.878600 0.338097
vn -0.633127 0.446132 0.632548
vn -0.527730 0.843948 0.096193
vn -0.026869 0.999627 0.004913
vn -0.011193 0.999874 0.011232
vn -0.337271 0.878600 0.338097
vn -0.172539 0.485922 -0.856802
vn -0.088877 0.870049 -0.484887
vn -0.316076 0.896454 -0.310591
vn -0.606111 0.515999 -0.605288
vn -0.088877 0.870049 -0.484887
vn -0.004459 0.999692 -0.024399
vn -0.010448 0.999893 -0.010215
vn -0.316076 0.896454 -0.310591
vn -0.005030 0.999615 0.027274
vn -0.098587 0.839172 0.534857
vn -0.337271 0.878600 0.338097
vn -0.011193 0.999874 0.011232
vn -0.098587 0.839172 0.534857
vn -0.181339 0.382338 0.906054
vn -0.633127 0.446132 0.632548
vn -0.337271 0.878600 0.338097
vn -0.026016 0.999650 -0.004876
vn -0.514117 0.852131 -0.097757
vn -0.316076 0.896454 -0.310591
vn -0.010448 0.999893 -0.010215
vn -0.514117 0.852131 -0.097757
vn -0.884188 0.426078 -0.191491
vn -0.606111 0.515999 -0.605288
vn -0.316076 0.896454 -0.310591
vn 0.085049 0.359901 0.929106
vn 0.048860 0.828338 0.558094
vn 0.261015 0.859551 0.439368
vn 0.465030 0.416468 0.781218
vn 0.048860 0.828338 0.558094
vn 0.002513 0.999609 0.027845
vn 0.009661 0.999822 0.016226
vn 0.261015 0.859551 0.439368
vn 0.465030 0.416468 0.781218
vn 0.261015 0.859551 0.439368
vn 0.435987 0.861501 0.260253
vn 0.780946 0.416940 0.465064
vn 0.261015 0.859551 0.439368
vn 0.009661 0.999822 0.016226
vn 0.021351 0.999690 0.012805
vn 0.435987 0.861501 0.260253
vn 0.021795 0.999761 0.001914
vn 0.557109 0.829049 0.048028
vn 0.435987 0.861501 0.260253
vn 0.021351 0.999690 0.012805
vn 0.557109 0.829049 0.048028
vn 0.929031 0.360122 0.084932
vn 0.780946 0.416940 0.465064
vn 0.435987 0.861501 0.260253
vn 0.897791 0.402596 -0.178574
vn 0.526125 0.845447 -0.091716
vn 0.323680 0.891264 -0.317615
vn 0.611246 0.502663 -0.611318
vn 0.526125 0.845447 -0.091716
vn 0.022088 0.999749 -0.003793
vn 0.014232 0.999802 -0.013887
vn 0.323680 0.891264 -0.317615
vn 0.003251 0.999812 -0.019130
vn 0.082289 0.867969 -0.489753
vn 0.323680 0.891264 -0.317615
vn 0.014232 0.999802 -0.013887
vn 0.082289 0.867969 -0.489753
vn 0.155620 0.479490 -0.863639
vn 0.611246 0.502663 -0.611318
vn 0.323680 0.891264 -0.317615
vn -0.000126 0.999331 0.036562
vn -0.005030 0.999615 0.027274
vn 0.000000 1.000000 0.000000
vn 0.000000 1.000000 0.000000
vn -0.026869 0.999627 0.004913
vn 0.000000 1.000000 0.000000
vn -0.011193 0.999874 0.011232
vn 0.000000 1.000000 0.000000
vn -0.005030 0.999615 0.027274
vn -0.011193 0.999874 0.011232
vn -0.026016 0.999650 -0.004876
vn -0.010448 0.999893 -0.010215
vn 0.000000 1.000000 0.000000
vn 0.000226 0.997984 0.063464
vn 0.000929 0.866240 0.499628
vn -0.000018 0.866562 0.499070
vn 0.000000 0.998316 0.058006
vn 0.000929 0.866240 0.499628
vn 0.000144 0.537101 0.843518
vn -0.000005 0.539667 0.841879
vn -0.000018 0.866562 0.499070
vn 0.023414 0.999726 -0.000178
vn 0.570198 0.821504 -0.002159
vn 0.564189 0.825646 0.000053
vn 0.020648 0.999787 0.000007
vn 0.570198 0.821504 -0.002159
vn 0.919392 0.393343 -0.000366
vn 0.916932 0.399043 0.000001
vn 0.564189 0.825646 0.000053
vn -0.917048 0.398778 -0.000026
vn -0.572417 0.819963 -0.000126
vn -0.575230 0.817989 0.002195
vn -0.919442 0.393225 0.000394
vn -0.572417 0.819963 -0.000126
vn -0.054534 0.998512 -0.000015
vn -0.056036 0.998429 0.000482
vn -0.575230 0.817989 0.002195
vn 0.000004 0.539689 -0.841864
vn 0.000015 0.867080 -0.498169
vn -0.000523 0.865714 -0.500539
vn -0.000083 0.538581 -0.842574
vn 0.000015 0.867080 -0.498169
vn -0.000000 0.998325 -0.057852
vn -0.000146 0.996958 -0.077935
vn -0.000523 0.865714 -0.500539
vn 0.000275 0.998390 0.056714
vn 0.001323 0.823345 0.567540
vn -0.000045 0.824691 0.565583
vn -0.000005 0.998535 0.054105
vn 0.001323 0.823345 0.567540
vn 0.000224 0.405728 0.913994
vn -0.000009 0.410394 0.911908
vn -0.000045 0.824691 0.565583
vn 0.023159 0.999732 -0.000078
vn 0.540206 0.841532 -0.000978
vn 0.536865 0.843668 0.000010
vn 0.020097 0.999798 0.000001
vn 0.540206 0.841532 -0.000978
vn 0.888436 0.459001 -0.000153
vn 0.886572 0.462591 0.000001
vn 0.536865 0.843668 0.000010
vn -0.886605 0.462528 -0.000006
vn -0.538673 0.842515 -0.000025
vn -0.540023 0.841650 0.000985
vn -0.888414 0.459042 0.000157
vn -0.538673 0.842515 -0.000025
vn -0.054708 0.998502 -0.000001
vn -0.059074 0.998254 0.000211
vn -0.540023 0.841650 0.000985
vn 0.000008 0.410364 -0.911922
vn 0.000037 0.825253 -0.564763
vn -0.000725 0.823571 -0.567213
vn -0.000126 0.409417 -0.912347
vn 0.000037 0.825253 -0.564763
vn 0.000004 0.998545 -0.053920
vn -0.000176 0.997309 -0.073312
vn -0.000725 0.823571 -0.567213
vn 0.000134 0.998428 0.056052
vn 0.000680 0.843952 0.536418
vn -0.000005 0.843956 0.536412
vn 0.000002 0.998680 0.051360
vn 0.000680 0.843952 0.536418
vn 0.000103 0.462838 0.886443
vn -0.000003 0.465433 0.885083
vn -0.000005 0.843956 0.536412
vn 0.080021 0.996793 -0.000447
vn 0.611314 0.791386 -0.001632
vn 0.607003 0.794700 0.000047
vn 0.074604 0.997213 0.000010
vn 0.611314 0.791386 -0.001632
vn 0.950555 0.310556 -0.000274
vn 0.948545 0.316643 0.000008
vn 0.607003 0.794700 0.000047
vn -0.948545 0.316644 -0.000008
vn -0.607004 0.794699 -0.000047
vn -0.611316 0.791385 0.001632
vn -0.950555 0.310556 0.000274
vn -0.607004 0.794699 -0.000047
vn -0.057418 0.998350 -0.000008
vn -0.060736 0.998154 0.000339
vn -0.611316 0.791385 0.001632
vn -0.000001 0.465390 -0.885106
vn -0.000004 0.843629 -0.536927
vn 0.013387 0.840937 -0.540967
vn 0.012240 0.470210 -0.882470
vn -0.000004 0.843629 -0.536927
vn 0.000000 0.998687 -0.051223
vn 0.001418 0.998309 -0.058119
vn 0.013387 0.840937 -0.540967
vn 0.000215 0.998068 0.062127
vn 0.001130 0.774775 0.632236
vn -0.000004 0.776231 0.630449
vn 0.000001 0.998442 0.055808
vn 0.001130 0.774775 0.632236
vn 0.000176 0.259801 0.965662
vn -0.000003 0.263762 0.964588
vn -0.000004 0.776231 0.630449
vn 0.062735 0.998030 -0.000138
vn 0.602198 0.798347 -0.000702
vn 0.602044 0.798463 -0.000003
vn 0.055477 0.998460 0.000000
vn 0.602198 0.798347 -0.000702
vn 0.945890 0.324486 -0.000104
vn 0.944980 0.327128 0.000000
vn 0.602044 0.798463 -0.000003
vn -0.944980 0.327127 0.000001
vn -0.602045 0.798462 0.000003
vn -0.602197 0.798347 0.000702
vn -0.945890 0.324486 0.000104
vn -0.602045 0.798462 0.000003
vn -0.055477 0.998460 0.000000
vn -0.062735 0.998030 0.000138
vn -0.602197 0.798347 0.000702
vn 0.000003 0.263762 -0.964588
vn 0.000004 0.776231 -0.630449
vn -0.001130 0.774776 -0.632235
vn -0.000175 0.259800 -0.965663
vn 0.000004 0.776231 -0.630449
vn -0.000002 0.996828 -0.079592
vn -0.000309 0.996010 -0.089242
vn -0.001130 0.774776 -0.632235
vn 0.000226 0.997984 0.063464
vn 0.000000 0.998316 0.058006
vn 0.000000 1.000000 0.000000
vn 0.000000 1.000000 0.000000
vn 0.000000 0.998316 0.058006
vn 0.000000 0.998323 0.057885
vn 0.000000 1.000000 0.000000
vn 0.000000 1.000000 0.000000
vn 0.000000 0.998323 0.057885
vn 0.000000 0.998329 0.057782
vn 0.000000 1.000000 0.000000
vn 0.000000 1.000000 0.000000
vn 0.000000 0.998329 0.057782
vn 0.000000 0.998334 0.057697
vn 0.000000 1.000000 0.000000
vn 0.000000 1.000000 0.000000
vn 0.000000 0.998334 0.057697
vn 0.000000 0.998338 0.057629
vn 0.000000 1.000000 0.000000
vn 0.000000 1.000000 0.000000
vn 0.000000 0.998338 0.057629
vn 0.000000 0.998341 0.057580
vn 0.000000 1.000000 0.000000
vn 0.000000 1.000000 0.000000
vn 0.000000 0.998341 0.057580
vn 0.000000 0.998343 0.057550
vn 0.000000 1.000000 0.000000
vn 0.000000 1.000000 0.000000
vn 0.000000 0.998343 0.057550
vn 0.000000 0.998343 0.057538
vn 0.000000 1.000000 0.000000
vn 0.000000 1.000000 0.000000
vn 0.000000 0.998343 0.057538
vn 0.000000 0.998343 0.057544
vn 0.000000 1.000000 0.000000
vn 0.000000 1.000000 0.000000
vn 0.000000 0.998343 0.057544
vn 0.000000 0.998342 0.057569
vn 0.000000 1.000000 0.000000
vn 0.000000 1.000000 0.000000
vn 0.000000 0.998342 0.057569
vn 0.000000 0.998339 0.057613
vn 0.000000 1.000000 0.000000
vn 0.000000 1.000000 0.000000
vn 0.000000 0.998339 0.057613
vn 0.000000 0.998335 0.057675
vn 0.000000 1.000000 0.000000
vn 0.000000 1.000000 0.000000
vn 0.000000 0.998335 0.057675
vn 0.000000 0.998331 0.057755
vn 0.000000 1.000000 0.000000
vn 0.000000 1.000000 0.000000
vn 0.000000 0.998331 0.057755
vn 0.000000 0.998325 0.057852
vn 0.000000 1.000000 0.000000
vn 0.000000 1.000000 0.000000
vn 0.000000 0.998325 0.057852
vn -0.000020 0.996969 0.077806
vn 0.000000 1.000000 0.000000
vn 0.000000 1.000000 0.000000
vn 0.000000 1.000000 0.000000
vn 0.023414 0.999726 -0.000178
vn 0.020648 0.999787 0.000007
vn 0.000000 1.000000 0.000000
vn 0.000000 1.000000 0.000000
vn 0.020648 0.999787 0.000007
vn 0.020665 0.999786 0.000005
vn 0.000000 1.000000 0.000000
vn 0.000000 1.000000 0.000000
vn 0.020665 0.999786 0.000005
vn 0.020678 0.999786 0.000004
vn 0.000000 1.000000 0.000000
vn 0.000000 1.000000 0.000000
vn 0.020678 0.999786 0.000004
vn 0.020689 0.999786 0.000003
vn 0.000000 1.000000 0.000000
vn 0.000000 1.000000 0.000000
vn 0.020689 0.999786 0.000003
vn 0.020696 0.999786 0.000002
vn 0.000000 1.000000 0.000000
vn 0.000000 1.000000 0.000000
vn 0.020696 0.999786 0.000002
vn 0.020699 0.999786 0.000001
vn 0.000000 1.000000 0.000000
vn 0.000000 1.000000 0.000000
vn 0.020699 0.999786 0.000001
vn 0.020699 0.999786 -0.000001
vn 0.000000 1.000000 0.000000
vn 0.000000 1.000000 0.000000
vn 0.020699 0.999786 -0.000001
vn 0.020696 0.999786 -0.000002
vn 0.000000 1.000000 0.000000
vn 0.000000 1.000000 0.000000
vn 0.020696 0.999786 -0.000002
vn 0.020689 0.999786 -0.000003
vn 0.000000 1.000000 0.000000
vn -0.076471 0.997072 -0.000840
vn 0.000000 1.000000 0.000000
vn 0.000000 1.000000 0.000000
vn -0.053906 0.998546 -0.000010
vn 0.000000 1.000000 0.000000
vn 0.020689 0.999786 -0.000003
vn 0.020679 0.999786 -0.000004
vn 0.000000 1.000000 0.000000
vn -0.053906 0.998546 -0.000010
vn 0.000000 1.000000 0.000000
vn 0.000000 1.000000 0.000000
vn -0.054189 0.998531 -0.000013
vn 0.000000 1.000000 0.000000
vn 0.020679 0.999786 -0.000004
vn 0.020665 0.999786 -0.000005
vn 0.000000 1.000000 0.000000
vn -0.054189 0.998531 -0.000013
vn 0.000000 1.000000 0.000000
vn 0.000000 1.000000 0.000000
vn -0.054534 0.998512 -0.000015
vn 0.000000 1.000000 0.000000
vn 0.020665 0.999786 -0.000005
vn 0.020648 0.999787 -0.000007
vn 0.000000 1.000000 0.000000
vn -0.054534 0.998512 -0.000015
vn 0.000000 1.000000 0.000000
vn 0.000000 1.000000 0.000000
vn -0.056036 0.998429 0.000482
vn 0.000000 1.000000 0.000000
vn 0.020648 0.999787 -0.000007
vn 0.023608 0.999721 0.000040
vn 0.000000 1.000000 0.000000
vn 0.000000 1.000000 0.000000
vn 0.000000 1.000000 0.000000
vn 0.000000 0.998316 -0.058006
vn 0.000030 0.997976 -0.063584
vn 0.000000 1.000000 0.000000
vn 0.000000 1.000000 0.000000
vn 0.000000 0.998323 -0.057885
vn 0.000000 0.998316 -0.058006
vn 0.000000 1.000000 0.000000
vn 0.000000 1.000000 0.000000
vn 0.000000 0.998329 -0.057782
vn 0.000000 0.998323 -0.057885
vn 0.000000 1.000000 0.000000
vn 0.000000 1.000000 0.000000
vn 0.000000 0.998334 -0.057697
vn 0.000000 0.998329 -0.057782
vn 0.000000 1.000000 0.000000
vn 0.000000 1.000000 0.000000
vn 0.000000 0.998338 -0.057630
vn 0.000000 0.998334 -0.057697
vn 0.000000 1.000000 0.000000
vn 0.000000 1.000000 0.000000
vn -0.000000 0.998341 -0.057580
vn 0.000000 0.998338 -0.057630
vn 0.000000 1.000000 0.000000
vn 0.000000 1.000000 0.000000
vn -0.000000 0.998343 -0.057550
vn -0.000000 0.998341 -0.057580
vn 0.000000 1.000000 0.000000
vn 0.000000 1.000000 0.000000
vn 0.000000 0.998343 -0.057538
vn -0.000000 0.998343 -0.057550
vn 0.000000 1.000000 0.000000
vn 0.000000 1.000000 0.000000
vn 0.000000 0.998343 -0.057544
vn 0.000000 0.998343 -0.057538
vn 0.000000 1.000000 0.000000
vn 0.000000 1.000000 0.000000
vn -0.000000 0.998342 -0.057569
vn 0.000000 0.998343 -0.057544
vn 0.000000 1.000000 0.000000
vn 0.000000 1.000000 0.000000
vn -0.000000 0.998339 -0.057613
vn -0.000000 0.998342 -0.057569
vn 0.000000 1.000000 0.000000
vn 0.000000 1.000000 0.000000
vn -0.000000 0.998335 -0.057675
vn -0.000000 0.998339 -0.057613
vn 0.000000 1.000000 0.000000
vn 0.000000 1.000000 0.000000
vn -0.000000 0.998331 -0.057755
vn -0.000000 0.998335 -0.057675
vn 0.000000 1.000000 0.000000
vn 0.000000 1.000000 0.000000
vn -0.000000 0.998325 -0.057852
vn -0.000000 0.998331 -0.057755
vn 0.000000 1.000000 0.000000
vn 0.000000 1.000000 0.000000
vn -0.000146 0.996958 -0.077935
vn -0.000000 0.998325 -0.057852
vn 0.000144 0.537101 0.843518
vn -0.083695 0.551015 0.830287
vn -0.117715 0.536246 0.835813
vn 0.000000 0.507135 0.861867
vn -0.895069 0.422265 0.143333
vn -0.904541 0.419861 0.074316
vn -0.921076 0.389383 0.000353
vn -0.935546 0.353206 -0.000000
vn -0.000005 0.539667 0.841879
vn 0.000144 0.537101 0.843518
vn 0.000000 0.507135 0.861867
vn 0.000000 0.507135 0.861867
vn -0.000005 0.539685 0.841867
vn -0.000005 0.539667 0.841879
vn 0.000000 0.507135 0.861867
vn 0.000000 0.507135 0.861867
vn -0.000004 0.539701 0.841857
vn -0.000005 0.539685 0.841867
vn 0.000000 0.507135 0.861867
vn 0.000000 0.507135 0.861867
vn -0.000003 0.539714 0.841848
vn -0.000004 0.539701 0.841857
vn 0.000000 0.507135 0.861867
vn 0.000000 0.507135 0.861867
vn -0.000002 0.539725 0.841842
vn -0.000003 0.539714 0.841848
vn 0.000000 0.507135 0.861867
vn 0.000000 0.507135 0.861867
vn -0.000002 0.539732 0.841837
vn -0.000002 0.539725 0.841842
vn 0.000000 0.507135 0.861867
vn 0.000000 0.507135 0.861867
vn -0.000001 0.539737 0.841834
vn -0.000002 0.539732 0.841837
vn 0.000000 0.507135 0.861867
vn 0.000000 0.507135 0.861867
vn 0.000000 0.539739 0.841833
vn -0.000001 0.539737 0.841834
vn 0.000000 0.507135 0.861867
vn 0.000000 0.507135 0.861867
vn 0.000001 0.539738 0.841833
vn 0.000000 0.539739 0.841833
vn 0.000000 0.507135 0.861867
vn 0.000000 0.507135 0.861867
vn 0.000001 0.539734 0.841836
vn 0.000001 0.539738 0.841833
vn 0.000000 0.507135 0.861867
vn 0.000000 0.507135 0.861867
vn 0.000002 0.539727 0.841840
vn 0.000001 0.539734 0.841836
vn 0.000000 0.507135 0.861867
vn 0.000000 0.507135 0.861867
vn 0.000003 0.539718 0.841846
vn 0.000002 0.539727 0.841840
vn 0.000000 0.507135 0.861867
vn 0.000000 0.507135 0.861867
vn 0.000004 0.539706 0.841854
vn 0.000003 0.539718 0.841846
vn 0.000000 0.507135 0.861867
vn 0.000000 0.507135 0.861867
vn 0.000004 0.539690 0.841864
vn 0.000004 0.539706 0.841854
vn 0.000000 0.507135 0.861867
vn 0.000000 0.507135 0.861867
vn -0.000051 0.539019 0.842294
vn 0.000004 0.539690 0.841864
vn 0.000000 0.507135 0.861867
vn 0.000000 0.507135 0.861867
vn 0.055394 0.521808 0.851262
vn 0.036151 0.539758 0.841044
vn -0.000051 0.539019 0.842294
vn 0.000000 0.507135 0.861867
vn 0.919392 0.393343 -0.000366
vn 0.905213 0.418424 0.074235
vn 0.895127 0.422195 0.143177
vn 0.935545 0.353208 0.000000
vn 0.916932 0.399043 0.000001
vn 0.919392 0.393343 -0.000366
vn 0.935545 0.353208 0.000000
vn 0.935545 0.353208 0.000000
vn 0.917018 0.398846 0.000001
vn 0.916932 0.399043 0.000001
vn 0.935545 0.353208 0.000000
vn 0.935545 0.353208 0.000000
vn 0.917087 0.398686 0.000001
vn 0.917018 0.398846 0.000001
vn 0.935545 0.353208 0.000000
vn 0.935545 0.353208 0.000000
vn 0.917140 0.398565 0.000001
vn 0.917087 0.398686 0.000001
vn 0.935545 0.353208 0.000000
vn 0.935545 0.353208 0.000000
vn 0.917175 0.398484 0.000000
vn 0.917140 0.398565 0.000001
vn 0.935545 0.353208 0.000000
vn 0.935545 0.353208 0.000000
vn 0.917193 0.398443 0.000000
vn 0.917175 0.398484 0.000000
vn 0.935545 0.353208 0.000000
vn 0.935545 0.353208 0.000000
vn 0.917193 0.398443 0.000000
vn 0.917193 0.398443 0.000000
vn 0.935545 0.353208 0.000000
vn 0.935545 0.353208 0.000000
vn 0.917175 0.398484 0.000000
vn 0.917193 0.398443 0.000000
vn 0.935545 0.353208 0.000000
vn 0.935545 0.353208 0.000000
vn 0.917140 0.398565 -0.000001
vn 0.917175 0.398484 0.000000
vn 0.935545 0.353208 0.000000
vn 0.935545 0.353208 0.000000
vn -0.919100 0.394024 -0.000496
vn -0.917128 0.398593 -0.000017
vn -0.935546 0.353206 0.000000
vn -0.935545 0.353207 0.000000
vn 0.917087 0.398686 -0.000001
vn 0.917140 0.398565 -0.000001
vn 0.935545 0.353208 0.000000
vn 0.935545 0.353208 0.000000
vn -0.917128 0.398593 -0.000017
vn -0.917092 0.398675 -0.000022
vn -0.935546 0.353206 -0.000000
vn -0.935546 0.353206 0.000000
vn 0.917018 0.398846 -0.000001
vn 0.917087 0.398686 -0.000001
vn 0.935545 0.353208 0.000000
vn 0.935545 0.353207 0.000000
vn -0.917092 0.398675 -0.000022
vn -0.917048 0.398778 -0.000026
vn -0.935546 0.353206 -0.000000
vn -0.935546 0.353206 -0.000000
vn 0.916932 0.399043 -0.000001
vn 0.917018 0.398846 -0.000001
vn 0.935545 0.353207 0.000000
vn 0.935545 0.353207 0.000000
vn -0.917048 0.398778 -0.000026
vn -0.919442 0.393225 0.000394
vn -0.935546 0.353206 0.000000
vn -0.935546 0.353206 -0.000000
vn 0.919081 0.394068 0.000218
vn 0.916932 0.399043 -0.000001
vn 0.935545 0.353207 0.000000
vn 0.935545 0.353208 0.000000
vn -0.117715 0.536246 -0.835813
vn -0.083560 0.551227 -0.830161
vn 0.000091 0.537351 -0.843359
vn 0.000000 0.507134 -0.861867
vn -0.919442 0.393225 0.000394
vn -0.905167 0.418491 -0.074418
vn -0.895069 0.422264 -0.143333
vn -0.935546 0.353206 0.000000
vn 0.000091 0.537351 -0.843359
vn -0.000005 0.539666 -0.841879
vn 0.000000 0.507135 -0.861867
vn 0.000000 0.507134 -0.861867
vn -0.000005 0.539666 -0.841879
vn -0.000005 0.539685 -0.841867
vn 0.000000 0.507135 -0.861867
vn 0.000000 0.507135 -0.861867
vn -0.000005 0.539685 -0.841867
vn -0.000003 0.539700 -0.841857
vn 0.000001 0.507134 -0.861867
vn 0.000000 0.507135 -0.861867
vn -0.000003 0.539700 -0.841857
vn -0.000003 0.539714 -0.841848
vn 0.000000 0.507135 -0.861867
vn 0.000001 0.507134 -0.861867
vn -0.000003 0.539714 -0.841848
vn -0.000003 0.539724 -0.841842
vn -0.000001 0.507134 -0.861867
vn 0.000000 0.507135 -0.861867
vn -0.000003 0.539724 -0.841842
vn -0.000002 0.539731 -0.841837
vn -0.000001 0.507134 -0.861867
vn -0.000001 0.507134 -0.861867
vn -0.000002 0.539731 -0.841837
vn -0.000001 0.539736 -0.841835
vn -0.000000 0.507134 -0.861867
vn -0.000001 0.507134 -0.861867
vn -0.000001 0.539736 -0.841835
vn 0.000000 0.539737 -0.841834
vn 0.000001 0.507134 -0.861867
vn -0.000000 0.507134 -0.861867
vn 0.000000 0.539737 -0.841834
vn 0.000001 0.539737 -0.841834
vn 0.000000 0.507135 -0.861867
vn 0.000001 0.507134 -0.861867
vn 0.000001 0.539737 -0.841834
vn 0.000002 0.539733 -0.841836
vn 0.000001 0.507135 -0.861867
vn 0.000000 0.507135 -0.861867
vn 0.000002 0.539733 -0.841836
vn 0.000003 0.539726 -0.841841
vn 0.000001 0.507134 -0.861867
vn 0.000001 0.507135 -0.861867
vn 0.000003 0.539726 -0.841841
vn 0.000003 0.539717 -0.841847
vn -0.000000 0.507134 -0.861867
vn 0.000001 0.507134 -0.861867
vn 0.000003 0.539717 -0.841847
vn 0.000003 0.539704 -0.841855
vn -0.000001 0.507134 -0.861867
vn -0.000000 0.507134 -0.861867
vn 0.000003 0.539704 -0.841855
vn 0.000004 0.539689 -0.841864
vn 0.000000 0.507134 -0.861867
vn -0.000001 0.507134 -0.861867
vn 0.000004 0.539689 -0.841864
vn -0.000083 0.538581 -0.842574
vn 0.000000 0.507135 -0.861867
vn 0.000000 0.507134 -0.861867
vn 0.895126 0.422196 -0.143178
vn 0.904585 0.419798 -0.074135
vn 0.919081 0.394068 0.000218
vn 0.935545 0.353208 0.000000
vn -0.000083 0.538581 -0.842574
vn 0.036213 0.539396 -0.841273
vn 0.055394 0.521808 -0.851262
vn 0.000000 0.507135 -0.861867
vn 0.000275 0.998390 0.056714
vn -0.000005 0.998535 0.054105
vn 0.000000 1.000000 0.000000
vn 0.000000 1.000000 0.000000
vn -0.000005 0.998535 0.054105
vn -0.000004 0.998543 0.053960
vn 0.000000 1.000000 0.000000
vn 0.000000 1.000000 0.000000
vn -0.000004 0.998543 0.053960
vn -0.000003 0.998550 0.053835
vn 0.000000 1.000000 0.000000
vn 0.000000 1.000000 0.000000
vn -0.000003 0.998550 0.053835
vn -0.000003 0.998555 0.053732
vn 0.000000 1.000000 0.000000
vn 0.000000 1.000000 0.000000
vn -0.000003 0.998555 0.053732
vn -0.000002 0.998560 0.053651
vn 0.000000 1.000000 0.000000
vn 0.000000 1.000000 0.000000
vn -0.000002 0.998560 0.053651
vn -0.000001 0.998563 0.053591
vn 0.000000 1.000000 0.000000
vn 0.000000 1.000000 0.000000
vn -0.000001 0.998563 0.053591
vn -0.000001 0.998565 0.053554
vn 0.000000 1.000000 0.000000
vn 0.000000 1.000000 0.000000
vn -0.000001 0.998565 0.053554
vn 0.000000 0.998566 0.053539
vn 0.000000 1.000000 0.000000
vn 0.000000 1.000000 0.000000
vn 0.000000 0.998566 0.053539
vn 0.000000 0.998565 0.053547
vn 0.000000 1.000000 0.000000
vn 0.000000 1.000000 0.000000
vn 0.000000 0.998565 0.053547
vn 0.000001 0.998564 0.053578
vn 0.000000 1.000000 0.000000
vn 0.000000 1.000000 0.000000
vn 0.000001 0.998564 0.053578
vn 0.000002 0.998561 0.053630
vn 0.000000 1.000000 0.000000
vn 0.000000 1.000000 0.000000
vn 0.000002 0.998561 0.053630
vn 0.000003 0.998557 0.053705
vn 0.000000 1.000000 0.000000
vn 0.000000 1.000000 0.000000
vn 0.000003 0.998557 0.053705
vn 0.000003 0.998552 0.053802
vn 0.000000 1.000000 0.000000
vn 0.000000 1.000000 0.000000
vn 0.000003 0.998552 0.053802
vn 0.000004 0.998545 0.053920
vn 0.000000 1.000000 0.000000
vn 0.000000 1.000000 0.000000
vn 0.000004 0.998545 0.053920
vn -0.000030 0.997312 0.073266
vn 0.000000 1.000000 0.000000
vn 0.000000 1.000000 0.000000
vn -0.059227 0.998245 -0.000031
vn 0.000000 1.000000 0.000000
vn 0.000000 1.000000 0.000000
vn -0.054708 0.998502 0.000001
vn 0.000000 1.000000 0.000000
vn 0.023159 0.999732 -0.000078
vn 0.020097 0.999798 0.000001
vn 0.000000 1.000000 0.000000
vn -0.054708 0.998502 0.000001
vn 0.000000 1.000000 0.000000
vn 0.000000 1.000000 0.000000
vn -0.054598 0.998508 0.000001
vn 0.000000 1.000000 0.000000
vn 0.020097 0.999798 0.000001
vn 0.020096 0.999798 0.000001
vn 0.000000 1.000000 0.000000
vn -0.054598 0.998508 0.000001
vn 0.000000 1.000000 0.000000
vn 0.000000 1.000000 0.000000
vn -0.054515 0.998513 0.000001
vn 0.000000 1.000000 0.000000
vn 0.020096 0.999798 0.000001
vn 0.020095 0.999798 0.000001
vn 0.000000 1.000000 0.000000
vn -0.054515 0.998513 0.000001
vn 0.000000 1.000000 0.000000
vn 0.000000 1.000000 0.000000
vn -0.054459 0.998516 0.000000
vn 0.000000 1.000000 0.000000
vn 0.020095 0.999798 0.000001
vn 0.020094 0.999798 0.000000
vn 0.000000 1.000000 0.000000
vn -0.054459 0.998516 0.000000
vn 0.000000 1.000000 0.000000
vn 0.000000 1.000000 0.000000
vn -0.054431 0.998518 0.000000
vn 0.000000 1.000000 0.000000
vn 0.020094 0.999798 0.000000
vn 0.020094 0.999798 0.000000
vn 0.000000 1.000000 0.000000
vn -0.054431 0.998518 0.000000
vn 0.000000 1.000000 0.000000
vn 0.000000 1.000000 0.000000
vn -0.054431 0.998518 -0.000000
vn 0.000000 1.000000 0.000000
vn 0.020094 0.999798 0.000000
vn 0.020094 0.999798 0.000000
vn 0.000000 1.000000 0.000000
vn -0.054431 0.998518 -0.000000
vn 0.000000 1.000000 0.000000
vn 0.000000 1.000000 0.000000
vn -0.054459 0.998516 -0.000000
vn 0.000000 1.000000 0.000000
vn 0.020094 0.999798 0.000000
vn 0.020094 0.999798 0.000000
vn 0.000000 1.000000 0.000000
vn -0.054459 0.998516 -0.000000
vn 0.000000 1.000000 0.000000
vn 0.000000 1.000000 0.000000
vn -0.054515 0.998513 -0.000001
vn 0.000000 1.000000 0.000000
vn 0.020094 0.999798 0.000000
vn 0.020095 0.999798 -0.000001
vn 0.000000 1.000000 0.000000
vn -0.054515 0.998513 -0.000001
vn 0.000000 1.000000 0.000000
vn 0.000000 1.000000 0.000000
vn -0.054598 0.998508 -0.000001
vn 0.000000 1.000000 0.000000
vn 0.020095 0.999798 -0.000001
vn 0.020096 0.999798 -0.000001
vn 0.000000 1.000000 0.000000
vn -0.054598 0.998508 -0.000001
vn 0.000000 1.000000 0.000000
vn 0.000000 1.000000 0.000000
vn -0.054708 0.998502 -0.000001
vn 0.000000 1.000000 0.000000
vn 0.020096 0.999798 -0.000001
vn 0.020097 0.999798 -0.000001
vn 0.000000 1.000000 0.000000
vn -0.054708 0.998502 -0.000001
vn 0.000000 1.000000 0.000000
vn 0.000000 1.000000 0.000000
vn -0.059074 0.998254 0.000211
vn 0.000000 1.000000 0.000000
vn 0.020097 0.999798 -0.000001
vn 0.023246 0.999730 0.000012
vn 0.000000 1.000000 0.000000
vn 0.000000 1.000000 0.000000
vn 0.000000 1.000000 0.000000
vn -0.000005 0.998535 -0.054105
vn 0.000052 0.998379 -0.056922
vn 0.000000 1.000000 0.000000
vn 0.000000 1.000000 0.000000
vn -0.000004 0.998543 -0.053960
vn -0.000005 0.998535 -0.054105
vn 0.000000 1.000000 0.000000
vn 0.000000 1.000000 0.000000
vn -0.000003 0.998550 -0.053835
vn -0.000004 0.998543 -0.053960
vn 0.000000 1.000000 0.000000
vn 0.000000 1.000000 0.000000
vn -0.000003 0.998555 -0.053732
vn -0.000003 0.998550 -0.053835
vn 0.000000 1.000000 0.000000
vn 0.000000 1.000000 0.000000
vn -0.000002 0.998560 -0.053651
vn -0.000003 0.998555 -0.053732
vn 0.000000 1.000000 0.000000
vn 0.000000 1.000000 0.000000
vn -0.000001 0.998563 -0.053591
vn -0.000002 0.998560 -0.053651
vn 0.000000 1.000000 0.000000
vn 0.000000 1.000000 0.000000
vn -0.000001 0.998565 -0.053554
vn -0.000001 0.998563 -0.053591
vn 0.000000 1.000000 0.000000
vn 0.000000 1.000000 0.000000
vn -0.000000 0.998566 -0.053539
vn -0.000001 0.998565 -0.053554
vn 0.000000 1.000000 0.000000
vn 0.000000 1.000000 0.000000
vn 0.000001 0.998565 -0.053547
vn -0.000000 0.998566 -0.053539
vn 0.000000 1.000000 0.000000
vn 0.000000 1.000000 0.000000
vn 0.000001 0.998564 -0.053578
vn 0.000001 0.998565 -0.053547
vn 0.000000 1.000000 0.000000
vn 0.000000 1.000000 0.000000
vn 0.000002 0.998561 -0.053630
vn 0.000001 0.998564 -0.053578
vn 0.000000 1.000000 0.000000
vn 0.000000 1.000000 0.000000
vn 0.000003 0.998557 -0.053705
vn 0.000002 0.998561 -0.053630
vn 0.000000 1.000000 0.000000
vn 0.000000 1.000000 0.000000
vn 0.000003 0.998552 -0.053802
vn 0.000003 0.998557 -0.053705
vn 0.000000 1.000000 0.000000
vn 0.000000 1.000000 0.000000
vn 0.000004 0.998545 -0.053920
vn 0.000003 0.998552 -0.053802
vn 0.000000 1.000000 0.000000
vn 0.000000 1.000000 0.000000
vn -0.000176 0.997309 -0.073312
vn 0.000004 0.998545 -0.053920
vn 0.000224 0.405728 0.913994
vn -0.051664 0.415767 0.908003
vn -0.091192 0.400837 0.911600
vn -0.000001 0.365793 0.930696
vn -0.889623 0.448646 0.085367
vn -0.882345 0.467497 0.053982
vn -0.888285 0.459293 -0.000095
vn -0.906208 0.422832 0.000000
vn -0.000009 0.410394 0.911908
vn 0.000224 0.405728 0.913994
vn -0.000001 0.365793 0.930696
vn 0.000001 0.365793 0.930696
vn -0.000008 0.410370 0.911919
vn -0.000009 0.410394 0.911908
vn 0.000001 0.365793 0.930696
vn 0.000001 0.365792 0.930697
vn -0.000007 0.410350 0.911928
vn -0.000008 0.410370 0.911919
vn 0.000001 0.365792 0.930697
vn 0.000000 0.365792 0.930697
vn -0.000005 0.410334 0.911935
vn -0.000007 0.410350 0.911928
vn 0.000000 0.365792 0.930697
vn 0.000001 0.365793 0.930696
vn -0.000005 0.410321 0.911941
vn -0.000005 0.410334 0.911935
vn 0.000001 0.365793 0.930696
vn 0.000000 0.365792 0.930697
vn -0.000003 0.410312 0.911945
vn -0.000005 0.410321 0.911941
vn 0.000000 0.365792 0.930697
vn 0.000000 0.365792 0.930697
vn -0.000002 0.410306 0.911948
vn -0.000003 0.410312 0.911945
vn 0.000000 0.365792 0.930697
vn 0.000000 0.365792 0.930697
vn 0.000000 0.410304 0.911949
vn -0.000002 0.410306 0.911948
vn 0.000000 0.365792 0.930697
vn 0.000000 0.365792 0.930697
vn 0.000001 0.410305 0.911948
vn 0.000000 0.410304 0.911949
vn 0.000000 0.365792 0.930697
vn -0.000001 0.365792 0.930697
vn 0.000003 0.410310 0.911946
vn 0.000001 0.410305 0.911948
vn -0.000001 0.365792 0.930697
vn 0.000000 0.365792 0.930697
vn 0.000005 0.410318 0.911942
vn 0.000003 0.410310 0.911946
vn 0.000000 0.365792 0.930697
vn 0.000001 0.365793 0.930696
vn 0.000006 0.410331 0.911937
vn 0.000005 0.410318 0.911942
vn 0.000001 0.365793 0.930696
vn 0.000001 0.365793 0.930696
vn 0.000006 0.410346 0.911930
vn 0.000006 0.410331 0.911937
vn 0.000001 0.365793 0.930696
vn -0.000001 0.365793 0.930696
vn 0.000008 0.410364 0.911922
vn 0.000006 0.410346 0.911930
vn -0.000001 0.365793 0.930696
vn -0.000001 0.365793 0.930696
vn -0.000076 0.410096 0.912042
vn 0.000008 0.410364 0.911922
vn -0.000001 0.365793 0.930696
vn 0.000000 0.365792 0.930697
vn 0.041348 0.382132 0.923182
vn 0.020076 0.403319 0.914839
vn -0.000076 0.410096 0.912042
vn 0.000000 0.365792 0.930697
vn 0.888436 0.459001 -0.000153
vn 0.882649 0.466926 0.053949
vn 0.889629 0.448639 0.085341
vn 0.906208 0.422833 0.000000
vn -0.888285 0.459293 -0.000095
vn -0.886605 0.462528 0.000006
vn -0.906208 0.422832 -0.000000
vn -0.906208 0.422832 0.000000
vn 0.886572 0.462591 0.000001
vn 0.888436 0.459001 -0.000153
vn 0.906208 0.422833 0.000000
vn 0.906208 0.422833 0.000000
vn -0.886605 0.462528 0.000006
vn -0.886601 0.462534 0.000005
vn -0.906208 0.422833 0.000000
vn -0.906208 0.422832 -0.000000
vn 0.886584 0.462567 0.000001
vn 0.886572 0.462591 0.000001
vn 0.906208 0.422833 0.000000
vn 0.906208 0.422833 0.000000
vn -0.886601 0.462534 0.000005
vn -0.886599 0.462539 0.000004
vn -0.906208 0.422833 0.000000
vn -0.906208 0.422833 0.000000
vn 0.886593 0.462550 0.000000
vn 0.886584 0.462567 0.000001
vn 0.906208 0.422833 0.000000
vn 0.906207 0.422834 0.000000
vn -0.886599 0.462539 0.000004
vn -0.886597 0.462542 0.000002
vn -0.906208 0.422833 0.000000
vn -0.906208 0.422833 0.000000
vn 0.886600 0.462537 0.000000
vn 0.886593 0.462550 0.000000
vn 0.906207 0.422834 0.000000
vn 0.906208 0.422833 0.000000
vn -0.886597 0.462542 0.000002
vn -0.886597 0.462544 0.000001
vn -0.906208 0.422832 0.000000
vn -0.906208 0.422833 0.000000
vn 0.886603 0.462531 0.000000
vn 0.886600 0.462537 0.000000
vn 0.906208 0.422833 0.000000
vn 0.906208 0.422833 0.000000
vn -0.886597 0.462544 0.000001
vn -0.886597 0.462543 -0.000001
vn -0.906209 0.422831 -0.000000
vn -0.906208 0.422832 0.000000
vn 0.886603 0.462531 0.000000
vn 0.886603 0.462531 0.000000
vn 0.906208 0.422833 0.000000
vn 0.906208 0.422833 0.000000
vn -0.886597 0.462543 -0.000001
vn -0.886597 0.462542 -0.000002
vn -0.906208 0.422832 -0.000000
vn -0.906209 0.422831 -0.000000
vn 0.886600 0.462538 0.000000
vn 0.886603 0.462531 0.000000
vn 0.906208 0.422833 0.000000
vn 0.906208 0.422833 0.000000
vn -0.886597 0.462542 -0.000002
vn -0.886599 0.462538 -0.000004
vn -0.906208 0.422833 -0.000000
vn -0.906208 0.422832 -0.000000
vn 0.886593 0.462550 0.000000
vn 0.886600 0.462538 0.000000
vn 0.906208 0.422833 0.000000
vn 0.906208 0.422833 0.000000
vn -0.886599 0.462538 -0.000004
vn -0.886602 0.462534 -0.000005
vn -0.906208 0.422833 -0.000000
vn -0.906208 0.422833 -0.000000
vn 0.886584 0.462568 -0.000001
vn 0.886593 0.462550 0.000000
vn 0.906208 0.422833 0.000000
vn 0.906207 0.422834 0.000000
vn -0.886602 0.462534 -0.000005
vn -0.886605 0.462528 -0.000006
vn -0.906208 0.422833 0.000000
vn -0.906208 0.422833 -0.000000
vn 0.886571 0.462592 -0.000001
vn 0.886584 0.462568 -0.000001
vn 0.906207 0.422834 0.000000
vn 0.906207 0.422834 0.000000
vn -0.886605 0.462528 -0.000006
vn -0.888414 0.459042 0.000157
vn -0.906208 0.422833 -0.000000
vn -0.906208 0.422833 0.000000
vn 0.888302 0.459259 0.000089
vn 0.886571 0.462592 -0.000001
vn 0.906207 0.422834 0.000000
vn 0.906207 0.422834 0.000000
vn -0.091191 0.400836 -0.911600
vn -0.051691 0.416718 -0.907565
vn 0.000139 0.406077 -0.913839
vn 0.000000 0.365792 -0.930697
vn -0.888414 0.459042 0.000157
vn -0.882665 0.466891 -0.053990
vn -0.889623 0.448646 -0.085367
vn -0.906208 0.422833 -0.000000
vn 0.000139 0.406077 -0.913839
vn -0.000010 0.410393 -0.911909
vn -0.000000 0.365792 -0.930697
vn 0.000000 0.365792 -0.930697
vn -0.000010 0.410393 -0.911909
vn -0.000009 0.410370 -0.911919
vn 0.000000 0.365792 -0.930697
vn -0.000000 0.365792 -0.930697
vn -0.000009 0.410370 -0.911919
vn -0.000007 0.410350 -0.911928
vn 0.000000 0.365792 -0.930697
vn 0.000000 0.365792 -0.930697
vn -0.000007 0.410350 -0.911928
vn -0.000006 0.410334 -0.911935
vn 0.000000 0.365792 -0.930697
vn 0.000000 0.365792 -0.930697
vn -0.000006 0.410334 -0.911935
vn -0.000005 0.410321 -0.911941
vn 0.000000 0.365792 -0.930697
vn 0.000000 0.365792 -0.930697
vn -0.000005 0.410321 -0.911941
vn -0.000003 0.410311 -0.911946
vn -0.000000 0.365792 -0.930697
vn 0.000000 0.365792 -0.930697
vn -0.000003 0.410311 -0.911946
vn -0.000002 0.410306 -0.911948
vn 0.000000 0.365792 -0.930697
vn -0.000000 0.365792 -0.930697
vn -0.000002 0.410306 -0.911948
vn -0.000000 0.410304 -0.911949
vn -0.000000 0.365792 -0.930697
vn 0.000000 0.365792 -0.930697
vn -0.000000 0.410304 -0.911949
vn 0.000001 0.410305 -0.911948
vn -0.000000 0.365792 -0.930697
vn -0.000000 0.365792 -0.930697
vn 0.000001 0.410305 -0.911948
vn 0.000003 0.410310 -0.911946
vn -0.000000 0.365793 -0.930696
vn -0.000000 0.365792 -0.930697
vn 0.000003 0.410310 -0.911946
vn 0.000004 0.410318 -0.911943
vn 0.000000 0.365792 -0.930697
vn -0.000000 0.365793 -0.930696
vn 0.000004 0.410318 -0.911943
vn 0.000006 0.410330 -0.911937
vn 0.000000 0.365792 -0.930697
vn 0.000000 0.365792 -0.930697
vn 0.000006 0.410330 -0.911937
vn 0.000007 0.410345 -0.911931
vn 0.000000 0.365792 -0.930697
vn 0.000000 0.365792 -0.930697
vn 0.000007 0.410345 -0.911931
vn 0.000008 0.410364 -0.911922
vn 0.000000 0.365792 -0.930697
vn 0.000000 0.365792 -0.930697
vn 0.000008 0.410364 -0.911922
vn -0.000126 0.409417 -0.912347
vn -0.000000 0.365792 -0.930697
vn 0.000000 0.365792 -0.930697
vn 0.889629 0.448639 -0.085341
vn 0.882327 0.467536 -0.053942
vn 0.888302 0.459259 0.000089
vn 0.906207 0.422834 0.000000
vn -0.000126 0.409417 -0.912347
vn 0.020065 0.402521 -0.915191
vn 0.041348 0.382132 -0.923182
vn -0.000000 0.365792 -0.930697
vn 0.000134 0.998428 0.056052
vn 0.000002 0.998680 0.051360
vn 0.000000 1.000000 0.000000
vn 0.000000 1.000000 0.000000
vn 0.000002 0.998680 0.051360
vn 0.000002 0.997869 0.065251
vn 0.000000 1.000000 0.000000
vn 0.000000 1.000000 0.000000
vn 0.000002 0.997869 0.065251
vn 0.000001 0.996054 0.088753
vn 0.000000 1.000000 0.000000
vn -0.060995 0.998138 -0.000078
vn 0.000000 1.000000 0.000000
vn 0.000000 1.000000 0.000000
vn -0.057418 0.998350 0.000008
vn -0.057418 0.998350 0.000008
vn 0.000000 1.000000 0.000000
vn 0.000000 1.000000 0.000000
vn -0.057330 0.998355 0.000006
vn -0.057330 0.998355 0.000006
vn 0.000000 1.000000 0.000000
vn 0.000000 1.000000 0.000000
vn -0.057260 0.998359 0.000005
vn -0.057260 0.998359 0.000005
vn 0.000000 1.000000 0.000000
vn 0.000000 1.000000 0.000000
vn -0.057207 0.998362 0.000004
vn -0.057207 0.998362 0.000004
vn 0.000000 1.000000 0.000000
vn 0.000000 1.000000 0.000000
vn -0.057171 0.998364 0.000002
vn -0.057171 0.998364 0.000002
vn 0.000000 1.000000 0.000000
vn 0.000000 1.000000 0.000000
vn -0.057153 0.998365 0.000001
vn -0.057153 0.998365 0.000001
vn 0.000000 1.000000 0.000000
vn 0.000000 1.000000 0.000000
vn -0.057153 0.998365 -0.000001
vn 0.000000 1.000000 0.000000
vn 0.072079 0.997399 0.000001
vn 0.057153 0.998365 -0.000001
vn 0.000000 1.000000 0.000000
vn -0.057153 0.998365 -0.000001
vn 0.000000 1.000000 0.000000
vn 0.000000 1.000000 0.000000
vn -0.057171 0.998364 -0.000002
vn 0.000000 1.000000 0.000000
vn 0.057153 0.998365 -0.000001
vn 0.057171 0.998364 -0.000002
vn 0.000000 1.000000 0.000000
vn -0.057171 0.998364 -0.000002
vn 0.000000 1.000000 0.000000
vn 0.000000 1.000000 0.000000
vn -0.057206 0.998362 -0.000004
vn 0.000000 1.000000 0.000000
vn 0.057171 0.998364 -0.000002
vn 0.057207 0.998362 -0.000004
vn 0.000000 1.000000 0.000000
vn -0.057206 0.998362 -0.000004
vn 0.000000 1.000000 0.000000
vn 0.000000 1.000000 0.000000
vn -0.057260 0.998359 -0.000005
vn 0.000000 1.000000 0.000000
vn 0.057207 0.998362 -0.000004
vn 0.057260 0.998359 -0.000005
vn 0.000000 1.000000 0.000000
vn -0.057260 0.998359 -0.000005
vn 0.000000 1.000000 0.000000
vn 0.000000 1.000000 0.000000
vn -0.057330 0.998355 -0.000006
vn 0.000000 1.000000 0.000000
vn 0.057260 0.998359 -0.000005
vn 0.057330 0.998355 -0.000006
vn 0.000000 1.000000 0.000000
vn -0.057330 0.998355 -0.000006
vn 0.000000 1.000000 0.000000
vn 0.000000 1.000000 0.000000
vn -0.057418 0.998350 -0.000008
vn 0.000000 1.000000 0.000000
vn 0.057330 0.998355 -0.000006
vn 0.058463 0.998290 0.000005
vn 0.000000 1.000000 0.000000
vn -0.057418 0.998350 -0.000008
vn 0.000000 1.000000 0.000000
vn 0.000000 1.000000 0.000000
vn -0.060736 0.998154 0.000339
vn 0.000000 1.000000 0.000000
vn 0.058463 0.998290 0.000005
vn 0.062047 0.998073 -0.000011
vn 0.000000 1.000000 0.000000
vn 0.000000 1.000000 0.000000
vn 0.000000 1.000000 0.000000
vn 0.000002 0.998680 -0.051360
vn 0.000019 0.998422 -0.056154
vn 0.000000 1.000000 0.000000
vn 0.000000 1.000000 0.000000
vn 0.000001 0.998683 -0.051303
vn 0.000002 0.998680 -0.051360
vn 0.000000 1.000000 0.000000
vn 0.000000 1.000000 0.000000
vn 0.000000 0.998685 -0.051274
vn 0.000001 0.998683 -0.051303
vn 0.000000 1.000000 0.000000
vn 0.000000 1.000000 0.000000
vn -0.000000 0.998685 -0.051274
vn 0.000000 0.998685 -0.051274
vn 0.000000 1.000000 0.000000
vn 0.000000 1.000000 0.000000
vn -0.000001 0.998683 -0.051303
vn -0.000000 0.998685 -0.051274
vn 0.000000 1.000000 0.000000
vn 0.000000 1.000000 0.000000
vn 0.000000 0.998687 -0.051223
vn -0.000001 0.998683 -0.051303
vn 0.000000 1.000000 0.000000
vn 0.000000 1.000000 0.000000
vn 0.001418 0.998309 -0.058119
vn 0.000000 0.998687 -0.051223
vn 0.000103 0.462838 0.886443
vn -0.066885 0.468979 0.880673
vn -0.088992 0.443886 0.891653
vn 0.000000 0.425776 0.904829
vn -0.945931 0.307281 0.103887
vn -0.943573 0.325938 0.058600
vn -0.950418 0.310975 -0.000162
vn -0.964656 0.263511 0.000000
vn -0.000003 0.465433 0.885083
vn 0.000103 0.462838 0.886443
vn 0.000000 0.425776 0.904829
vn 0.000000 0.425776 0.904829
vn -0.000002 0.465464 0.885067
vn -0.000003 0.465433 0.885083
vn 0.000000 0.425776 0.904829
vn 0.000000 0.425776 0.904829
vn -0.000001 0.465480 0.885058
vn -0.000002 0.465464 0.885067
vn 0.000000 0.425776 0.904829
vn 0.000000 0.425776 0.904829
vn 0.000001 0.465480 0.885058
vn -0.000001 0.465480 0.885058
vn 0.000000 0.425776 0.904829
vn 0.000000 0.425776 0.904829
vn 0.000002 0.465464 0.885067
vn 0.000001 0.465480 0.885058
vn 0.000000 0.425776 0.904829
vn 0.000000 0.425776 0.904829
vn 0.000003 0.465433 0.885083
vn 0.000002 0.465464 0.885067
vn 0.000000 0.425776 0.904829
vn 0.000000 0.425776 0.904829
vn -0.000061 0.462987 0.886365
vn 0.000003 0.465433 0.885083
vn 0.000000 0.425776 0.904829
vn 0.000000 0.425776 0.904829
vn 0.088992 0.443885 0.891654
vn 0.066844 0.469300 0.880505
vn -0.000061 0.462987 0.886365
vn 0.000000 0.425776 0.904829
vn 0.950555 0.310556 -0.000274
vn 0.944058 0.324545 0.058523
vn 0.945931 0.307281 0.103888
vn 0.964656 0.263511 0.000000
vn -0.950418 0.310975 -0.000162
vn -0.948545 0.316644 0.000008
vn -0.964656 0.263511 -0.000000
vn -0.964656 0.263511 0.000000
vn 0.948545 0.316643 0.000008
vn 0.950555 0.310556 -0.000274
vn 0.964656 0.263511 0.000000
vn 0.964657 0.263510 0.000000
vn -0.948545 0.316644 0.000008
vn -0.948568 0.316573 0.000007
vn -0.964656 0.263511 -0.000000
vn -0.964656 0.263511 -0.000000
vn 0.948569 0.316572 0.000007
vn 0.948545 0.316643 0.000008
vn 0.964657 0.263510 0.000000
vn 0.964657 0.263509 0.000000
vn -0.948568 0.316573 0.000007
vn -0.948587 0.316516 0.000005
vn -0.964656 0.263511 0.000000
vn -0.964656 0.263511 -0.000000
vn 0.948587 0.316516 0.000005
vn 0.948569 0.316572 0.000007
vn 0.964657 0.263509 0.000000
vn 0.964657 0.263509 0.000000
vn -0.948587 0.316516 0.000005
vn -0.948601 0.316473 0.000004
vn -0.964656 0.263511 0.000000
vn -0.964656 0.263511 0.000000
vn 0.948601 0.316474 0.000004
vn 0.948587 0.316516 0.000005
vn 0.964657 0.263509 0.000000
vn 0.964656 0.263511 0.000000
vn -0.948601 0.316473 0.000004
vn -0.948611 0.316445 0.000002
vn -0.964656 0.263511 -0.000000
vn -0.964656 0.263511 0.000000
vn 0.948611 0.316443 0.000002
vn 0.948601 0.316474 0.000004
vn 0.964656 0.263511 0.000000
vn 0.964656 0.263511 0.000000
vn -0.948611 0.316445 0.000002
vn -0.948616 0.316430 0.000001
vn -0.964656 0.263511 0.000000
vn -0.964656 0.263511 -0.000000
vn 0.948616 0.316429 0.000001
vn 0.948611 0.316443 0.000002
vn 0.964656 0.263511 0.000000
vn 0.964657 0.263510 0.000000
vn -0.948616 0.316430 0.000001
vn -0.948616 0.316429 -0.000001
vn -0.964657 0.263510 -0.000000
vn -0.964656 0.263511 0.000000
vn 0.948616 0.316429 -0.000001
vn 0.948616 0.316429 0.000001
vn 0.964657 0.263510 0.000000
vn 0.964657 0.263510 0.000000
vn -0.948616 0.316429 -0.000001
vn -0.948611 0.316444 -0.000002
vn -0.964656 0.263511 0.000000
vn -0.964657 0.263510 -0.000000
vn 0.948612 0.316443 -0.000002
vn 0.948616 0.316429 -0.000001
vn 0.964657 0.263510 0.000000
vn 0.964657 0.263510 0.000000
vn -0.948611 0.316444 -0.000002
vn -0.948601 0.316473 -0.000004
vn -0.964656 0.263511 0.000000
vn -0.964656 0.263511 0.000000
vn 0.948602 0.316473 -0.000004
vn 0.948612 0.316443 -0.000002
vn 0.964657 0.263510 0.000000
vn 0.964656 0.263511 0.000000
vn -0.948601 0.316473 -0.000004
vn -0.948587 0.316516 -0.000005
vn -0.964656 0.263511 -0.000000
vn -0.964656 0.263511 0.000000
vn 0.948587 0.316517 -0.000005
vn 0.948602 0.316473 -0.000004
vn 0.964656 0.263511 0.000000
vn 0.964657 0.263510 0.000000
vn -0.948587 0.316516 -0.000005
vn -0.948568 0.316573 -0.000007
vn -0.964656 0.263511 0.000000
vn -0.964656 0.263511 -0.000000
vn 0.948568 0.316574 -0.000007
vn 0.948587 0.316517 -0.000005
vn 0.964657 0.263510 0.000000
vn 0.964657 0.263510 0.000000
vn -0.948568 0.316573 -0.000007
vn -0.948545 0.316644 -0.000008
vn -0.964657 0.263510 0.000000
vn -0.964656 0.263511 0.000000
vn 0.948221 0.317611 0.000006
vn 0.948568 0.316574 -0.000007
vn 0.964657 0.263510 0.000000
vn 0.964656 0.263511 0.000000
vn -0.948545 0.316644 -0.000008
vn -0.950555 0.310556 0.000274
vn -0.964656 0.263511 -0.000000
vn -0.964657 0.263510 0.000000
vn 0.950638 0.310302 0.000262
vn 0.948221 0.317611 0.000006
vn 0.964656 0.263511 0.000000
vn 0.964656 0.263511 0.000000
vn -0.088992 0.443886 -0.891653
vn -0.066843 0.469301 -0.880505
vn 0.000061 0.462988 -0.886365
vn 0.000001 0.425777 -0.904828
vn -0.950555 0.310556 0.000274
vn -0.944058 0.324545 -0.058523
vn -0.945931 0.307282 -0.103888
vn -0.964656 0.263511 -0.000000
vn 0.000061 0.462988 -0.886365
vn -0.000004 0.465434 -0.885083
vn -0.000001 0.425777 -0.904828
vn 0.000001 0.425777 -0.904828
vn -0.000004 0.465434 -0.885083
vn -0.000003 0.465465 -0.885066
vn -0.000001 0.425777 -0.904828
vn -0.000001 0.425777 -0.904828
vn -0.000003 0.465465 -0.885066
vn -0.000001 0.465481 -0.885058
vn 0.000000 0.425776 -0.904829
vn -0.000001 0.425777 -0.904828
vn -0.000001 0.465481 -0.885058
vn 0.000001 0.465481 -0.885058
vn 0.000000 0.425776 -0.904829
vn 0.000000 0.425776 -0.904829
vn 0.000001 0.465481 -0.885058
vn 0.000003 0.465465 -0.885066
vn 0.000001 0.425776 -0.904829
vn 0.000000 0.425776 -0.904829
vn 0.000003 0.465465 -0.885066
vn -0.000001 0.465390 -0.885106
vn 0.000001 0.425776 -0.904829
vn 0.000001 0.425776 -0.904829
vn -0.000001 0.465390 -0.885106
vn 0.012240 0.470210 -0.882470
vn 0.010866 0.434428 -0.900641
vn 0.000001 0.425776 -0.904829
vn 0.941622 0.317647 -0.111571
vn 0.942369 0.329227 -0.059580
vn 0.950638 0.310302 0.000262
vn 0.964656 0.263511 0.000000
vn 0.012240 0.470210 -0.882470
vn 0.100981 0.496468 -0.862161
vn 0.114213 0.471570 -0.874401
vn 0.010866 0.434428 -0.900641
vn 0.000215 0.998068 0.062127
vn 0.000001 0.998442 0.055808
vn 0.000000 1.000000 0.000000
vn 0.000000 1.000000 0.000000
vn 0.000001 0.998442 0.055808
vn 0.000001 0.998443 0.055775
vn 0.000000 1.000000 0.000000
vn 0.000000 1.000000 0.000000
vn 0.000001 0.998443 0.055775
vn 0.000000 0.998444 0.055758
vn 0.000000 1.000000 0.000000
vn 0.000000 1.000000 0.000000
vn 0.000000 0.998444 0.055758
vn 0.000000 0.998444 0.055758
vn 0.000000 1.000000 0.000000
vn 0.000000 1.000000 0.000000
vn 0.000000 0.998444 0.055758
vn -0.000001 0.998443 0.055775
vn 0.000000 1.000000 0.000000
vn 0.000000 1.000000 0.000000
vn -0.000001 0.998443 0.055775
vn -0.000001 0.998442 0.055808
vn 0.000000 1.000000 0.000000
vn 0.000000 1.000000 0.000000
vn -0.000001 0.998442 0.055808
vn -0.000048 0.998058 0.062284
vn 0.000000 1.000000 0.000000
vn 0.000000 1.000000 0.000000
vn -0.062830 0.998024 -0.000029
vn 0.000000 1.000000 0.000000
vn 0.000000 1.000000 0.000000
vn -0.055477 0.998460 -0.000000
vn 0.000000 1.000000 0.000000
vn 0.062735 0.998030 -0.000138
vn 0.055477 0.998460 0.000000
vn 0.000000 1.000000 0.000000
vn -0.055477 0.998460 -0.000000
vn 0.000000 1.000000 0.000000
vn 0.000000 1.000000 0.000000
vn -0.055483 0.998460 -0.000000
vn 0.000000 1.000000 0.000000
vn 0.055477 0.998460 0.000000
vn 0.055483 0.998460 0.000000
vn 0.000000 1.000000 0.000000
vn -0.055483 0.998460 -0.000000
vn 0.000000 1.000000 0.000000
vn 0.000000 1.000000 0.000000
vn -0.055487 0.998459 -0.000000
vn 0.000000 1.000000 0.000000
vn 0.055483 0.998460 0.000000
vn 0.055487 0.998459 0.000000
vn 0.000000 1.000000 0.000000
vn -0.055487 0.998459 -0.000000
vn 0.000000 1.000000 0.000000
vn 0.000000 1.000000 0.000000
vn -0.055490 0.998459 -0.000000
vn 0.000000 1.000000 0.000000
vn 0.055487 0.998459 0.000000
vn 0.070265 0.997528 0.000000
vn 0.000000 1.000000 0.000000
vn -0.055490 0.998459 -0.000000
vn 0.000000 1.000000 0.000000
vn 0.000000 1.000000 0.000000
vn -0.055491 0.998459 -0.000000
vn 0.000000 1.000000 0.000000
vn 0.070265 0.997528 0.000000
vn 0.089142 0.996019 0.000000
vn -0.055491 0.998459 -0.000000
vn 0.000000 1.000000 0.000000
vn 0.000000 1.000000 0.000000
vn -0.055491 0.998459 0.000000
vn -0.055491 0.998459 0.000000
vn 0.000000 1.000000 0.000000
vn 0.000000 1.000000 0.000000
vn -0.055490 0.998459 0.000000
vn -0.055490 0.998459 0.000000
vn 0.000000 1.000000 0.000000
vn 0.000000 1.000000 0.000000
vn -0.055487 0.998459 0.000000
vn -0.055487 0.998459 0.000000
vn 0.000000 1.000000 0.000000
vn 0.000000 1.000000 0.000000
vn -0.055483 0.998460 0.000000
vn -0.055483 0.998460 0.000000
vn 0.000000 1.000000 0.000000
vn 0.000000 1.000000 0.000000
vn -0.055477 0.998460 0.000000
vn -0.055477 0.998460 0.000000
vn 0.000000 1.000000 0.000000
vn 0.000000 1.000000 0.000000
vn -0.062735 0.998030 0.000138
vn 0.000000 1.000000 0.000000
vn 0.000000 1.000000 0.000000
vn 0.000001 0.998442 -0.055809
vn 0.000048 0.998058 -0.062284
vn 0.000000 1.000000 0.000000
vn 0.000000 1.000000 0.000000
vn 0.000001 0.997463 -0.071189
vn 0.000001 0.998442 -0.055809
vn 0.000000 1.000000 0.000000
vn 0.000001 0.994627 -0.103519
vn 0.000001 0.997463 -0.071189
vn 0.000176 0.259801 0.965662
vn -0.062523 0.264775 0.962281
vn -0.090791 0.229732 0.969010
vn 0.000001 0.205829 0.978588
vn -0.953443 0.289752 0.083607
vn -0.942820 0.326949 0.064772
vn -0.945831 0.324660 -0.000060
vn -0.961589 0.274493 -0.000000
vn -0.000003 0.263762 0.964588
vn 0.000176 0.259801 0.965662
vn 0.000001 0.205829 0.978588
vn 0.000000 0.205828 0.978588
vn -0.000001 0.263785 0.964581
vn -0.000003 0.263762 0.964588
vn 0.000000 0.205828 0.978588
vn 0.000001 0.205828 0.978588
vn 0.000000 0.263798 0.964578
vn -0.000001 0.263785 0.964581
vn 0.000001 0.205828 0.978588
vn 0.000001 0.205828 0.978588
vn 0.000001 0.263798 0.964578
vn 0.000000 0.263798 0.964578
vn 0.000001 0.205828 0.978588
vn 0.000000 0.205828 0.978588
vn 0.000002 0.263785 0.964581
vn 0.000001 0.263798 0.964578
vn 0.000000 0.205828 0.978588
vn 0.000000 0.205828 0.978588
vn 0.000002 0.263762 0.964588
vn 0.000002 0.263785 0.964581
vn 0.000000 0.205828 0.978588
vn -0.000001 0.205828 0.978588
vn -0.000100 0.260087 0.965585
vn 0.000002 0.263762 0.964588
vn -0.000001 0.205828 0.978588
vn 0.000000 0.205829 0.978588
vn 0.090794 0.229732 0.969010
vn 0.062596 0.265690 0.962024
vn -0.000100 0.260087 0.965585
vn 0.000000 0.205829 0.978588
vn 0.945890 0.324486 -0.000104
vn 0.942979 0.326490 0.064771
vn 0.953443 0.289753 0.083607
vn 0.961589 0.274493 0.000000
vn -0.945831 0.324660 -0.000060
vn -0.944981 0.327127 -0.000000
vn -0.961589 0.274493 0.000000
vn -0.961589 0.274493 -0.000000
vn 0.944980 0.327128 0.000000
vn 0.945890 0.324486 -0.000104
vn 0.961589 0.274493 0.000000
vn 0.961589 0.274493 0.000000
vn -0.944981 0.327127 -0.000000
vn -0.944979 0.327131 -0.000000
vn -0.961589 0.274493 0.000000
vn -0.961589 0.274493 0.000000
vn 0.944979 0.327132 -0.000001
vn 0.944980 0.327128 0.000000
vn 0.961589 0.274493 0.000000
vn 0.961589 0.274494 0.000000
vn -0.944979 0.327131 -0.000000
vn -0.944978 0.327135 -0.000000
vn -0.961589 0.274494 -0.000000
vn -0.961589 0.274493 0.000000
vn 0.944978 0.327134 0.000000
vn 0.944979 0.327132 -0.000001
vn 0.961589 0.274494 0.000000
vn 0.961589 0.274495 0.000000
vn -0.944978 0.327135 -0.000000
vn -0.944977 0.327137 -0.000000
vn -0.961589 0.274494 -0.000000
vn -0.961589 0.274494 -0.000000
vn 0.944977 0.327136 0.000000
vn 0.944978 0.327134 0.000000
vn 0.961589 0.274495 0.000000
vn 0.961589 0.274494 0.000000
vn -0.944977 0.327137 -0.000000
vn -0.944977 0.327137 0.000000
vn -0.961589 0.274494 0.000000
vn -0.961589 0.274494 -0.000000
vn 0.944977 0.327137 0.000000
vn 0.944977 0.327136 0.000000
vn 0.961589 0.274494 0.000000
vn 0.961589 0.274494 0.000000
vn -0.944977 0.327137 0.000000
vn -0.944977 0.327138 0.000000
vn -0.961589 0.274494 0.000000
vn -0.961589 0.274494 0.000000
vn 0.944977 0.327137 0.000000
vn 0.944977 0.327137 0.000000
vn 0.961589 0.274494 0.000000
vn 0.961589 0.274493 0.000000
vn -0.944977 0.327138 0.000000
vn -0.944977 0.327136 0.000000
vn -0.961589 0.274494 -0.000000
vn -0.961589 0.274494 0.000000
vn 0.944977 0.327136 0.000000
vn 0.944977 0.327137 0.000000
vn 0.961589 0.274493 0.000000
vn 0.961589 0.274494 0.000000
vn -0.944977 0.327136 0.000000
vn -0.944978 0.327134 0.000000
vn -0.961589 0.274493 -0.000000
vn -0.961589 0.274494 -0.000000
vn 0.944978 0.327134 0.000000
vn 0.944977 0.327136 0.000000
vn 0.961589 0.274494 0.000000
vn 0.961589 0.274495 0.000000
vn -0.944978 0.327134 0.000000
vn -0.944979 0.327131 0.000000
vn -0.961589 0.274493 0.000000
vn -0.961589 0.274493 -0.000000
vn 0.944979 0.327132 0.000001
vn 0.944978 0.327134 0.000000
vn 0.961589 0.274495 0.000000
vn 0.961589 0.274495 0.000000
vn -0.944979 0.327131 0.000000
vn -0.944980 0.327127 0.000001
vn -0.961589 0.274494 0.000000
vn -0.961589 0.274493 0.000000
vn 0.944980 0.327129 0.000000
vn 0.944979 0.327132 0.000001
vn 0.961589 0.274495 0.000000
vn 0.961589 0.274493 0.000000
vn -0.944980 0.327127 0.000001
vn -0.945890 0.324486 0.000104
vn -0.961589 0.274494 0.000000
vn -0.961589 0.274494 0.000000
vn 0.945831 0.324661 0.000059
vn 0.944980 0.327129 0.000000
vn 0.961589 0.274493 0.000000
vn 0.961589 0.274493 0.000000
vn -0.090795 0.229731 -0.969010
vn -0.062596 0.265690 -0.962024
vn 0.000100 0.260087 -0.965585
vn -0.000000 0.205828 -0.978588
vn -0.945890 0.324486 0.000104
vn -0.942979 0.326490 -0.064772
vn -0.953443 0.289754 -0.083607
vn -0.961589 0.274494 0.000000
vn 0.000100 0.260087 -0.965585
vn -0.000003 0.263762 -0.964588
vn -0.000000 0.205828 -0.978588
vn -0.000000 0.205828 -0.978588
vn -0.000003 0.263762 -0.964588
vn -0.000001 0.263785 -0.964581
vn 0.000000 0.205828 -0.978588
vn -0.000000 0.205828 -0.978588
vn -0.000001 0.263785 -0.964581
vn -0.000000 0.263797 -0.964578
vn 0.000000 0.205828 -0.978588
vn 0.000000 0.205828 -0.978588
vn -0.000000 0.263797 -0.964578
vn 0.000000 0.263797 -0.964578
vn -0.000000 0.205828 -0.978588
vn 0.000000 0.205828 -0.978588
vn 0.000000 0.263797 -0.964578
vn 0.000002 0.263785 -0.964581
vn 0.000000 0.205828 -0.978588
vn -0.000000 0.205828 -0.978588
vn 0.000002 0.263785 -0.964581
vn 0.000003 0.263762 -0.964588
vn 0.000000 0.205828 -0.978588
vn 0.000000 0.205828 -0.978588
vn 0.000003 0.263762 -0.964588
vn -0.000175 0.259800 -0.965663
vn 0.000000 0.205828 -0.978588
vn 0.000000 0.205828 -0.978588
vn 0.953443 0.289753 -0.083607
vn 0.942819 0.326950 -0.064772
vn 0.945831 0.324661 0.000059
vn 0.961589 0.274493 0.000000
vn -0.000175 0.259800 -0.965663
vn 0.062527 0.264775 -0.962281
vn 0.090795 0.229731 -0.969010
vn 0.000000 0.205828 -0.978588
vn -0.083695 0.551015 0.830287
vn -0.608872 0.582062 0.538961
vn -0.583124 0.564126 0.584575
vn -0.117715 0.536246 0.835813
vn -0.608872 0.582062 0.538961
vn -0.904541 0.419861 0.074316
vn -0.895069 0.422265 0.143333
vn -0.583124 0.564126 0.584575
vn 0.905213 0.418424 0.074235
vn 0.608971 0.581359 0.539608
vn 0.583125 0.564126 0.584575
vn 0.895127 0.422195 0.143177
vn 0.608971 0.581359 0.539608
vn 0.036151 0.539758 0.841044
vn 0.055394 0.521808 0.851262
vn 0.583125 0.564126 0.584575
vn -0.905167 0.418491 -0.074418
vn -0.608970 0.581359 -0.539608
vn -0.583124 0.564126 -0.584574
vn -0.895069 0.422264 -0.143333
vn -0.608970 0.581359 -0.539608
vn -0.083560 0.551227 -0.830161
vn -0.117715 0.536246 -0.835813
vn -0.583124 0.564126 -0.584574
vn 0.036213 0.539396 -0.841273
vn 0.608872 0.582062 -0.538961
vn 0.583124 0.564127 -0.584575
vn 0.055394 0.521808 -0.851262
vn 0.608872 0.582062 -0.538961
vn 0.904585 0.419798 -0.074135
vn 0.895126 0.422196 -0.143178
vn 0.583124 0.564127 -0.584575
vn -0.051664 0.415767 0.908003
vn -0.403363 0.522496 0.751196
vn -0.449481 0.500525 0.739893
vn -0.091192 0.400837 0.911600
vn -0.403363 0.522496 0.751196
vn -0.726606 0.542910 0.421061
vn -0.729267 0.516605 0.448652
vn -0.449481 0.500525 0.739893
vn -0.726606 0.542910 0.421061
vn -0.882345 0.467497 0.053982
vn -0.889623 0.448646 0.085367
vn -0.729267 0.516605 0.448652
vn 0.882649 0.466926 0.053949
vn 0.726520 0.542738 0.421431
vn 0.729265 0.516607 0.448653
vn 0.889629 0.448639 0.085341
vn 0.726520 0.542738 0.421431
vn 0.402837 0.523204 0.750986
vn 0.449481 0.500527 0.739892
vn 0.729265 0.516607 0.448653
vn 0.402837 0.523204 0.750986
vn 0.020076 0.403319 0.914839
vn 0.041348 0.382132 0.923182
vn 0.449481 0.500527 0.739892
vn -0.882665 0.466891 -0.053990
vn -0.726522 0.542737 -0.421430
vn -0.729266 0.516606 -0.448653
vn -0.889623 0.448646 -0.085367
vn -0.726522 0.542737 -0.421430
vn -0.402838 0.523202 -0.750987
vn -0.449481 0.500525 -0.739893
vn -0.729266 0.516606 -0.448653
vn -0.402838 0.523202 -0.750987
vn -0.051691 0.416718 -0.907565
vn -0.091191 0.400836 -0.911600
vn -0.449481 0.500525 -0.739893
vn 0.020065 0.402521 -0.915191
vn 0.403363 0.522497 -0.751196
vn 0.449480 0.500526 -0.739893
vn 0.041348 0.382132 -0.923182
vn 0.403363 0.522497 -0.751196
vn 0.726605 0.542911 -0.421062
vn 0.729265 0.516607 -0.448653
vn 0.449480 0.500526 -0.739893
vn 0.726605 0.542911 -0.421062
vn 0.882327 0.467536 -0.053942
vn 0.889629 0.448639 -0.085341
vn 0.729265 0.516607 -0.448653
vn -0.066885 0.468979 0.880673
vn -0.451762 0.508687 0.732904
vn -0.458757 0.477833 0.749145
vn -0.088992 0.443886 0.891653
vn -0.451762 0.508687 0.732904
vn -0.795264 0.452003 0.404041
vn -0.773760 0.430182 0.465016
vn -0.458757 0.477833 0.749145
vn -0.795264 0.452003 0.404041
vn -0.943573 0.325938 0.058600
vn -0.945931 0.307281 0.103887
vn -0.773760 0.430182 0.465016
vn 0.944058 0.324545 0.058523
vn 0.795712 0.450651 0.404668
vn 0.773759 0.430182 0.465016
vn 0.945931 0.307281 0.103888
vn 0.795712 0.450651 0.404668
vn 0.451552 0.508360 0.733260
vn 0.458756 0.477833 0.749145
vn 0.773759 0.430182 0.465016
vn 0.451552 0.508360 0.733260
vn 0.066844 0.469300 0.880505
vn 0.088992 0.443885 0.891654
vn 0.458756 0.477833 0.749145
vn -0.944058 0.324545 -0.058523
vn -0.795712 0.450652 -0.404668
vn -0.773759 0.430183 -0.465016
vn -0.945931 0.307282 -0.103888
vn -0.795712 0.450652 -0.404668
vn -0.451552 0.508361 -0.733260
vn -0.458757 0.477833 -0.749145
vn -0.773759 0.430183 -0.465016
vn -0.451552 0.508361 -0.733260
vn -0.066843 0.469301 -0.880505
vn -0.088992 0.443886 -0.891653
vn -0.458757 0.477833 -0.749145
vn 0.100981 0.496468 -0.862161
vn 0.483576 0.537537 -0.690803
vn 0.474630 0.509905 -0.717442
vn 0.114213 0.471570 -0.874401
vn 0.483576 0.537537 -0.690803
vn 0.806079 0.462848 -0.368792
vn 0.775654 0.449583 -0.442986
vn 0.474630 0.509905 -0.717442
vn 0.806079 0.462848 -0.368792
vn 0.942369 0.329227 -0.059580
vn 0.941622 0.317647 -0.111571
vn 0.775654 0.449583 -0.442986
vn 0.000000 1.000000 0.000000
vn -0.097765 0.994197 -0.044886
vn -0.112876 0.993594 -0.005548
vn -0.062523 0.264775 0.962281
vn -0.450400 0.350457 0.821170
vn -0.489043 0.311007 0.814931
vn -0.090791 0.229732 0.969010
vn -0.450400 0.350457 0.821170
vn -0.801325 0.375004 0.466101
vn -0.810046 0.332778 0.482787
vn -0.489043 0.311007 0.814931
vn -0.801325 0.375004 0.466101
vn -0.942820 0.326949 0.064772
vn -0.953443 0.289752 0.083607
vn -0.810046 0.332778 0.482787
vn 0.942979 0.326490 0.064771
vn 0.801166 0.374993 0.466384
vn 0.810045 0.332779 0.482789
vn 0.953443 0.289753 0.083607
vn 0.801166 0.374993 0.466384
vn 0.449986 0.351322 0.821027
vn 0.489042 0.311007 0.814931
vn 0.810045 0.332779 0.482789
vn 0.449986 0.351322 0.821027
vn 0.062596 0.265690 0.962024
vn 0.090794 0.229732 0.969010
vn 0.489042 0.311007 0.814931
vn -0.942979 0.326490 -0.064772
vn -0.801165 0.374993 -0.466386
vn -0.810044 0.332780 -0.482790
vn -0.953443 0.289754 -0.083607
vn -0.801165 0.374993 -0.466386
vn -0.449986 0.351322 -0.821027
vn -0.489042 0.311007 -0.814931
vn -0.810044 0.332780 -0.482790
vn -0.449986 0.351322 -0.821027
vn -0.062596 0.265690 -0.962024
vn -0.090795 0.229731 -0.969010
vn -0.489042 0.311007 -0.814931
vn 0.062527 0.264775 -0.962281
vn 0.450400 0.350457 -0.821170
vn 0.489042 0.311006 -0.814932
vn 0.090795 0.229731 -0.969010
vn 0.450400 0.350457 -0.821170
vn 0.801323 0.375005 -0.466103
vn 0.810044 0.332779 -0.482790
vn 0.489042 0.311006 -0.814932
vn 0.801323 0.375005 -0.466103
vn 0.942819 0.326950 -0.064772
vn 0.953443 0.289753 -0.083607
vn 0.810044 0.332779 -0.482790
vn -0.053269 0.994694 -0.088012
vn 0.000000 1.000000 0.000000
vn -0.008288 0.994609 -0.103361
vn 0.000000 1.000000 0.000000
vn -0.112876 0.993594 -0.005548
vn -0.060736 0.998154 0.000339
vn -0.008288 0.994609 -0.103361
vn 0.000000 1.000000 0.000000
vn 0.000019 0.998422 -0.056154
vn -0.053269 0.994694 -0.088012
vn -0.097765 0.994197 -0.044886
vn 0.000000 1.000000 0.000000
vn 0.045578 0.998330 -0.035502
vn 0.006024 0.989197 -0.146466
vn 0.000000 1.000000 0.000000
vn 0.000000 1.000000 0.000000
vn 0.006024 0.989197 -0.146466
vn -0.000146 0.996958 -0.077935
vn 0.047323 0.998874 -0.003476
vn 0.000000 1.000000 0.000000
vn 0.023608 0.999721 0.000040
vn 0.045578 0.998330 -0.035502
vn 0.000000 1.000000 0.000000
vn 0.047323 0.998874 -0.003476
vn 0.045022 0.998260 0.038077
vn 0.048705 0.998808 0.003185
vn 0.000000 1.000000 0.000000
vn 0.000000 1.000000 0.000000
vn 0.048705 0.998808 0.003185
vn 0.023414 0.999726 -0.000178
vn 0.005548 0.989056 0.147434
vn 0.000000 1.000000 0.000000
vn -0.000020 0.996969 0.077806
vn 0.045022 0.998260 0.038077
vn 0.000000 1.000000 0.000000
vn 0.005548 0.989056 0.147434
vn -0.095919 0.994488 0.042358
vn -0.056292 0.994587 0.087341
vn 0.000000 1.000000 0.000000
vn 0.000000 1.000000 0.000000
vn -0.056292 0.994587 0.087341
vn -0.008429 0.994494 0.104458
vn 0.000000 1.000000 0.000000
vn -0.008429 0.994494 0.104458
vn 0.000134 0.998428 0.056052
vn -0.111412 0.993751 0.006742
vn 0.000000 1.000000 0.000000
vn -0.060995 0.998138 -0.000078
vn -0.095919 0.994488 0.042358
vn 0.000000 1.000000 0.000000
vn -0.111412 0.993751 0.006742
vn 0.095778 0.994754 -0.035919
vn 0.063022 0.994852 -0.079356
vn 0.000000 1.000000 0.000000
vn 0.000000 1.000000 0.000000
vn 0.063022 0.994852 -0.079356
vn 0.016557 0.994726 -0.101227
vn 0.000000 1.000000 0.000000
vn 0.016557 0.994726 -0.101227
vn 0.001418 0.998309 -0.058119
vn 0.099738 0.994985 -0.007579
vn 0.000000 1.000000 0.000000
vn 0.062047 0.998073 -0.000011
vn 0.095778 0.994754 -0.035919
vn 0.000000 1.000000 0.000000
vn 0.099738 0.994985 -0.007579
vn -0.084119 0.994299 0.065524
vn -0.013104 0.992807 0.119005
vn 0.000000 1.000000 0.000000
vn 0.000000 1.000000 0.000000
vn -0.013104 0.992807 0.119005
vn 0.000226 0.997984 0.063464
vn -0.108721 0.994039 0.008190
vn 0.000000 1.000000 0.000000
vn -0.088276 0.996096 0.001021
vn -0.084119 0.994299 0.065524
vn 0.000000 1.000000 0.000000
vn -0.108721 0.994039 0.008190
vn -0.083161 0.994051 -0.070332
vn -0.111420 0.993745 -0.007463
vn 0.000000 1.000000 0.000000
vn 0.000000 1.000000 0.000000
vn -0.111420 0.993745 -0.007463
vn -0.056036 0.998429 0.000482
vn -0.011886 0.993047 -0.117118
vn 0.000000 1.000000 0.000000
vn 0.000030 0.997976 -0.063584
vn -0.083161 0.994051 -0.070332
vn 0.000000 1.000000 0.000000
vn -0.011886 0.993047 -0.117118
vn -0.043262 0.994935 -0.090734
vn -0.089214 0.994670 -0.051692
vn 0.000000 1.000000 0.000000
vn 0.000000 1.000000 0.000000
vn -0.089214 0.994670 -0.051692
vn -0.110690 0.993834 -0.006399
vn 0.000000 1.000000 0.000000
vn -0.110690 0.993834 -0.006399
vn -0.059074 0.998254 0.000211
vn -0.005943 0.994240 -0.107016
vn 0.000000 1.000000 0.000000
vn 0.000052 0.998379 -0.056922
vn -0.043262 0.994935 -0.090734
vn 0.000000 1.000000 0.000000
vn -0.005943 0.994240 -0.107016
vn 0.045957 0.998634 -0.024881
vn 0.029346 0.997883 -0.058041
vn 0.000000 1.000000 0.000000
vn 0.000000 1.000000 0.000000
vn 0.029346 0.997883 -0.058041
vn 0.002415 0.988151 -0.153466
vn 0.000000 1.000000 0.000000
vn 0.002415 0.988151 -0.153466
vn -0.000176 0.997309 -0.073312
vn 0.045141 0.998977 -0.002734
vn 0.000000 1.000000 0.000000
vn 0.023246 0.999730 0.000012
vn 0.045957 0.998634 -0.024881
vn 0.000000 1.000000 0.000000
vn 0.045141 0.998977 -0.002734
vn 0.027759 0.997918 0.058220
vn 0.046582 0.998550 0.026991
vn 0.000000 1.000000 0.000000
vn 0.000000 1.000000 0.000000
vn 0.046582 0.998550 0.026991
vn 0.045845 0.998945 0.002607
vn 0.000000 1.000000 0.000000
vn 0.045845 0.998945 0.002607
vn 0.023159 0.999732 -0.000078
vn 0.002771 0.988338 0.152251
vn 0.000000 1.000000 0.000000
vn -0.000030 0.997312 0.073266
vn 0.027759 0.997918 0.058220
vn 0.000000 1.000000 0.000000
vn 0.002771 0.988338 0.152251
vn -0.096569 0.993872 0.053792
vn -0.051512 0.993639 0.100139
vn 0.000000 1.000000 0.000000
vn 0.000000 1.000000 0.000000
vn -0.051512 0.993639 0.100139
vn -0.006525 0.993201 0.116229
vn 0.000000 1.000000 0.000000
vn -0.006525 0.993201 0.116229
vn 0.000215 0.998068 0.062127
vn -0.115195 0.993312 0.007850
vn 0.000000 1.000000 0.000000
vn -0.062830 0.998024 -0.000029
vn -0.096569 0.993872 0.053792
vn 0.000000 1.000000 0.000000
vn -0.115195 0.993312 0.007850
vn 0.049143 0.993875 0.098985
vn 0.096617 0.993725 0.056360
vn 0.000000 1.000000 0.000000
vn 0.000000 1.000000 0.000000
vn 0.096617 0.993725 0.056360
vn 0.116068 0.993211 0.007737
vn 0.000000 1.000000 0.000000
vn 0.116068 0.993211 0.007737
vn 0.062735 0.998030 -0.000138
vn 0.007178 0.993317 0.115195
vn 0.000000 1.000000 0.000000
vn -0.000048 0.998058 0.062284
vn 0.049143 0.993875 0.098985
vn 0.000000 1.000000 0.000000
vn 0.007178 0.993317 0.115195
vn -0.049143 0.993875 -0.098987
vn -0.096618 0.993725 -0.056361
vn 0.000000 1.000000 0.000000
vn 0.000000 1.000000 0.000000
vn -0.096618 0.993725 -0.056361
vn -0.116068 0.993211 -0.007737
vn 0.000000 1.000000 0.000000
vn -0.116068 0.993211 -0.007737
vn -0.062735 0.998030 0.000138
vn -0.007179 0.993317 -0.115195
vn 0.000000 1.000000 0.000000
vn 0.000048 0.998058 -0.062284
vn -0.049143 0.993875 -0.098987
vn 0.000000 1.000000 0.000000
vn -0.007179 0.993317 -0.115195
vn -0.089072 0.994857 0.048223
vn -0.046508 0.994674 0.091985
vn 0.000000 1.000000 0.000000
vn 0.000000 1.000000 0.000000
vn -0.046508 0.994674 0.091985
vn -0.005164 0.994088 0.108452
vn 0.000000 1.000000 0.000000
vn -0.005164 0.994088 0.108452
vn 0.000275 0.998390 0.056714
vn -0.109356 0.993980 0.006735
vn 0.000000 1.000000 0.000000
vn -0.059227 0.998245 -0.000031
vn -0.089072 0.994857 0.048223
vn 0.000000 1.000000 0.000000
vn -0.109356 0.993980 0.006735
vn -0.088276 0.996096 0.001021
vn -0.569218 0.822178 0.003836
vn -0.586504 0.808579 0.047053
vn -0.108721 0.994039 0.008190
vn -0.569218 0.822178 0.003836
vn -0.921076 0.389383 0.000353
vn -0.904541 0.419861 0.074316
vn -0.586504 0.808579 0.047053
vn 0.000144 0.537101 0.843518
vn 0.000929 0.866240 0.499628
vn -0.057605 0.851025 0.521956
vn -0.083695 0.551015 0.830287
vn 0.000929 0.866240 0.499628
vn 0.000226 0.997984 0.063464
vn -0.013104 0.992807 0.119005
vn -0.057605 0.851025 0.521956
vn 0.000000 0.998316 0.058006
vn -0.000018 0.866562 0.499070
vn -0.000015 0.866969 0.498362
vn 0.000000 0.998323 0.057885
vn -0.000018 0.866562 0.499070
vn -0.000005 0.539667 0.841879
vn -0.000005 0.539685 0.841867
vn -0.000015 0.866969 0.498362
vn 0.000000 0.998323 0.057885
vn -0.000015 0.866969 0.498362
vn -0.000013 0.867317 0.497756
vn 0.000000 0.998329 0.057782
vn -0.000015 0.866969 0.498362
vn -0.000005 0.539685 0.841867
vn -0.000004 0.539701 0.841857
vn -0.000013 0.867317 0.497756
vn 0.000000 0.998329 0.057782
vn -0.000013 0.867317 0.497756
vn -0.000011 0.867606 0.497253
vn 0.000000 0.998334 0.057697
vn -0.000013 0.867317 0.497756
vn -0.000004 0.539701 0.841857
vn -0.000003 0.539714 0.841848
vn -0.000011 0.867606 0.497253
vn 0.000000 0.998334 0.057697
vn -0.000011 0.867606 0.497253
vn -0.000008 0.867833 0.496856
vn 0.000000 0.998338 0.057629
vn -0.000011 0.867606 0.497253
vn -0.000003 0.539714 0.841848
vn -0.000002 0.539725 0.841842
vn -0.000008 0.867833 0.496856
vn 0.000000 0.998338 0.057629
vn -0.000008 0.867833 0.496856
vn -0.000006 0.867998 0.496567
vn 0.000000 0.998341 0.057580
vn -0.000008 0.867833 0.496856
vn -0.000002 0.539725 0.841842
vn -0.000002 0.539732 0.841837
vn -0.000006 0.867998 0.496567
vn 0.000000 0.998341 0.057580
vn -0.000006 0.867998 0.496567
vn -0.000003 0.868102 0.496387
vn 0.000000 0.998343 0.057550
vn -0.000006 0.867998 0.496567
vn -0.000002 0.539732 0.841837
vn -0.000001 0.539737 0.841834
vn -0.000003 0.868102 0.496387
vn 0.000000 0.998343 0.057550
vn -0.000003 0.868102 0.496387
vn 0.000000 0.868143 0.496315
vn 0.000000 0.998343 0.057538
vn -0.000003 0.868102 0.496387
vn -0.000001 0.539737 0.841834
vn 0.000000 0.539739 0.841833
vn 0.000000 0.868143 0.496315
vn 0.000000 0.998343 0.057538
vn 0.000000 0.868143 0.496315
vn 0.000002 0.868121 0.496353
vn 0.000000 0.998343 0.057544
vn 0.000000 0.868143 0.496315
vn 0.000000 0.539739 0.841833
vn 0.000001 0.539738 0.841833
vn 0.000002 0.868121 0.496353
vn 0.000000 0.998343 0.057544
vn 0.000002 0.868121 0.496353
vn 0.000005 0.868036 0.496501
vn 0.000000 0.998342 0.057569
vn 0.000002 0.868121 0.496353
vn 0.000001 0.539738 0.841833
vn 0.000001 0.539734 0.841836
vn 0.000005 0.868036 0.496501
vn 0.000000 0.998342 0.057569
vn 0.000005 0.868036 0.496501
vn 0.000007 0.867890 0.496757
vn 0.000000 0.998339 0.057613
vn 0.000005 0.868036 0.496501
vn 0.000001 0.539734 0.841836
vn 0.000002 0.539727 0.841840
vn 0.000007 0.867890 0.496757
vn 0.000000 0.998339 0.057613
vn 0.000007 0.867890 0.496757
vn 0.000010 0.867681 0.497122
vn 0.000000 0.998335 0.057675
vn 0.000007 0.867890 0.496757
vn 0.000002 0.539727 0.841840
vn 0.000003 0.539718 0.841846
vn 0.000010 0.867681 0.497122
vn 0.000000 0.998335 0.057675
vn 0.000010 0.867681 0.497122
vn 0.000012 0.867411 0.497593
vn 0.000000 0.998331 0.057755
vn 0.000010 0.867681 0.497122
vn 0.000003 0.539718 0.841846
vn 0.000004 0.539706 0.841854
vn 0.000012 0.867411 0.497593
vn 0.000000 0.998331 0.057755
vn 0.000012 0.867411 0.497593
vn 0.000015 0.867080 0.498168
vn 0.000000 0.998325 0.057852
vn 0.000012 0.867411 0.497593
vn 0.000004 0.539706 0.841854
vn 0.000004 0.539690 0.841864
vn 0.000015 0.867080 0.498168
vn 0.000000 0.998325 0.057852
vn 0.000015 0.867080 0.498168
vn -0.000216 0.867619 0.497230
vn -0.000020 0.996969 0.077806
vn 0.000015 0.867080 0.498168
vn 0.000004 0.539690 0.841864
vn -0.000051 0.539019 0.842294
vn -0.000216 0.867619 0.497230
vn -0.000020 0.996969 0.077806
vn -0.000216 0.867619 0.497230
vn 0.022281 0.850156 0.526059
vn 0.005548 0.989056 0.147434
vn -0.000216 0.867619 0.497230
vn -0.000051 0.539019 0.842294
vn 0.036151 0.539758 0.841044
vn 0.022281 0.850156 0.526059
vn 0.919392 0.393343 -0.000366
vn 0.570198 0.821504 -0.002159
vn 0.594088 0.803050 0.046591
vn 0.905213 0.418424 0.074235
vn 0.570198 0.821504 -0.002159
vn 0.023414 0.999726 -0.000178
vn 0.048705 0.998808 0.003185
vn 0.594088 0.803050 0.046591
vn 0.020648 0.999787 0.000007
vn 0.564189 0.825646 0.000053
vn 0.565696 0.824614 0.000044
vn 0.020665 0.999786 0.000005
vn 0.564189 0.825646 0.000053
vn 0.916932 0.399043 0.000001
vn 0.917018 0.398846 0.000001
vn 0.565696 0.824614 0.000044
vn 0.020665 0.999786 0.000005
vn 0.565696 0.824614 0.000044
vn 0.566919 0.823773 0.000035
vn 0.020678 0.999786 0.000004
vn 0.565696 0.824614 0.000044
vn 0.917018 0.398846 0.000001
vn 0.917087 0.398686 0.000001
vn 0.566919 0.823773 0.000035
vn 0.020678 0.999786 0.000004
vn 0.566919 0.823773 0.000035
vn 0.567849 0.823133 0.000026
vn 0.020689 0.999786 0.000003
vn 0.566919 0.823773 0.000035
vn 0.917087 0.398686 0.000001
vn 0.917140 0.398565 0.000001
vn 0.567849 0.823133 0.000026
vn 0.020689 0.999786 0.000003
vn 0.567849 0.823133 0.000026
vn 0.568474 0.822702 0.000016
vn 0.020696 0.999786 0.000002
vn 0.567849 0.823133 0.000026
vn 0.917140 0.398565 0.000001
vn 0.917175 0.398484 0.000000
vn 0.568474 0.822702 0.000016
vn 0.020696 0.999786 0.000002
vn 0.568474 0.822702 0.000016
vn 0.568788 0.822484 0.000005
vn 0.020699 0.999786 0.000001
vn 0.568474 0.822702 0.000016
vn 0.917175 0.398484 0.000000
vn 0.917193 0.398443 0.000000
vn 0.568788 0.822484 0.000005
vn 0.020699 0.999786 0.000001
vn 0.568788 0.822484 0.000005
vn 0.568788 0.822484 -0.000005
vn 0.020699 0.999786 -0.000001
vn 0.568788 0.822484 0.000005
vn 0.917193 0.398443 0.000000
vn 0.917193 0.398443 0.000000
vn 0.568788 0.822484 -0.000005
vn 0.020699 0.999786 -0.000001
vn 0.568788 0.822484 -0.000005
vn 0.568474 0.822701 -0.000016
vn 0.020696 0.999786 -0.000002
vn 0.568788 0.822484 -0.000005
vn 0.917193 0.398443 0.000000
vn 0.917175 0.398484 0.000000
vn 0.568474 0.822701 -0.000016
vn 0.020696 0.999786 -0.000002
vn 0.568474 0.822701 -0.000016
vn 0.567849 0.823133 -0.000026
vn 0.020689 0.999786 -0.000003
vn 0.568474 0.822701 -0.000016
vn 0.917175 0.398484 0.000000
vn 0.917140 0.398565 -0.000001
vn 0.567849 0.823133 -0.000026
vn 0.020689 0.999786 -0.000003
vn 0.567849 0.823133 -0.000026
vn 0.566920 0.823773 -0.000035
vn 0.020679 0.999786 -0.000004
vn 0.567849 0.823133 -0.000026
vn 0.917140 0.398565 -0.000001
vn 0.917087 0.398686 -0.000001
vn 0.566920 0.823773 -0.000035
vn -0.919100 0.394024 -0.000496
vn -0.568597 0.822608 -0.003682
vn -0.570210 0.821499 -0.000084
vn -0.917128 0.398593 -0.000017
vn -0.568597 0.822608 -0.003682
vn -0.076471 0.997072 -0.000840
vn -0.053906 0.998546 -0.000010
vn -0.570210 0.821499 -0.000084
vn 0.020679 0.999786 -0.000004
vn 0.566920 0.823773 -0.000035
vn 0.565695 0.824614 -0.000044
vn 0.020665 0.999786 -0.000005
vn 0.566920 0.823773 -0.000035
vn 0.917087 0.398686 -0.000001
vn 0.917018 0.398846 -0.000001
vn 0.565695 0.824614 -0.000044
vn -0.917128 0.398593 -0.000017
vn -0.570210 0.821499 -0.000084
vn -0.571210 0.820804 -0.000105
vn -0.917092 0.398675 -0.000022
vn -0.570210 0.821499 -0.000084
vn -0.053906 0.998546 -0.000010
vn -0.054189 0.998531 -0.000013
vn -0.571210 0.820804 -0.000105
vn 0.020665 0.999786 -0.000005
vn 0.565695 0.824614 -0.000044
vn 0.564189 0.825646 -0.000053
vn 0.020648 0.999787 -0.000007
vn 0.565695 0.824614 -0.000044
vn 0.917018 0.398846 -0.000001
vn 0.916932 0.399043 -0.000001
vn 0.564189 0.825646 -0.000053
vn -0.917092 0.398675 -0.000022
vn -0.571210 0.820804 -0.000105
vn -0.572417 0.819963 -0.000126
vn -0.917048 0.398778 -0.000026
vn -0.571210 0.820804 -0.000105
vn -0.054189 0.998531 -0.000013
vn -0.054534 0.998512 -0.000015
vn -0.572417 0.819963 -0.000126
vn 0.020648 0.999787 -0.000007
vn 0.564189 0.825646 -0.000053
vn 0.566400 0.824130 0.000862
vn 0.023608 0.999721 0.000040
vn 0.564189 0.825646 -0.000053
vn 0.916932 0.399043 -0.000001
vn 0.919081 0.394068 0.000218
vn 0.566400 0.824130 0.000862
vn -0.919442 0.393225 0.000394
vn -0.575230 0.817989 0.002195
vn -0.599578 0.798951 -0.046735
vn -0.905167 0.418491 -0.074418
vn -0.575230 0.817989 0.002195
vn -0.056036 0.998429 0.000482
vn -0.111420 0.993745 -0.007463
vn -0.599578 0.798951 -0.046735
vn 0.000030 0.997976 -0.063584
vn 0.000394 0.867233 -0.497903
vn -0.056133 0.853077 -0.518757
vn -0.011886 0.993047 -0.117118
vn 0.000394 0.867233 -0.497903
vn 0.000091 0.537351 -0.843359
vn -0.083560 0.551227 -0.830161
vn -0.056133 0.853077 -0.518757
vn 0.000091 0.537351 -0.843359
vn 0.000394 0.867233 -0.497903
vn -0.000018 0.866561 -0.499071
vn -0.000005 0.539666 -0.841879
vn 0.000394 0.867233 -0.497903
vn 0.000030 0.997976 -0.063584
vn 0.000000 0.998316 -0.058006
vn -0.000018 0.866561 -0.499071
vn -0.000005 0.539666 -0.841879
vn -0.000018 0.866561 -0.499071
vn -0.000016 0.866969 -0.498363
vn -0.000005 0.539685 -0.841867
vn -0.000018 0.866561 -0.499071
vn 0.000000 0.998316 -0.058006
vn 0.000000 0.998323 -0.057885
vn -0.000016 0.866969 -0.498363
vn -0.000005 0.539685 -0.841867
vn -0.000016 0.866969 -0.498363
vn -0.000012 0.867317 -0.497756
vn -0.000003 0.539700 -0.841857
vn -0.000016 0.866969 -0.498363
vn 0.000000 0.998323 -0.057885
vn 0.000000 0.998329 -0.057782
vn -0.000012 0.867317 -0.497756
vn -0.000003 0.539700 -0.841857
vn -0.000012 0.867317 -0.497756
vn -0.000010 0.867606 -0.497253
vn -0.000003 0.539714 -0.841848
vn -0.000012 0.867317 -0.497756
vn 0.000000 0.998329 -0.057782
vn 0.000000 0.998334 -0.057697
vn -0.000010 0.867606 -0.497253
vn -0.000003 0.539714 -0.841848
vn -0.000010 0.867606 -0.497253
vn -0.000008 0.867833 -0.496857
vn -0.000003 0.539724 -0.841842
vn -0.000010 0.867606 -0.497253
vn 0.000000 0.998334 -0.057697
vn 0.000000 0.998338 -0.057630
vn -0.000008 0.867833 -0.496857
vn -0.000003 0.539724 -0.841842
vn -0.000008 0.867833 -0.496857
vn -0.000006 0.867998 -0.496568
vn -0.000002 0.539731 -0.841837
vn -0.000008 0.867833 -0.496857
vn 0.000000 0.998338 -0.057630
vn -0.000000 0.998341 -0.057580
vn -0.000006 0.867998 -0.496568
vn -0.000002 0.539731 -0.841837
vn -0.000006 0.867998 -0.496568
vn -0.000003 0.868102 -0.496387
vn -0.000001 0.539736 -0.841835
vn -0.000006 0.867998 -0.496568
vn -0.000000 0.998341 -0.057580
vn -0.000000 0.998343 -0.057550
vn -0.000003 0.868102 -0.496387
vn -0.000001 0.539736 -0.841835
vn -0.000003 0.868102 -0.496387
vn -0.000000 0.868142 -0.496315
vn 0.000000 0.539737 -0.841834
vn -0.000003 0.868102 -0.496387
vn -0.000000 0.998343 -0.057550
vn 0.000000 0.998343 -0.057538
vn -0.000000 0.868142 -0.496315
vn 0.000000 0.539737 -0.841834
vn -0.000000 0.868142 -0.496315
vn 0.000002 0.868120 -0.496354
vn 0.000001 0.539737 -0.841834
vn -0.000000 0.868142 -0.496315
vn 0.000000 0.998343 -0.057538
vn 0.000000 0.998343 -0.057544
vn 0.000002 0.868120 -0.496354
vn 0.000001 0.539737 -0.841834
vn 0.000002 0.868120 -0.496354
vn 0.000005 0.868036 -0.496502
vn 0.000002 0.539733 -0.841836
vn 0.000002 0.868120 -0.496354
vn 0.000000 0.998343 -0.057544
vn -0.000000 0.998342 -0.057569
vn 0.000005 0.868036 -0.496502
vn 0.000002 0.539733 -0.841836
vn 0.000005 0.868036 -0.496502
vn 0.000008 0.867889 -0.496758
vn 0.000003 0.539726 -0.841841
vn 0.000005 0.868036 -0.496502
vn -0.000000 0.998342 -0.057569
vn -0.000000 0.998339 -0.057613
vn 0.000008 0.867889 -0.496758
vn 0.000003 0.539726 -0.841841
vn 0.000008 0.867889 -0.496758
vn 0.000010 0.867681 -0.497122
vn 0.000003 0.539717 -0.841847
vn 0.000008 0.867889 -0.496758
vn -0.000000 0.998339 -0.057613
vn -0.000000 0.998335 -0.057675
vn 0.000010 0.867681 -0.497122
vn 0.000003 0.539717 -0.841847
vn 0.000010 0.867681 -0.497122
vn 0.000012 0.867411 -0.497593
vn 0.000003 0.539704 -0.841855
vn 0.000010 0.867681 -0.497122
vn -0.000000 0.998335 -0.057675
vn -0.000000 0.998331 -0.057755
vn 0.000012 0.867411 -0.497593
vn 0.000003 0.539704 -0.841855
vn 0.000012 0.867411 -0.497593
vn 0.000015 0.867080 -0.498169
vn 0.000004 0.539689 -0.841864
vn 0.000012 0.867411 -0.497593
vn -0.000000 0.998331 -0.057755
vn -0.000000 0.998325 -0.057852
vn 0.000015 0.867080 -0.498169
vn -0.000083 0.538581 -0.842574
vn -0.000523 0.865714 -0.500539
vn 0.022910 0.847343 -0.530552
vn 0.036213 0.539396 -0.841273
vn -0.000523 0.865714 -0.500539
vn -0.000146 0.996958 -0.077935
vn 0.006024 0.989197 -0.146466
vn 0.022910 0.847343 -0.530552
vn 0.023608 0.999721 0.000040
vn 0.566400 0.824130 0.000862
vn 0.580796 0.812699 -0.046869
vn 0.047323 0.998874 -0.003476
vn 0.566400 0.824130 0.000862
vn 0.919081 0.394068 0.000218
vn 0.904585 0.419798 -0.074135
vn 0.580796 0.812699 -0.046869
vn -0.059227 0.998245 -0.000031
vn -0.538536 0.842602 -0.000395
vn -0.559019 0.828377 0.035902
vn -0.109356 0.993980 0.006735
vn -0.538536 0.842602 -0.000395
vn -0.888285 0.459293 -0.000095
vn -0.882345 0.467497 0.053982
vn -0.559019 0.828377 0.035902
vn 0.000224 0.405728 0.913994
vn 0.001323 0.823345 0.567540
vn -0.032666 0.804046 0.593670
vn -0.051664 0.415767 0.908003
vn 0.001323 0.823345 0.567540
vn 0.000275 0.998390 0.056714
vn -0.005164 0.994088 0.108452
vn -0.032666 0.804046 0.593670
vn -0.000005 0.998535 0.054105
vn -0.000045 0.824691 0.565583
vn -0.000039 0.825133 0.564939
vn -0.000004 0.998543 0.053960
vn -0.000045 0.824691 0.565583
vn -0.000009 0.410394 0.911908
vn -0.000008 0.410370 0.911919
vn -0.000039 0.825133 0.564939
vn -0.000004 0.998543 0.053960
vn -0.000039 0.825133 0.564939
vn -0.000033 0.825512 0.564385
vn -0.000003 0.998550 0.053835
vn -0.000039 0.825133 0.564939
vn -0.000008 0.410370 0.911919
vn -0.000007 0.410350 0.911928
vn -0.000033 0.825512 0.564385
vn -0.000003 0.998550 0.053835
vn -0.000033 0.825512 0.564385
vn -0.000027 0.825827 0.563924
vn -0.000003 0.998555 0.053732
vn -0.000033 0.825512 0.564385
vn -0.000007 0.410350 0.911928
vn -0.000005 0.410334 0.911935
vn -0.000027 0.825827 0.563924
vn -0.000003 0.998555 0.053732
vn -0.000027 0.825827 0.563924
vn -0.000021 0.826077 0.563558
vn -0.000002 0.998560 0.053651
vn -0.000027 0.825827 0.563924
vn -0.000005 0.410334 0.911935
vn -0.000005 0.410321 0.911941
vn -0.000021 0.826077 0.563558
vn -0.000002 0.998560 0.053651
vn -0.000021 0.826077 0.563558
vn -0.000014 0.826259 0.563290
vn -0.000001 0.998563 0.053591
vn -0.000021 0.826077 0.563558
vn -0.000005 0.410321 0.911941
vn -0.000003 0.410312 0.911945
vn -0.000014 0.826259 0.563290
vn -0.000001 0.998563 0.053591
vn -0.000014 0.826259 0.563290
vn -0.000007 0.826374 0.563122
vn -0.000001 0.998565 0.053554
vn -0.000014 0.826259 0.563290
vn -0.000003 0.410312 0.911945
vn -0.000002 0.410306 0.911948
vn -0.000007 0.826374 0.563122
vn -0.000001 0.998565 0.053554
vn -0.000007 0.826374 0.563122
vn -0.000001 0.826419 0.563055
vn 0.000000 0.998566 0.053539
vn -0.000007 0.826374 0.563122
vn -0.000002 0.410306 0.911948
vn 0.000000 0.410304 0.911949
vn -0.000001 0.826419 0.563055
vn 0.000000 0.998566 0.053539
vn -0.000001 0.826419 0.563055
vn 0.000005 0.826395 0.563091
vn 0.000000 0.998565 0.053547
vn -0.000001 0.826419 0.563055
vn 0.000000 0.410304 0.911949
vn 0.000001 0.410305 0.911948
vn 0.000005 0.826395 0.563091
vn 0.000000 0.998565 0.053547
vn 0.000005 0.826395 0.563091
vn 0.000012 0.826301 0.563229
vn 0.000001 0.998564 0.053578
vn 0.000005 0.826395 0.563091
vn 0.000001 0.410305 0.911948
vn 0.000003 0.410310 0.911946
vn 0.000012 0.826301 0.563229
vn 0.000001 0.998564 0.053578
vn 0.000012 0.826301 0.563229
vn 0.000019 0.826139 0.563467
vn 0.000002 0.998561 0.053630
vn 0.000012 0.826301 0.563229
vn 0.000003 0.410310 0.911946
vn 0.000005 0.410318 0.911942
vn 0.000019 0.826139 0.563467
vn 0.000002 0.998561 0.053630
vn 0.000019 0.826139 0.563467
vn 0.000025 0.825909 0.563804
vn 0.000003 0.998557 0.053705
vn 0.000019 0.826139 0.563467
vn 0.000005 0.410318 0.911942
vn 0.000006 0.410331 0.911937
vn 0.000025 0.825909 0.563804
vn 0.000003 0.998557 0.053705
vn 0.000025 0.825909 0.563804
vn 0.000031 0.825613 0.564237
vn 0.000003 0.998552 0.053802
vn 0.000025 0.825909 0.563804
vn 0.000006 0.410331 0.911937
vn 0.000006 0.410346 0.911930
vn 0.000031 0.825613 0.564237
vn 0.000003 0.998552 0.053802
vn 0.000031 0.825613 0.564237
vn 0.000036 0.825253 0.564764
vn 0.000004 0.998545 0.053920
vn 0.000031 0.825613 0.564237
vn 0.000006 0.410346 0.911930
vn 0.000008 0.410364 0.911922
vn 0.000036 0.825253 0.564764
vn 0.000004 0.998545 0.053920
vn 0.000036 0.825253 0.564764
vn -0.000293 0.826324 0.563195
vn -0.000030 0.997312 0.073266
vn 0.000036 0.825253 0.564764
vn 0.000008 0.410364 0.911922
vn -0.000076 0.410096 0.912042
vn -0.000293 0.826324 0.563195
vn -0.000030 0.997312 0.073266
vn -0.000293 0.826324 0.563195
vn 0.011832 0.802533 0.596491
vn 0.002771 0.988338 0.152251
vn -0.000293 0.826324 0.563195
vn -0.000076 0.410096 0.912042
vn 0.020076 0.403319 0.914839
vn 0.011832 0.802533 0.596491
vn -0.888285 0.459293 -0.000095
vn -0.538536 0.842602 -0.000395
vn -0.538672 0.842516 0.000025
vn -0.886605 0.462528 0.000006
vn -0.538536 0.842602 -0.000395
vn -0.059227 0.998245 -0.000031
vn -0.054708 0.998502 0.000001
vn -0.538672 0.842516 0.000025
vn 0.888436 0.459001 -0.000153
vn 0.540206 0.841532 -0.000978
vn 0.562839 0.825808 0.035409
vn 0.882649 0.466926 0.053949
vn 0.540206 0.841532 -0.000978
vn 0.023159 0.999732 -0.000078
vn 0.045845 0.998945 0.002607
vn 0.562839 0.825808 0.035409
vn 0.020097 0.999798 0.000001
vn 0.536865 0.843668 0.000010
vn 0.537015 0.843573 0.000007
vn 0.020096 0.999798 0.000001
vn 0.536865 0.843668 0.000010
vn 0.886572 0.462591 0.000001
vn 0.886584 0.462567 0.000001
vn 0.537015 0.843573 0.000007
vn -0.886605 0.462528 0.000006
vn -0.538672 0.842516 0.000025
vn -0.538056 0.842909 0.000020
vn -0.886601 0.462534 0.000005
vn -0.538672 0.842516 0.000025
vn -0.054708 0.998502 0.000001
vn -0.054598 0.998508 0.000001
vn -0.538056 0.842909 0.000020
vn 0.020096 0.999798 0.000001
vn 0.537015 0.843573 0.000007
vn 0.537128 0.843501 0.000005
vn 0.020095 0.999798 0.000001
vn 0.537015 0.843573 0.000007
vn 0.886584 0.462567 0.000001
vn 0.886593 0.462550 0.000000
vn 0.537128 0.843501 0.000005
vn -0.886601 0.462534 0.000005
vn -0.538056 0.842909 0.000020
vn -0.537590 0.843206 0.000014
vn -0.886599 0.462539 0.000004
vn -0.538056 0.842909 0.000020
vn -0.054598 0.998508 0.000001
vn -0.054515 0.998513 0.000001
vn -0.537590 0.843206 0.000014
vn 0.020095 0.999798 0.000001
vn 0.537128 0.843501 0.000005
vn 0.537203 0.843453 0.000003
vn 0.020094 0.999798 0.000000
vn 0.537128 0.843501 0.000005
vn 0.886593 0.462550 0.000000
vn 0.886600 0.462537 0.000000
vn 0.537203 0.843453 0.000003
vn -0.886599 0.462539 0.000004
vn -0.537590 0.843206 0.000014
vn -0.537276 0.843406 0.000009
vn -0.886597 0.462542 0.000002
vn -0.537590 0.843206 0.000014
vn -0.054515 0.998513 0.000001
vn -0.054459 0.998516 0.000000
vn -0.537276 0.843406 0.000009
vn 0.020094 0.999798 0.000000
vn 0.537203 0.843453 0.000003
vn 0.537241 0.843429 0.000001
vn 0.020094 0.999798 0.000000
vn 0.537203 0.843453 0.000003
vn 0.886600 0.462537 0.000000
vn 0.886603 0.462531 0.000000
vn 0.537241 0.843429 0.000001
vn -0.886597 0.462542 0.000002
vn -0.537276 0.843406 0.000009
vn -0.537119 0.843507 0.000003
vn -0.886597 0.462544 0.000001
vn -0.537276 0.843406 0.000009
vn -0.054459 0.998516 0.000000
vn -0.054431 0.998518 0.000000
vn -0.537119 0.843507 0.000003
vn 0.020094 0.999798 0.000000
vn 0.537241 0.843429 0.000001
vn 0.537241 0.843429 -0.000001
vn 0.020094 0.999798 0.000000
vn 0.537241 0.843429 0.000001
vn 0.886603 0.462531 0.000000
vn 0.886603 0.462531 0.000000
vn 0.537241 0.843429 -0.000001
vn -0.886597 0.462544 0.000001
vn -0.537119 0.843507 0.000003
vn -0.537118 0.843507 -0.000003
vn -0.886597 0.462543 -0.000001
vn -0.537119 0.843507 0.000003
vn -0.054431 0.998518 0.000000
vn -0.054431 0.998518 -0.000000
vn -0.537118 0.843507 -0.000003
vn 0.020094 0.999798 0.000000
vn 0.537241 0.843429 -0.000001
vn 0.537204 0.843453 -0.000003
vn 0.020094 0.999798 0.000000
vn 0.537241 0.843429 -0.000001
vn 0.886603 0.462531 0.000000
vn 0.886600 0.462538 0.000000
vn 0.537204 0.843453 -0.000003
vn -0.886597 0.462543 -0.000001
vn -0.537118 0.843507 -0.000003
vn -0.537275 0.843407 -0.000009
vn -0.886597 0.462542 -0.000002
vn -0.537118 0.843507 -0.000003
vn -0.054431 0.998518 -0.000000
vn -0.054459 0.998516 -0.000000
vn -0.537275 0.843407 -0.000009
vn 0.020094 0.999798 0.000000
vn 0.537204 0.843453 -0.000003
vn 0.537128 0.843501 -0.000005
vn 0.020095 0.999798 -0.000001
vn 0.537204 0.843453 -0.000003
vn 0.886600 0.462538 0.000000
vn 0.886593 0.462550 0.000000
vn 0.537128 0.843501 -0.000005
vn -0.886597 0.462542 -0.000002
vn -0.537275 0.843407 -0.000009
vn -0.537590 0.843207 -0.000014
vn -0.886599 0.462538 -0.000004
vn -0.537275 0.843407 -0.000009
vn -0.054459 0.998516 -0.000000
vn -0.054515 0.998513 -0.000001
vn -0.537590 0.843207 -0.000014
vn 0.020095 0.999798 -0.000001
vn 0.537128 0.843501 -0.000005
vn 0.537015 0.843573 -0.000007
vn 0.020096 0.999798 -0.000001
vn 0.537128 0.843501 -0.000005
vn 0.886593 0.462550 0.000000
vn 0.886584 0.462568 -0.000001
vn 0.537015 0.843573 -0.000007
vn -0.886599 0.462538 -0.000004
vn -0.537590 0.843207 -0.000014
vn -0.538056 0.842909 -0.000020
vn -0.886602 0.462534 -0.000005
vn -0.537590 0.843207 -0.000014
vn -0.054515 0.998513 -0.000001
vn -0.054598 0.998508 -0.000001
vn -0.538056 0.842909 -0.000020
vn 0.020096 0.999798 -0.000001
vn 0.537015 0.843573 -0.000007
vn 0.536865 0.843668 -0.000010
vn 0.020097 0.999798 -0.000001
vn 0.537015 0.843573 -0.000007
vn 0.886584 0.462568 -0.000001
vn 0.886571 0.462592 -0.000001
vn 0.536865 0.843668 -0.000010
vn -0.886602 0.462534 -0.000005
vn -0.538056 0.842909 -0.000020
vn -0.538673 0.842515 -0.000025
vn -0.886605 0.462528 -0.000006
vn -0.538056 0.842909 -0.000020
vn -0.054598 0.998508 -0.000001
vn -0.054708 0.998502 -0.000001
vn -0.538673 0.842515 -0.000025
vn 0.020097 0.999798 -0.000001
vn 0.536865 0.843668 -0.000010
vn 0.538607 0.842557 0.000370
vn 0.023246 0.999730 0.000012
vn 0.536865 0.843668 -0.000010
vn 0.886571 0.462592 -0.000001
vn 0.888302 0.459259 0.000089
vn 0.538607 0.842557 0.000370
vn -0.888414 0.459042 0.000157
vn -0.540023 0.841650 0.000985
vn -0.564997 0.824324 -0.035600
vn -0.882665 0.466891 -0.053990
vn -0.540023 0.841650 0.000985
vn -0.059074 0.998254 0.000211
vn -0.110690 0.993834 -0.006399
vn -0.564997 0.824324 -0.035600
vn 0.000052 0.998379 -0.056922
vn 0.000558 0.824595 -0.565723
vn -0.033649 0.810221 -0.585158
vn -0.005943 0.994240 -0.107016
vn 0.000558 0.824595 -0.565723
vn 0.000139 0.406077 -0.913839
vn -0.051691 0.416718 -0.907565
vn -0.033649 0.810221 -0.585158
vn 0.000139 0.406077 -0.913839
vn 0.000558 0.824595 -0.565723
vn -0.000045 0.824691 -0.565584
vn -0.000010 0.410393 -0.911909
vn 0.000558 0.824595 -0.565723
vn 0.000052 0.998379 -0.056922
vn -0.000005 0.998535 -0.054105
vn -0.000045 0.824691 -0.565584
vn -0.000010 0.410393 -0.911909
vn -0.000045 0.824691 -0.565584
vn -0.000039 0.825132 -0.564940
vn -0.000009 0.410370 -0.911919
vn -0.000045 0.824691 -0.565584
vn -0.000005 0.998535 -0.054105
vn -0.000004 0.998543 -0.053960
vn -0.000039 0.825132 -0.564940
vn -0.000009 0.410370 -0.911919
vn -0.000039 0.825132 -0.564940
vn -0.000033 0.825511 -0.564385
vn -0.000007 0.410350 -0.911928
vn -0.000039 0.825132 -0.564940
vn -0.000004 0.998543 -0.053960
vn -0.000003 0.998550 -0.053835
vn -0.000033 0.825511 -0.564385
vn -0.000007 0.410350 -0.911928
vn -0.000033 0.825511 -0.564385
vn -0.000027 0.825827 -0.563924
vn -0.000006 0.410334 -0.911935
vn -0.000033 0.825511 -0.564385
vn -0.000003 0.998550 -0.053835
vn -0.000003 0.998555 -0.053732
vn -0.000027 0.825827 -0.563924
vn -0.000006 0.410334 -0.911935
vn -0.000027 0.825827 -0.563924
vn -0.000020 0.826077 -0.563558
vn -0.000005 0.410321 -0.911941
vn -0.000027 0.825827 -0.563924
vn -0.000003 0.998555 -0.053732
vn -0.000002 0.998560 -0.053651
vn -0.000020 0.826077 -0.563558
vn -0.000005 0.410321 -0.911941
vn -0.000020 0.826077 -0.563558
vn -0.000014 0.826259 -0.563290
vn -0.000003 0.410311 -0.911946
vn -0.000020 0.826077 -0.563558
vn -0.000002 0.998560 -0.053651
vn -0.000001 0.998563 -0.053591
vn -0.000014 0.826259 -0.563290
vn -0.000003 0.410311 -0.911946
vn -0.000014 0.826259 -0.563290
vn -0.000007 0.826373 -0.563123
vn -0.000002 0.410306 -0.911948
vn -0.000014 0.826259 -0.563290
vn -0.000001 0.998563 -0.053591
vn -0.000001 0.998565 -0.053554
vn -0.000007 0.826373 -0.563123
vn -0.000002 0.410306 -0.911948
vn -0.000007 0.826373 -0.563123
vn -0.000001 0.826418 -0.563057
vn -0.000000 0.410304 -0.911949
vn -0.000007 0.826373 -0.563123
vn -0.000001 0.998565 -0.053554
vn -0.000000 0.998566 -0.053539
vn -0.000001 0.826418 -0.563057
vn -0.000000 0.410304 -0.911949
vn -0.000001 0.826418 -0.563057
vn 0.000005 0.826394 -0.563092
vn 0.000001 0.410305 -0.911948
vn -0.000001 0.826418 -0.563057
vn -0.000000 0.998566 -0.053539
vn 0.000001 0.998565 -0.053547
vn 0.000005 0.826394 -0.563092
vn 0.000001 0.410305 -0.911948
vn 0.000005 0.826394 -0.563092
vn 0.000012 0.826301 -0.563229
vn 0.000003 0.410310 -0.911946
vn 0.000005 0.826394 -0.563092
vn 0.000001 0.998565 -0.053547
vn 0.000001 0.998564 -0.053578
vn 0.000012 0.826301 -0.563229
vn 0.000003 0.410310 -0.911946
vn 0.000012 0.826301 -0.563229
vn 0.000019 0.826139 -0.563466
vn 0.000004 0.410318 -0.911943
vn 0.000012 0.826301 -0.563229
vn 0.000001 0.998564 -0.053578
vn 0.000002 0.998561 -0.053630
vn 0.000019 0.826139 -0.563466
vn 0.000004 0.410318 -0.911943
vn 0.000019 0.826139 -0.563466
vn 0.000025 0.825909 -0.563803
vn 0.000006 0.410330 -0.911937
vn 0.000019 0.826139 -0.563466
vn 0.000002 0.998561 -0.053630
vn 0.000003 0.998557 -0.053705
vn 0.000025 0.825909 -0.563803
vn 0.000006 0.410330 -0.911937
vn 0.000025 0.825909 -0.563803
vn 0.000031 0.825614 -0.564236
vn 0.000007 0.410345 -0.911931
vn 0.000025 0.825909 -0.563803
vn 0.000003 0.998557 -0.053705
vn 0.000003 0.998552 -0.053802
vn 0.000031 0.825614 -0.564236
vn 0.000007 0.410345 -0.911931
vn 0.000031 0.825614 -0.564236
vn 0.000037 0.825253 -0.564763
vn 0.000008 0.410364 -0.911922
vn 0.000031 0.825614 -0.564236
vn 0.000003 0.998552 -0.053802
vn 0.000004 0.998545 -0.053920
vn 0.000037 0.825253 -0.564763
vn -0.000126 0.409417 -0.912347
vn -0.000725 0.823571 -0.567213
vn 0.011474 0.796954 -0.603930
vn 0.020065 0.402521 -0.915191
vn -0.000725 0.823571 -0.567213
vn -0.000176 0.997309 -0.073312
vn 0.002415 0.988151 -0.153466
vn 0.011474 0.796954 -0.603930
vn 0.023246 0.999730 0.000012
vn 0.538607 0.842557 0.000370
vn 0.556802 0.829877 -0.035702
vn 0.045141 0.998977 -0.002734
vn 0.538607 0.842557 0.000370
vn 0.888302 0.459259 0.000089
vn 0.882327 0.467536 -0.053942
vn 0.556802 0.829877 -0.035702
vn -0.060995 0.998138 -0.000078
vn -0.609350 0.792901 -0.000669
vn -0.624527 0.780022 0.039134
vn -0.111412 0.993751 0.006742
vn -0.609350 0.792901 -0.000669
vn -0.950418 0.310975 -0.000162
vn -0.943573 0.325938 0.058600
vn -0.624527 0.780022 0.039134
vn 0.000103 0.462838 0.886443
vn 0.000680 0.843952 0.536418
vn -0.046516 0.827019 0.560246
vn -0.066885 0.468979 0.880673
vn 0.000680 0.843952 0.536418
vn 0.000134 0.998428 0.056052
vn -0.008429 0.994494 0.104458
vn -0.046516 0.827019 0.560246
vn 0.000002 0.998680 0.051360
vn -0.000005 0.843956 0.536412
vn -0.000003 0.844304 0.535864
vn 0.000002 0.997869 0.065251
vn -0.000005 0.843956 0.536412
vn -0.000003 0.465433 0.885083
vn -0.000002 0.465464 0.885067
vn -0.000003 0.844304 0.535864
vn 0.000002 0.997869 0.065251
vn -0.000003 0.844304 0.535864
vn -0.000001 0.844479 0.535589
vn 0.000001 0.996054 0.088753
vn -0.000003 0.844304 0.535864
vn -0.000002 0.465464 0.885067
vn -0.000001 0.465480 0.885058
vn -0.000001 0.844479 0.535589
vn 0.000001 0.996054 0.088753
vn -0.000001 0.844479 0.535589
vn 0.000001 0.844479 0.535588
vn -0.000001 0.997699 0.067805
vn -0.000001 0.844479 0.535589
vn -0.000001 0.465480 0.885058
vn 0.000001 0.465480 0.885058
vn 0.000001 0.844479 0.535588
vn -0.000001 0.997699 0.067805
vn 0.000001 0.844479 0.535588
vn 0.000003 0.844305 0.535863
vn -0.000002 0.997861 0.065369
vn 0.000001 0.844479 0.535588
vn 0.000001 0.465480 0.885058
vn 0.000002 0.465464 0.885067
vn 0.000003 0.844305 0.535863
vn -0.000002 0.997861 0.065369
vn 0.000003 0.844305 0.535863
vn 0.000005 0.843956 0.536412
vn -0.000003 0.997717 0.067542
vn 0.000003 0.844305 0.535863
vn 0.000002 0.465464 0.885067
vn 0.000003 0.465433 0.885083
vn 0.000005 0.843956 0.536412
vn -0.000003 0.997717 0.067542
vn 0.000005 0.843956 0.536412
vn -0.000270 0.844545 0.535485
vn -0.000025 0.997214 0.074592
vn 0.000005 0.843956 0.536412
vn 0.000003 0.465433 0.885083
vn -0.000061 0.462987 0.886365
vn -0.000270 0.844545 0.535485
vn -0.000025 0.997214 0.074592
vn -0.000270 0.844545 0.535485
vn 0.046179 0.829215 0.557019
vn 0.005081 0.997979 0.063346
vn -0.000270 0.844545 0.535485
vn -0.000061 0.462987 0.886365
vn 0.066844 0.469300 0.880505
vn 0.046179 0.829215 0.557019
vn -0.950418 0.310975 -0.000162
vn -0.609350 0.792901 -0.000669
vn -0.607004 0.794699 0.000047
vn -0.948545 0.316644 0.000008
vn -0.609350 0.792901 -0.000669
vn -0.060995 0.998138 -0.000078
vn -0.057418 0.998350 0.000008
vn -0.607004 0.794699 0.000047
vn 0.950555 0.310556 -0.000274
vn 0.611314 0.791386 -0.001632
vn 0.635230 0.771411 0.037522
vn 0.944058 0.324545 0.058523
vn 0.611314 0.791386 -0.001632
vn 0.080021 0.996793 -0.000447
vn 0.070357 0.997516 0.003458
vn 0.635230 0.771411 0.037522
vn 0.074604 0.997213 0.000010
vn 0.607003 0.794700 0.000047
vn 0.606944 0.794744 0.000038
vn 0.072088 0.997398 0.000008
vn 0.607003 0.794700 0.000047
vn 0.948545 0.316643 0.000008
vn 0.948569 0.316572 0.000007
vn 0.606944 0.794744 0.000038
vn -0.948545 0.316644 0.000008
vn -0.607004 0.794699 0.000047
vn -0.606946 0.794743 0.000038
vn -0.948568 0.316573 0.000007
vn -0.607004 0.794699 0.000047
vn -0.057418 0.998350 0.000008
vn -0.057330 0.998355 0.000006
vn -0.606946 0.794743 0.000038
vn 0.072088 0.997398 0.000008
vn 0.606944 0.794744 0.000038
vn 0.606898 0.794780 0.000030
vn 0.072022 0.997403 0.000006
vn 0.606944 0.794744 0.000038
vn 0.948569 0.316572 0.000007
vn 0.948587 0.316516 0.000005
vn 0.606898 0.794780 0.000030
vn -0.948568 0.316573 0.000007
vn -0.606946 0.794743 0.000038
vn -0.606898 0.794780 0.000030
vn -0.948587 0.316516 0.000005
vn -0.606946 0.794743 0.000038
vn -0.057330 0.998355 0.000006
vn -0.057260 0.998359 0.000005
vn -0.606898 0.794780 0.000030
vn 0.072022 0.997403 0.000006
vn 0.606898 0.794780 0.000030
vn 0.606862 0.794807 0.000021
vn 0.074966 0.997186 0.000005
vn 0.606898 0.794780 0.000030
vn 0.948587 0.316516 0.000005
vn 0.948601 0.316474 0.000004
vn 0.606862 0.794807 0.000021
vn -0.948587 0.316516 0.000005
vn -0.606898 0.794780 0.000030
vn -0.606862 0.794807 0.000022
vn -0.948601 0.316473 0.000004
vn -0.606898 0.794780 0.000030
vn -0.057260 0.998359 0.000005
vn -0.057207 0.998362 0.000004
vn -0.606862 0.794807 0.000022
vn 0.074966 0.997186 0.000005
vn 0.606862 0.794807 0.000021
vn 0.606838 0.794825 0.000013
vn 0.098715 0.995116 0.000004
vn 0.606862 0.794807 0.000021
vn 0.948601 0.316474 0.000004
vn 0.948611 0.316443 0.000002
vn 0.606838 0.794825 0.000013
vn -0.948601 0.316473 0.000004
vn -0.606862 0.794807 0.000022
vn -0.606837 0.794826 0.000013
vn -0.948611 0.316445 0.000002
vn -0.606862 0.794807 0.000022
vn -0.057207 0.998362 0.000004
vn -0.057171 0.998364 0.000002
vn -0.606837 0.794826 0.000013
vn 0.098715 0.995116 0.000004
vn 0.606838 0.794825 0.000013
vn 0.606826 0.794835 0.000005
vn 0.072079 0.997399 0.000001
vn 0.606838 0.794825 0.000013
vn 0.948611 0.316443 0.000002
vn 0.948616 0.316429 0.000001
vn 0.606826 0.794835 0.000005
vn -0.948611 0.316445 0.000002
vn -0.606837 0.794826 0.000013
vn -0.606826 0.794835 0.000004
vn -0.948616 0.316430 0.000001
vn -0.606837 0.794826 0.000013
vn -0.057171 0.998364 0.000002
vn -0.057153 0.998365 0.000001
vn -0.606826 0.794835 0.000004
vn 0.072079 0.997399 0.000001
vn 0.606826 0.794835 0.000005
vn 0.606826 0.794834 -0.000005
vn 0.057153 0.998365 -0.000001
vn 0.606826 0.794835 0.000005
vn 0.948616 0.316429 0.000001
vn 0.948616 0.316429 -0.000001
vn 0.606826 0.794834 -0.000005
vn -0.948616 0.316430 0.000001
vn -0.606826 0.794835 0.000004
vn -0.606826 0.794835 -0.000004
vn -0.948616 0.316429 -0.000001
vn -0.606826 0.794835 0.000004
vn -0.057153 0.998365 0.000001
vn -0.057153 0.998365 -0.000001
vn -0.606826 0.794835 -0.000004
vn 0.057153 0.998365 -0.000001
vn 0.606826 0.794834 -0.000005
vn 0.606839 0.794825 -0.000013
vn 0.057171 0.998364 -0.000002
vn 0.606826 0.794834 -0.000005
vn 0.948616 0.316429 -0.000001
vn 0.948612 0.316443 -0.000002
vn 0.606839 0.794825 -0.000013
vn -0.948616 0.316429 -0.000001
vn -0.606826 0.794835 -0.000004
vn -0.606837 0.794826 -0.000013
vn -0.948611 0.316444 -0.000002
vn -0.606826 0.794835 -0.000004
vn -0.057153 0.998365 -0.000001
vn -0.057171 0.998364 -0.000002
vn -0.606837 0.794826 -0.000013
vn 0.057171 0.998364 -0.000002
vn 0.606839 0.794825 -0.000013
vn 0.606863 0.794807 -0.000021
vn 0.057207 0.998362 -0.000004
vn 0.606839 0.794825 -0.000013
vn 0.948612 0.316443 -0.000002
vn 0.948602 0.316473 -0.000004
vn 0.606863 0.794807 -0.000021
vn -0.948611 0.316444 -0.000002
vn -0.606837 0.794826 -0.000013
vn -0.606862 0.794807 -0.000022
vn -0.948601 0.316473 -0.000004
vn -0.606837 0.794826 -0.000013
vn -0.057171 0.998364 -0.000002
vn -0.057206 0.998362 -0.000004
vn -0.606862 0.794807 -0.000022
vn 0.057207 0.998362 -0.000004
vn 0.606863 0.794807 -0.000021
vn 0.606897 0.794780 -0.000030
vn 0.057260 0.998359 -0.000005
vn 0.606863 0.794807 -0.000021
vn 0.948602 0.316473 -0.000004
vn 0.948587 0.316517 -0.000005
vn 0.606897 0.794780 -0.000030
vn -0.948601 0.316473 -0.000004
vn -0.606862 0.794807 -0.000022
vn -0.606898 0.794779 -0.000030
vn -0.948587 0.316516 -0.000005
vn -0.606862 0.794807 -0.000022
vn -0.057206 0.998362 -0.000004
vn -0.057260 0.998359 -0.000005
vn -0.606898 0.794779 -0.000030
vn 0.057260 0.998359 -0.000005
vn 0.606897 0.794780 -0.000030
vn 0.606943 0.794745 -0.000038
vn 0.057330 0.998355 -0.000006
vn 0.606897 0.794780 -0.000030
vn 0.948587 0.316517 -0.000005
vn 0.948568 0.316574 -0.000007
vn 0.606943 0.794745 -0.000038
vn -0.948587 0.316516 -0.000005
vn -0.606898 0.794779 -0.000030
vn -0.606946 0.794743 -0.000038
vn -0.948568 0.316573 -0.000007
vn -0.606898 0.794779 -0.000030
vn -0.057260 0.998359 -0.000005
vn -0.057330 0.998355 -0.000006
vn -0.606946 0.794743 -0.000038
vn 0.057330 0.998355 -0.000006
vn 0.606943 0.794745 -0.000038
vn 0.606990 0.794710 0.000026
vn 0.058463 0.998290 0.000005
vn 0.606943 0.794745 -0.000038
vn 0.948568 0.316574 -0.000007
vn 0.948221 0.317611 0.000006
vn 0.606990 0.794710 0.000026
vn -0.948568 0.316573 -0.000007
vn -0.606946 0.794743 -0.000038
vn -0.607004 0.794699 -0.000047
vn -0.948545 0.316644 -0.000008
vn -0.606946 0.794743 -0.000038
vn -0.057330 0.998355 -0.000006
vn -0.057418 0.998350 -0.000008
vn -0.607004 0.794699 -0.000047
vn 0.058463 0.998290 0.000005
vn 0.606990 0.794710 0.000026
vn 0.608733 0.793375 0.000888
vn 0.062047 0.998073 -0.000011
vn 0.606990 0.794710 0.000026
vn 0.948221 0.317611 0.000006
vn 0.950638 0.310302 0.000262
vn 0.608733 0.793375 0.000888
vn -0.950555 0.310556 0.000274
vn -0.611316 0.791385 0.001632
vn -0.635231 0.771410 -0.037522
vn -0.944058 0.324545 -0.058523
vn -0.611316 0.791385 0.001632
vn -0.060736 0.998154 0.000339
vn -0.112876 0.993594 -0.005548
vn -0.635231 0.771410 -0.037522
vn 0.000019 0.998422 -0.056154
vn 0.000270 0.844545 -0.535485
vn -0.046177 0.829210 -0.557027
vn -0.008288 0.994609 -0.103361
vn 0.000270 0.844545 -0.535485
vn 0.000061 0.462988 -0.886365
vn -0.066843 0.469301 -0.880505
vn -0.046177 0.829210 -0.557027
vn 0.000061 0.462988 -0.886365
vn 0.000270 0.844545 -0.535485
vn -0.000005 0.843956 -0.536412
vn -0.000004 0.465434 -0.885083
vn 0.000270 0.844545 -0.535485
vn 0.000019 0.998422 -0.056154
vn 0.000002 0.998680 -0.051360
vn -0.000005 0.843956 -0.536412
vn -0.000004 0.465434 -0.885083
vn -0.000005 0.843956 -0.536412
vn -0.000003 0.844304 -0.535864
vn -0.000003 0.465465 -0.885066
vn -0.000005 0.843956 -0.536412
vn 0.000002 0.998680 -0.051360
vn 0.000001 0.998683 -0.051303
vn -0.000003 0.844304 -0.535864
vn -0.000003 0.465465 -0.885066
vn -0.000003 0.844304 -0.535864
vn -0.000001 0.844479 -0.535589
vn -0.000001 0.465481 -0.885058
vn -0.000003 0.844304 -0.535864
vn 0.000001 0.998683 -0.051303
vn 0.000000 0.998685 -0.051274
vn -0.000001 0.844479 -0.535589
vn -0.000001 0.465481 -0.885058
vn -0.000001 0.844479 -0.535589
vn 0.000001 0.844479 -0.535589
vn 0.000001 0.465481 -0.885058
vn -0.000001 0.844479 -0.535589
vn 0.000000 0.998685 -0.051274
vn -0.000000 0.998685 -0.051274
vn 0.000001 0.844479 -0.535589
vn 0.000001 0.465481 -0.885058
vn 0.000001 0.844479 -0.535589
vn 0.000003 0.844304 -0.535864
vn 0.000003 0.465465 -0.885066
vn 0.000001 0.844479 -0.535589
vn -0.000000 0.998685 -0.051274
vn -0.000001 0.998683 -0.051303
vn 0.000003 0.844304 -0.535864
vn 0.000003 0.465465 -0.885066
vn 0.000003 0.844304 -0.535864
vn -0.000004 0.843629 -0.536927
vn -0.000001 0.465390 -0.885106
vn 0.000003 0.844304 -0.535864
vn -0.000001 0.998683 -0.051303
vn 0.000000 0.998687 -0.051223
vn -0.000004 0.843629 -0.536927
vn 0.012240 0.470210 -0.882470
vn 0.013387 0.840937 -0.540967
vn 0.086878 0.839815 -0.535875
vn 0.100981 0.496468 -0.862161
vn 0.013387 0.840937 -0.540967
vn 0.001418 0.998309 -0.058119
vn 0.016557 0.994726 -0.101227
vn 0.086878 0.839815 -0.535875
vn 0.062047 0.998073 -0.000011
vn 0.608733 0.793375 0.000888
vn 0.597308 0.800874 -0.042714
vn 0.099738 0.994985 -0.007579
vn 0.608733 0.793375 0.000888
vn 0.950638 0.310302 0.000262
vn 0.942369 0.329227 -0.059580
vn 0.597308 0.800874 -0.042714
vn -0.062830 0.998024 -0.000029
vn -0.601220 0.799083 -0.000281
vn -0.626344 0.778225 0.045371
vn -0.115195 0.993312 0.007850
vn -0.601220 0.799083 -0.000281
vn -0.945831 0.324660 -0.000060
vn -0.942820 0.326949 0.064772
vn -0.626344 0.778225 0.045371
vn 0.000176 0.259801 0.965662
vn 0.001130 0.774775 0.632236
vn -0.042561 0.748956 0.661252
vn -0.062523 0.264775 0.962281
vn 0.001130 0.774775 0.632236
vn 0.000215 0.998068 0.062127
vn -0.006525 0.993201 0.116229
vn -0.042561 0.748956 0.661252
vn 0.000001 0.998442 0.055808
vn -0.000004 0.776231 0.630449
vn -0.000002 0.776507 0.630109
vn 0.000001 0.998443 0.055775
vn -0.000004 0.776231 0.630449
vn -0.000003 0.263762 0.964588
vn -0.000001 0.263785 0.964581
vn -0.000002 0.776507 0.630109
vn 0.000001 0.998443 0.055775
vn -0.000002 0.776507 0.630109
vn 0.000000 0.776645 0.629939
vn 0.000000 0.998444 0.055758
vn -0.000002 0.776507 0.630109
vn -0.000001 0.263785 0.964581
vn 0.000000 0.263798 0.964578
vn 0.000000 0.776645 0.629939
vn 0.000000 0.998444 0.055758
vn 0.000000 0.776645 0.629939
vn 0.000000 0.776645 0.629939
vn 0.000000 0.998444 0.055758
vn 0.000000 0.776645 0.629939
vn 0.000000 0.263798 0.964578
vn 0.000001 0.263798 0.964578
vn 0.000000 0.776645 0.629939
vn 0.000000 0.998444 0.055758
vn 0.000000 0.776645 0.629939
vn 0.000002 0.776507 0.630109
vn -0.000001 0.998443 0.055775
vn 0.000000 0.776645 0.629939
vn 0.000001 0.263798 0.964578
vn 0.000002 0.263785 0.964581
vn 0.000002 0.776507 0.630109
vn -0.000001 0.998443 0.055775
vn 0.000002 0.776507 0.630109
vn 0.000004 0.776231 0.630449
vn -0.000001 0.998442 0.055808
vn 0.000002 0.776507 0.630109
vn 0.000002 0.263785 0.964581
vn 0.000002 0.263762 0.964588
vn 0.000004 0.776231 0.630449
vn -0.000001 0.998442 0.055808
vn 0.000004 0.776231 0.630449
vn -0.000456 0.775959 0.630783
vn -0.000048 0.998058 0.062284
vn 0.000004 0.776231 0.630449
vn 0.000002 0.263762 0.964588
vn -0.000100 0.260087 0.965585
vn -0.000456 0.775959 0.630783
vn -0.000048 0.998058 0.062284
vn -0.000456 0.775959 0.630783
vn 0.043495 0.754557 0.654792
vn 0.007178 0.993317 0.115195
vn -0.000456 0.775959 0.630783
vn -0.000100 0.260087 0.965585
vn 0.062596 0.265690 0.962024
vn 0.043495 0.754557 0.654792
vn -0.945831 0.324660 -0.000060
vn -0.601220 0.799083 -0.000281
vn -0.602046 0.798461 -0.000003
vn -0.944981 0.327127 -0.000000
vn -0.601220 0.799083 -0.000281
vn -0.062830 0.998024 -0.000029
vn -0.055477 0.998460 -0.000000
vn -0.602046 0.798461 -0.000003
vn 0.945890 0.324486 -0.000104
vn 0.602198 0.798347 -0.000702
vn 0.629894 0.775360 0.045290
vn 0.942979 0.326490 0.064771
vn 0.602198 0.798347 -0.000702
vn 0.062735 0.998030 -0.000138
vn 0.116068 0.993211 0.007737
vn 0.629894 0.775360 0.045290
vn 0.055477 0.998460 0.000000
vn 0.602044 0.798463 -0.000003
vn 0.602052 0.798457 -0.000002
vn 0.055483 0.998460 0.000000
vn 0.602044 0.798463 -0.000003
vn 0.944980 0.327128 0.000000
vn 0.944979 0.327132 -0.000001
vn 0.602052 0.798457 -0.000002
vn -0.944981 0.327127 -0.000000
vn -0.602046 0.798461 -0.000003
vn -0.602054 0.798456 -0.000002
vn -0.944979 0.327131 -0.000000
vn -0.602046 0.798461 -0.000003
vn -0.055477 0.998460 -0.000000
vn -0.055483 0.998460 -0.000000
vn -0.602054 0.798456 -0.000002
vn 0.055483 0.998460 0.000000
vn 0.602052 0.798457 -0.000002
vn 0.602061 0.798450 -0.000002
vn 0.055487 0.998459 0.000000
vn 0.602052 0.798457 -0.000002
vn 0.944979 0.327132 -0.000001
vn 0.944978 0.327134 0.000000
vn 0.602061 0.798450 -0.000002
vn -0.944979 0.327131 -0.000000
vn -0.602054 0.798456 -0.000002
vn -0.602060 0.798451 -0.000002
vn -0.944978 0.327135 -0.000000
vn -0.602054 0.798456 -0.000002
vn -0.055483 0.998460 -0.000000
vn -0.055487 0.998459 -0.000000
vn -0.602060 0.798451 -0.000002
vn 0.055487 0.998459 0.000000
vn 0.602061 0.798450 -0.000002
vn 0.602063 0.798449 -0.000001
vn 0.070265 0.997528 0.000000
vn 0.602061 0.798450 -0.000002
vn 0.944978 0.327134 0.000000
vn 0.944977 0.327136 0.000000
vn 0.602063 0.798449 -0.000001
vn -0.944978 0.327135 -0.000000
vn -0.602060 0.798451 -0.000002
vn -0.602064 0.798448 -0.000001
vn -0.944977 0.327137 -0.000000
vn -0.602060 0.798451 -0.000002
vn -0.055487 0.998459 -0.000000
vn -0.055490 0.998459 -0.000000
vn -0.602064 0.798448 -0.000001
vn 0.070265 0.997528 0.000000
vn 0.602063 0.798449 -0.000001
vn 0.602064 0.798448 0.000000
vn 0.089142 0.996019 0.000000
vn 0.602063 0.798449 -0.000001
vn 0.944977 0.327136 0.000000
vn 0.944977 0.327137 0.000000
vn 0.602064 0.798448 0.000000
vn -0.944977 0.327137 -0.000000
vn -0.602064 0.798448 -0.000001
vn -0.602065 0.798447 -0.000000
vn -0.944977 0.327137 0.000000
vn -0.602064 0.798448 -0.000001
vn -0.055490 0.998459 -0.000000
vn -0.055491 0.998459 -0.000000
vn -0.602065 0.798447 -0.000000
vn 0.089142 0.996019 0.000000
vn 0.602064 0.798448 0.000000
vn 0.602065 0.798447 0.000000
vn 0.078702 0.996898 0.000000
vn 0.602064 0.798448 0.000000
vn 0.944977 0.327137 0.000000
vn 0.944977 0.327137 0.000000
vn 0.602065 0.798447 0.000000
vn -0.944977 0.327137 0.000000
vn -0.602065 0.798447 -0.000000
vn -0.602064 0.798448 0.000000
vn -0.944977 0.327138 0.000000
vn -0.602065 0.798447 -0.000000
vn -0.055491 0.998459 -0.000000
vn -0.055491 0.998459 0.000000
vn -0.602064 0.798448 0.000000
vn 0.078702 0.996898 0.000000
vn 0.602065 0.798447 0.000000
vn 0.602063 0.798449 0.000001
vn 0.075600 0.997138 0.000000
vn 0.602065 0.798447 0.000000
vn 0.944977 0.327137 0.000000
vn 0.944977 0.327136 0.000000
vn 0.602063 0.798449 0.000001
vn -0.944977 0.327138 0.000000
vn -0.602064 0.798448 0.000000
vn -0.602063 0.798449 0.000001
vn -0.944977 0.327136 0.000000
vn -0.602064 0.798448 0.000000
vn -0.055491 0.998459 0.000000
vn -0.055490 0.998459 0.000000
vn -0.602063 0.798449 0.000001
vn 0.075600 0.997138 0.000000
vn 0.602063 0.798449 0.000001
vn 0.602060 0.798451 0.000002
vn 0.075594 0.997139 0.000000
vn 0.602063 0.798449 0.000001
vn 0.944977 0.327136 0.000000
vn 0.944978 0.327134 0.000000
vn 0.602060 0.798451 0.000002
vn -0.944977 0.327136 0.000000
vn -0.602063 0.798449 0.000001
vn -0.602059 0.798451 0.000002
vn -0.944978 0.327134 0.000000
vn -0.602063 0.798449 0.000001
vn -0.055490 0.998459 0.000000
vn -0.055487 0.998459 0.000000
vn -0.602059 0.798451 0.000002
vn 0.075594 0.997139 0.000000
vn 0.602060 0.798451 0.000002
vn 0.602052 0.798457 0.000002
vn 0.075584 0.997140 0.000000
vn 0.602060 0.798451 0.000002
vn 0.944978 0.327134 0.000000
vn 0.944979 0.327132 0.000001
vn 0.602052 0.798457 0.000002
vn -0.944978 0.327134 0.000000
vn -0.602059 0.798451 0.000002
vn -0.602054 0.798456 0.000002
vn -0.944979 0.327131 0.000000
vn -0.602059 0.798451 0.000002
vn -0.055487 0.998459 0.000000
vn -0.055483 0.998460 0.000000
vn -0.602054 0.798456 0.000002
vn 0.075584 0.997140 0.000000
vn 0.602052 0.798457 0.000002
vn 0.602044 0.798463 0.000003
vn 0.078424 0.996920 0.000001
vn 0.602052 0.798457 0.000002
vn 0.944979 0.327132 0.000001
vn 0.944980 0.327129 0.000000
vn 0.602044 0.798463 0.000003
vn -0.944979 0.327131 0.000000
vn -0.602054 0.798456 0.000002
vn -0.602045 0.798462 0.000003
vn -0.944980 0.327127 0.000001
vn -0.602054 0.798456 0.000002
vn -0.055483 0.998460 0.000000
vn -0.055477 0.998460 0.000000
vn -0.602045 0.798462 0.000003
vn 0.078424 0.996920 0.000001
vn 0.602044 0.798463 0.000003
vn 0.601219 0.799085 0.000281
vn 0.089174 0.996016 0.000042
vn 0.602044 0.798463 0.000003
vn 0.944980 0.327129 0.000000
vn 0.945831 0.324661 0.000059
vn 0.601219 0.799085 0.000281
vn -0.945890 0.324486 0.000104
vn -0.602197 0.798347 0.000702
vn -0.629894 0.775360 -0.045291
vn -0.942979 0.326490 -0.064772
vn -0.602197 0.798347 0.000702
vn -0.062735 0.998030 0.000138
vn -0.116068 0.993211 -0.007737
vn -0.629894 0.775360 -0.045291
vn 0.000048 0.998058 -0.062284
vn 0.000455 0.775959 -0.630783
vn -0.043496 0.754558 -0.654791
vn -0.007179 0.993317 -0.115195
vn 0.000455 0.775959 -0.630783
vn 0.000100 0.260087 -0.965585
vn -0.062596 0.265690 -0.962024
vn -0.043496 0.754558 -0.654791
vn 0.000100 0.260087 -0.965585
vn 0.000455 0.775959 -0.630783
vn -0.000004 0.776231 -0.630449
vn -0.000003 0.263762 -0.964588
vn 0.000455 0.775959 -0.630783
vn 0.000048 0.998058 -0.062284
vn 0.000001 0.998442 -0.055809
vn -0.000004 0.776231 -0.630449
vn -0.000003 0.263762 -0.964588
vn -0.000004 0.776231 -0.630449
vn -0.000002 0.776506 -0.630109
vn -0.000001 0.263785 -0.964581
vn -0.000004 0.776231 -0.630449
vn 0.000001 0.998442 -0.055809
vn 0.000001 0.997463 -0.071189
vn -0.000002 0.776506 -0.630109
vn -0.000001 0.263785 -0.964581
vn -0.000002 0.776506 -0.630109
vn -0.000001 0.776644 -0.629939
vn -0.000000 0.263797 -0.964578
vn -0.000002 0.776506 -0.630109
vn 0.000001 0.997463 -0.071189
vn 0.000001 0.994627 -0.103519
vn -0.000001 0.776644 -0.629939
vn -0.000000 0.263797 -0.964578
vn -0.000001 0.776644 -0.629939
vn 0.000001 0.776644 -0.629939
vn 0.000000 0.263797 -0.964578
vn -0.000001 0.776644 -0.629939
vn 0.000001 0.994627 -0.103519
vn -0.000000 0.996825 -0.079620
vn 0.000001 0.776644 -0.629939
vn 0.000000 0.263797 -0.964578
vn 0.000001 0.776644 -0.629939
vn 0.000002 0.776506 -0.630109
vn 0.000002 0.263785 -0.964581
vn 0.000001 0.776644 -0.629939
vn -0.000000 0.996825 -0.079620
vn -0.000001 0.997070 -0.076499
vn 0.000002 0.776506 -0.630109
vn 0.000002 0.263785 -0.964581
vn 0.000002 0.776506 -0.630109
vn 0.000004 0.776231 -0.630449
vn 0.000003 0.263762 -0.964588
vn 0.000002 0.776506 -0.630109
vn -0.000001 0.997070 -0.076499
vn -0.000002 0.996828 -0.079592
vn 0.000004 0.776231 -0.630449
vn -0.000175 0.259800 -0.965663
vn -0.001130 0.774776 -0.632235
vn 0.042562 0.748956 -0.661251
vn 0.062527 0.264775 -0.962281
vn -0.001130 0.774776 -0.632235
vn -0.000309 0.996010 -0.089242
vn 0.004081 0.997346 -0.072697
vn 0.042562 0.748956 -0.661251
vn 0.089174 0.996016 0.000042
vn 0.601219 0.799085 0.000281
vn 0.626344 0.778225 -0.045370
vn 0.070352 0.997511 -0.004794
vn 0.601219 0.799085 0.000281
vn 0.945831 0.324661 0.000059
vn 0.942819 0.326950 -0.064772
vn 0.626344 0.778225 -0.045370
vn -0.083695 0.551015 0.830287
vn -0.057605 0.851025 0.521956
vn -0.397487 0.855383 0.332151
vn -0.608872 0.582062 0.538961
vn -0.057605 0.851025 0.521956
vn -0.013104 0.992807 0.119005
vn -0.084119 0.994299 0.065524
vn -0.397487 0.855383 0.332151
vn 0.905213 0.418424 0.074235
vn 0.594088 0.803050 0.046591
vn 0.399948 0.850798 0.340859
vn 0.608971 0.581359 0.539608
vn 0.594088 0.803050 0.046591
vn 0.048705 0.998808 0.003185
vn 0.045022 0.998260 0.038077
vn 0.399948 0.850798 0.340859
vn -0.905167 0.418491 -0.074418
vn -0.599578 0.798951 -0.046735
vn -0.399947 0.850799 -0.340858
vn -0.608970 0.581359 -0.539608
vn -0.599578 0.798951 -0.046735
vn -0.111420 0.993745 -0.007463
vn -0.083161 0.994051 -0.070332
vn -0.399947 0.850799 -0.340858
vn 0.036213 0.539396 -0.841273
vn 0.022910 0.847343 -0.530552
vn 0.397487 0.855382 -0.332152
vn 0.608872 0.582062 -0.538961
vn 0.022910 0.847343 -0.530552
vn 0.006024 0.989197 -0.146466
vn 0.045578 0.998330 -0.035502
vn 0.397487 0.855382 -0.332152
vn -0.108721 0.994039 0.008190
vn -0.586504 0.808579 0.047053
vn -0.397487 0.855383 0.332151
vn -0.084119 0.994299 0.065524
vn -0.586504 0.808579 0.047053
vn -0.904541 0.419861 0.074316
vn -0.608872 0.582062 0.538961
vn -0.397487 0.855383 0.332151
vn 0.005548 0.989056 0.147434
vn 0.022281 0.850156 0.526059
vn 0.399948 0.850798 0.340859
vn 0.045022 0.998260 0.038077
vn 0.022281 0.850156 0.526059
vn 0.036151 0.539758 0.841044
vn 0.608971 0.581359 0.539608
vn 0.399948 0.850798 0.340859
vn -0.011886 0.993047 -0.117118
vn -0.056133 0.853077 -0.518757
vn -0.399947 0.850799 -0.340858
vn -0.083161 0.994051 -0.070332
vn -0.056133 0.853077 -0.518757
vn -0.083560 0.551227 -0.830161
vn -0.608970 0.581359 -0.539608
vn -0.399947 0.850799 -0.340858
vn 0.047323 0.998874 -0.003476
vn 0.580796 0.812699 -0.046869
vn 0.397487 0.855382 -0.332152
vn 0.045578 0.998330 -0.035502
vn 0.580796 0.812699 -0.046869
vn 0.904585 0.419798 -0.074135
vn 0.608872 0.582062 -0.538961
vn 0.397487 0.855382 -0.332152
vn -0.051664 0.415767 0.908003
vn -0.032666 0.804046 0.593670
vn -0.252724 0.835229 0.488389
vn -0.403363 0.522496 0.751196
vn -0.032666 0.804046 0.593670
vn -0.005164 0.994088 0.108452
vn -0.046508 0.994674 0.091985
vn -0.252724 0.835229 0.488389
vn 0.882649 0.466926 0.053949
vn 0.562839 0.825808 0.035409
vn 0.466007 0.843160 0.268178
vn 0.726520 0.542738 0.421431
vn 0.562839 0.825808 0.035409
vn 0.045845 0.998945 0.002607
vn 0.046582 0.998550 0.026991
vn 0.466007 0.843160 0.268178
vn -0.882665 0.466891 -0.053990
vn -0.564997 0.824324 -0.035600
vn -0.466009 0.843158 -0.268178
vn -0.726522 0.542737 -0.421430
vn -0.564997 0.824324 -0.035600
vn -0.110690 0.993834 -0.006399
vn -0.089214 0.994670 -0.051692
vn -0.466009 0.843158 -0.268178
vn 0.020065 0.402521 -0.915191
vn 0.011474 0.796954 -0.603930
vn 0.252724 0.835228 -0.488390
vn 0.403363 0.522497 -0.751196
vn 0.011474 0.796954 -0.603930
vn 0.002415 0.988151 -0.153466
vn 0.029346 0.997883 -0.058041
vn 0.252724 0.835228 -0.488390
vn -0.403363 0.522496 0.751196
vn -0.252724 0.835229 0.488389
vn -0.466224 0.844525 0.263464
vn -0.726606 0.542910 0.421061
vn -0.252724 0.835229 0.488389
vn -0.046508 0.994674 0.091985
vn -0.089072 0.994857 0.048223
vn -0.466224 0.844525 0.263464
vn -0.109356 0.993980 0.006735
vn -0.559019 0.828377 0.035902
vn -0.466224 0.844525 0.263464
vn -0.089072 0.994857 0.048223
vn -0.559019 0.828377 0.035902
vn -0.882345 0.467497 0.053982
vn -0.726606 0.542910 0.421061
vn -0.466224 0.844525 0.263464
vn 0.726520 0.542738 0.421431
vn 0.466007 0.843160 0.268178
vn 0.246447 0.839619 0.484049
vn 0.402837 0.523204 0.750986
vn 0.466007 0.843160 0.268178
vn 0.046582 0.998550 0.026991
vn 0.027759 0.997918 0.058220
vn 0.246447 0.839619 0.484049
vn 0.002771 0.988338 0.152251
vn 0.011832 0.802533 0.596491
vn 0.246447 0.839619 0.484049
vn 0.027759 0.997918 0.058220
vn 0.011832 0.802533 0.596491
vn 0.020076 0.403319 0.914839
vn 0.402837 0.523204 0.750986
vn 0.246447 0.839619 0.484049
vn -0.726522 0.542737 -0.421430
vn -0.466009 0.843158 -0.268178
vn -0.246447 0.839618 -0.484051
vn -0.402838 0.523202 -0.750987
vn -0.466009 0.843158 -0.268178
vn -0.089214 0.994670 -0.051692
vn -0.043262 0.994935 -0.090734
vn -0.246447 0.839618 -0.484051
vn -0.005943 0.994240 -0.107016
vn -0.033649 0.810221 -0.585158
vn -0.246447 0.839618 -0.484051
vn -0.043262 0.994935 -0.090734
vn -0.033649 0.810221 -0.585158
vn -0.051691 0.416718 -0.907565
vn -0.402838 0.523202 -0.750987
vn -0.246447 0.839618 -0.484051
vn 0.403363 0.522497 -0.751196
vn 0.252724 0.835228 -0.488390
vn 0.466224 0.844525 -0.263464
vn 0.726605 0.542911 -0.421062
vn 0.252724 0.835228 -0.488390
vn 0.029346 0.997883 -0.058041
vn 0.045957 0.998634 -0.024881
vn 0.466224 0.844525 -0.263464
vn 0.045141 0.998977 -0.002734
vn 0.556802 0.829877 -0.035702
vn 0.466224 0.844525 -0.263464
vn 0.045957 0.998634 -0.024881
vn 0.556802 0.829877 -0.035702
vn 0.882327 0.467536 -0.053942
vn 0.726605 0.542911 -0.421062
vn 0.466224 0.844525 -0.263464
vn -0.066885 0.468979 0.880673
vn -0.046516 0.827019 0.560246
vn -0.294651 0.832022 0.470022
vn -0.451762 0.508687 0.732904
vn -0.046516 0.827019 0.560246
vn -0.008429 0.994494 0.104458
vn -0.056292 0.994587 0.087341
vn -0.294651 0.832022 0.470022
vn 0.944058 0.324545 0.058523
vn 0.635230 0.771411 0.037522
vn 0.530618 0.808380 0.254884
vn 0.795712 0.450651 0.404668
vn 0.635230 0.771411 0.037522
vn 0.070357 0.997516 0.003458
vn 0.142058 0.987707 0.065231
vn 0.530618 0.808380 0.254884
vn -0.944058 0.324545 -0.058523
vn -0.635231 0.771410 -0.037522
vn -0.530635 0.808369 -0.254885
vn -0.795712 0.450652 -0.404668
vn -0.635231 0.771410 -0.037522
vn -0.112876 0.993594 -0.005548
vn -0.097765 0.994197 -0.044886
vn -0.530635 0.808369 -0.254885
vn 0.100981 0.496468 -0.862161
vn 0.086878 0.839815 -0.535875
vn 0.323244 0.844731 -0.426547
vn 0.483576 0.537537 -0.690803
vn 0.086878 0.839815 -0.535875
vn 0.016557 0.994726 -0.101227
vn 0.063022 0.994852 -0.079356
vn 0.323244 0.844731 -0.426547
vn -0.451762 0.508687 0.732904
vn -0.294651 0.832022 0.470022
vn -0.521935 0.816205 0.247777
vn -0.795264 0.452003 0.404041
vn -0.294651 0.832022 0.470022
vn -0.056292 0.994587 0.087341
vn -0.095919 0.994488 0.042358
vn -0.521935 0.816205 0.247777
vn -0.111412 0.993751 0.006742
vn -0.624527 0.780022 0.039134
vn -0.521935 0.816205 0.247777
vn -0.095919 0.994488 0.042358
vn -0.624527 0.780022 0.039134
vn -0.943573 0.325938 0.058600
vn -0.795264 0.452003 0.404041
vn -0.521935 0.816205 0.247777
vn 0.795712 0.450651 0.404668
vn 0.530618 0.808380 0.254884
vn 0.292216 0.830517 0.474186
vn 0.451552 0.508360 0.733260
vn 0.530618 0.808380 0.254884
vn 0.142058 0.987707 0.065231
vn 0.074892 0.989485 0.123739
vn 0.292216 0.830517 0.474186
vn 0.005081 0.997979 0.063346
vn 0.046179 0.829215 0.557019
vn 0.292216 0.830517 0.474186
vn 0.074892 0.989485 0.123739
vn 0.046179 0.829215 0.557019
vn 0.066844 0.469300 0.880505
vn 0.451552 0.508360 0.733260
vn 0.292216 0.830517 0.474186
vn -0.795712 0.450652 -0.404668
vn -0.530635 0.808369 -0.254885
vn -0.292224 0.830504 -0.474203
vn -0.451552 0.508361 -0.733260
vn -0.530635 0.808369 -0.254885
vn -0.097765 0.994197 -0.044886
vn -0.053269 0.994694 -0.088012
vn -0.292224 0.830504 -0.474203
vn -0.008288 0.994609 -0.103361
vn -0.046177 0.829210 -0.557027
vn -0.292224 0.830504 -0.474203
vn -0.053269 0.994694 -0.088012
vn -0.046177 0.829210 -0.557027
vn -0.066843 0.469301 -0.880505
vn -0.451552 0.508361 -0.733260
vn -0.292224 0.830504 -0.474203
vn 0.483576 0.537537 -0.690803
vn 0.323244 0.844731 -0.426547
vn 0.516936 0.828831 -0.214049
vn 0.806079 0.462848 -0.368792
vn 0.323244 0.844731 -0.426547
vn 0.063022 0.994852 -0.079356
vn 0.095778 0.994754 -0.035919
vn 0.516936 0.828831 -0.214049
vn 0.099738 0.994985 -0.007579
vn 0.597308 0.800874 -0.042714
vn 0.516936 0.828831 -0.214049
vn 0.095778 0.994754 -0.035919
vn 0.597308 0.800874 -0.042714
vn 0.942369 0.329227 -0.059580
vn 0.806079 0.462848 -0.368792
vn 0.516936 0.828831 -0.214049
vn -0.062523 0.264775 0.962281
vn -0.042561 0.748956 0.661252
vn -0.299421 0.769175 0.564550
vn -0.450400 0.350457 0.821170
vn -0.042561 0.748956 0.661252
vn -0.006525 0.993201 0.116229
vn -0.051512 0.993639 0.100139
vn -0.299421 0.769175 0.564550
vn 0.942979 0.326490 0.064771
vn 0.629894 0.775360 0.045290
vn 0.540881 0.780183 0.314265
vn 0.801166 0.374993 0.466384
vn 0.629894 0.775360 0.045290
vn 0.116068 0.993211 0.007737
vn 0.096617 0.993725 0.056360
vn 0.540881 0.780183 0.314265
vn -0.942979 0.326490 -0.064772
vn -0.629894 0.775360 -0.045291
vn -0.540882 0.780181 -0.314268
vn -0.801165 0.374993 -0.466386
vn -0.629894 0.775360 -0.045291
vn -0.116068 0.993211 -0.007737
vn -0.096618 0.993725 -0.056361
vn -0.540882 0.780181 -0.314268
vn 0.062527 0.264775 -0.962281
vn 0.042562 0.748956 -0.661251
vn 0.299421 0.769176 -0.564549
vn 0.450400 0.350457 -0.821170
vn 0.042562 0.748956 -0.661251
vn 0.004081 0.997346 -0.072697
vn 0.082743 0.983504 -0.160854
vn 0.299421 0.769176 -0.564549
vn -0.450400 0.350457 0.821170
vn -0.299421 0.769175 0.564550
vn -0.542178 0.780550 0.311103
vn -0.801325 0.375004 0.466101
vn -0.299421 0.769175 0.564550
vn -0.051512 0.993639 0.100139
vn -0.096569 0.993872 0.053792
vn -0.542178 0.780550 0.311103
vn -0.115195 0.993312 0.007850
vn -0.626344 0.778225 0.045371
vn -0.542178 0.780550 0.311103
vn -0.096569 0.993872 0.053792
vn -0.626344 0.778225 0.045371
vn -0.942820 0.326949 0.064772
vn -0.801325 0.375004 0.466101
vn -0.542178 0.780550 0.311103
vn 0.801166 0.374993 0.466384
vn 0.540881 0.780183 0.314265
vn 0.294330 0.774092 0.560493
vn 0.449986 0.351322 0.821027
vn 0.540881 0.780183 0.314265
vn 0.096617 0.993725 0.056360
vn 0.049143 0.993875 0.098985
vn 0.294330 0.774092 0.560493
vn 0.007178 0.993317 0.115195
vn 0.043495 0.754557 0.654792
vn 0.294330 0.774092 0.560493
vn 0.049143 0.993875 0.098985
vn 0.043495 0.754557 0.654792
vn 0.062596 0.265690 0.962024
vn 0.449986 0.351322 0.821027
vn 0.294330 0.774092 0.560493
vn -0.801165 0.374993 -0.466386
vn -0.540882 0.780181 -0.314268
vn -0.294328 0.774092 -0.560493
vn -0.449986 0.351322 -0.821027
vn -0.540882 0.780181 -0.314268
vn -0.096618 0.993725 -0.056361
vn -0.049143 0.993875 -0.098987
vn -0.294328 0.774092 -0.560493
vn -0.007179 0.993317 -0.115195
vn -0.043496 0.754558 -0.654791
vn -0.294328 0.774092 -0.560493
vn -0.049143 0.993875 -0.098987
vn -0.043496 0.754558 -0.654791
vn -0.062596 0.265690 -0.962024
vn -0.449986 0.351322 -0.821027
vn -0.294328 0.774092 -0.560493
vn 0.450400 0.350457 -0.821170
vn 0.299421 0.769176 -0.564549
vn 0.542178 0.780549 -0.311104
vn 0.801323 0.375005 -0.466103
vn 0.299421 0.769176 -0.564549
vn 0.082743 0.983504 -0.160854
vn 0.152529 0.984640 -0.084964
vn 0.542178 0.780549 -0.311104
vn 0.070352 0.997511 -0.004794
vn 0.626344 0.778225 -0.045370
vn 0.542178 0.780549 -0.311104
vn 0.152529 0.984640 -0.084964
vn 0.626344 0.778225 -0.045370
vn 0.942819 0.326950 -0.064772
vn 0.801323 0.375005 -0.466103
vn 0.542178 0.780549 -0.311104
vn 0.000000 1.000000 0.000000
vn 0.000000 1.000000 0.000000
vn 0.000000 1.000000 0.000000
vn 0.000000 0.403092 -0.915159
vn 0.000000 0.794706 -0.606994
vn -0.002253 0.799832 -0.600220
vn -0.001038 0.405899 -0.913917
vn 0.000000 0.794706 -0.606994
vn 0.000000 0.995578 -0.093943
vn -0.000541 0.996403 -0.084740
vn -0.002253 0.799832 -0.600220
vn 0.084740 0.996403 -0.000541
vn 0.600219 0.799833 -0.002253
vn 0.606994 0.794707 0.000000
vn 0.093943 0.995578 0.000000
vn 0.600219 0.799833 -0.002253
vn 0.913917 0.405900 -0.001038
vn 0.915159 0.403093 0.000000
vn 0.606994 0.794707 0.000000
vn -0.915159 0.403093 0.000000
vn -0.606994 0.794707 0.000000
vn -0.600219 0.799833 0.002253
vn -0.913917 0.405900 0.001038
vn -0.606994 0.794707 0.000000
vn -0.093943 0.995578 0.000000
vn -0.084740 0.996403 0.000540
vn -0.600219 0.799833 0.002253
vn 0.000541 0.996403 0.084740
vn 0.002253 0.799833 0.600219
vn 0.000000 0.794707 0.606994
vn 0.000000 0.995578 0.093943
vn 0.002253 0.799833 0.600219
vn 0.001038 0.405899 0.913917
vn 0.000000 0.403092 0.915159
vn 0.000000 0.794707 0.606994
vn 0.000000 1.000000 0.000000
vn 0.000000 1.000000 0.000000
vn 0.000541 0.996403 -0.084740
vn 0.012197 0.997731 -0.066218
vn 0.000000 1.000000 0.000000
vn 0.000000 1.000000 0.000000
vn 0.000000 0.995578 -0.093943
vn 0.000541 0.996403 -0.084740
vn 0.000000 1.000000 0.000000
vn 0.000000 1.000000 0.000000
vn -0.000541 0.996403 -0.084740
vn 0.000000 0.995578 -0.093943
vn 0.000000 1.000000 0.000000
vn 0.000000 1.000000 0.000000
vn -0.012197 0.997731 -0.066218
vn -0.000541 0.996403 -0.084740
vn 0.000000 1.000000 0.000000
vn 0.066218 0.997731 -0.012197
vn 0.084740 0.996403 -0.000541
vn 0.000000 1.000000 0.000000
vn 0.000000 1.000000 0.000000
vn 0.084740 0.996403 -0.000541
vn 0.093943 0.995578 0.000000
vn 0.000000 1.000000 0.000000
vn -0.084740 0.996403 -0.000540
vn 0.000000 1.000000 0.000000
vn 0.000000 1.000000 0.000000
vn -0.093942 0.995578 -0.000000
vn 0.000000 1.000000 0.000000
vn 0.093943 0.995578 0.000000
vn 0.093943 0.995578 0.000000
vn 0.000000 1.000000 0.000000
vn -0.093942 0.995578 -0.000000
vn 0.000000 1.000000 0.000000
vn 0.000000 1.000000 0.000000
vn -0.093943 0.995578 0.000000
vn 0.000000 1.000000 0.000000
vn 0.093943 0.995578 0.000000
vn 0.093943 0.995578 0.000000
vn 0.000000 1.000000 0.000000
vn -0.093943 0.995578 0.000000
vn 0.000000 1.000000 0.000000
vn 0.000000 1.000000 0.000000
vn -0.093943 0.995578 0.000000
vn 0.000000 1.000000 0.000000
vn 0.093943 0.995578 0.000000
vn 0.084740 0.996403 0.000541
vn 0.000000 1.000000 0.000000
vn -0.093943 0.995578 0.000000
vn 0.000000 1.000000 0.000000
vn 0.000000 1.000000 0.000000
vn -0.084740 0.996403 0.000540
vn 0.000000 1.000000 0.000000
vn 0.084740 0.996403 0.000541
vn 0.066218 0.997731 0.012197
vn 0.000000 1.000000 0.000000
vn -0.084740 0.996403 0.000540
vn 0.000000 1.000000 0.000000
vn 0.000000 1.000000 0.000000
vn -0.066218 0.997731 0.012197
vn 0.000541 0.996403 0.084740
vn 0.000000 0.995578 0.093943
vn 0.000000 1.000000 0.000000
vn 0.000000 1.000000 0.000000
vn 0.000000 0.995578 0.093943
vn -0.000541 0.996403 0.084740
vn 0.000000 1.000000 0.000000
vn 0.000000 1.000000 0.000000
vn -0.000541 0.996403 0.084740
vn -0.012197 0.997731 0.066218
vn 0.000000 1.000000 0.000000
vn 0.000000 1.000000 0.000000
vn 0.133004 0.294380 -0.946388
vn 0.146385 0.453317 -0.879247
vn 0.001038 0.405899 -0.913917
vn -0.000001 0.263118 -0.964764
vn 0.913917 0.405900 -0.001038
vn 0.879247 0.453318 -0.146384
vn 0.946388 0.294379 -0.133004
vn 0.964764 0.263117 0.000000
vn 0.001038 0.405899 -0.913917
vn 0.000000 0.403092 -0.915159
vn 0.000000 0.263118 -0.964764
vn -0.000001 0.263118 -0.964764
vn 0.000000 0.403092 -0.915159
vn -0.001038 0.405899 -0.913917
vn 0.000001 0.263118 -0.964764
vn 0.000000 0.263118 -0.964764
vn -0.001038 0.405899 -0.913917
vn -0.146385 0.453317 -0.879247
vn -0.133005 0.294380 -0.946388
vn 0.000001 0.263118 -0.964764
vn -0.946388 0.294380 -0.133004
vn -0.879247 0.453318 -0.146384
vn -0.913917 0.405899 -0.001038
vn -0.964764 0.263117 0.000000
vn 0.915159 0.403093 0.000000
vn 0.913917 0.405900 -0.001038
vn 0.964764 0.263117 0.000000
vn 0.964764 0.263117 0.000000
vn -0.913917 0.405899 -0.001038
vn -0.915159 0.403093 0.000000
vn -0.964764 0.263117 0.000000
vn -0.964764 0.263117 0.000000
vn 0.915159 0.403093 0.000000
vn 0.915159 0.403093 0.000000
vn 0.964764 0.263117 0.000000
vn 0.964764 0.263117 0.000000
vn -0.915159 0.403093 0.000000
vn -0.915159 0.403093 0.000000
vn -0.964764 0.263117 0.000000
vn -0.964764 0.263117 0.000000
vn 0.915159 0.403093 0.000000
vn 0.915159 0.403093 0.000000
vn 0.964764 0.263117 0.000000
vn 0.964764 0.263117 0.000000
vn -0.915159 0.403093 0.000000
vn -0.915159 0.403093 0.000000
vn -0.964764 0.263117 0.000000
vn -0.964764 0.263117 0.000000
vn 0.913917 0.405900 0.001038
vn 0.915159 0.403093 0.000000
vn 0.964764 0.263117 0.000000
vn 0.964764 0.263117 0.000000
vn -0.915159 0.403093 0.000000
vn -0.913917 0.405900 0.001038
vn -0.964764 0.263117 -0.000000
vn -0.964764 0.263117 0.000000
vn 0.001038 0.405899 0.913917
vn 0.146383 0.453317 0.879247
vn 0.133003 0.294379 0.946388
vn 0.000000 0.263117 0.964764
vn 0.946388 0.294379 0.133004
vn 0.879247 0.453317 0.146384
vn 0.913917 0.405900 0.001038
vn 0.964764 0.263117 0.000000
vn 0.000000 0.403092 0.915159
vn 0.001038 0.405899 0.913917
vn 0.000000 0.263117 0.964764
vn 0.000000 0.263117 0.964764
vn -0.001038 0.405900 0.913917
vn 0.000000 0.403092 0.915159
vn 0.000000 0.263117 0.964764
vn 0.000000 0.263117 0.964764
vn -0.913917 0.405900 0.001038
vn -0.879247 0.453318 0.146384
vn -0.946388 0.294380 0.133004
vn -0.964764 0.263117 -0.000000
vn -0.133004 0.294379 0.946388
vn -0.146384 0.453318 0.879247
vn -0.001038 0.405900 0.913917
vn 0.000000 0.263117 0.964764
vn -0.066218 0.997731 -0.012197
vn 0.000000 1.000000 0.000000
vn 0.000000 1.000000 0.000000
vn -0.084740 0.996403 -0.000540
vn 0.000000 1.000000 0.000000
vn 0.012197 0.997731 0.066218
vn 0.000541 0.996403 0.084740
vn 0.000000 1.000000 0.000000
vn 0.879247 0.453318 -0.146384
vn 0.607639 0.511419 -0.607639
vn 0.659736 0.359856 -0.659736
vn 0.946388 0.294379 -0.133004
vn 0.607639 0.511419 -0.607639
vn 0.146385 0.453317 -0.879247
vn 0.133004 0.294380 -0.946388
vn 0.659736 0.359856 -0.659736
vn -0.146385 0.453317 -0.879247
vn -0.607639 0.511419 -0.607639
vn -0.659736 0.359856 -0.659736
vn -0.133005 0.294380 -0.946388
vn -0.607639 0.511419 -0.607639
vn -0.879247 0.453318 -0.146384
vn -0.946388 0.294380 -0.133004
vn -0.659736 0.359856 -0.659736
vn 0.146383 0.453317 0.879247
vn 0.607639 0.511418 0.607640
vn 0.659737 0.359855 0.659736
vn 0.133003 0.294379 0.946388
vn 0.607639 0.511418 0.607640
vn 0.879247 0.453317 0.146384
vn 0.946388 0.294379 0.133004
vn 0.659737 0.359855 0.659736
vn -0.879247 0.453318 0.146384
vn -0.607639 0.511419 0.607639
vn -0.659736 0.359856 0.659736
vn -0.946388 0.294380 0.133004
vn -0.607639 0.511419 0.607639
vn -0.146384 0.453318 0.879247
vn -0.133004 0.294379 0.946388
vn -0.659736 0.359856 0.659736
vn 0.012197 0.997731 -0.066218
vn 0.041730 0.998257 -0.041730
vn 0.000000 1.000000 0.000000
vn 0.000000 1.000000 0.000000
vn 0.041730 0.998257 -0.041730
vn 0.066218 0.997731 -0.012197
vn -0.066218 0.997731 -0.012197
vn -0.041730 0.998257 -0.041730
vn 0.000000 1.000000 0.000000
vn 0.000000 1.000000 0.000000
vn -0.041730 0.998257 -0.041730
vn -0.012197 0.997731 -0.066218
vn 0.000000 1.000000 0.000000
vn 0.041730 0.998257 0.041730
vn 0.000000 1.000000 0.000000
vn 0.000000 1.000000 0.000000
vn 0.041730 0.998257 0.041730
vn 0.012197 0.997731 0.066218
vn 0.000000 1.000000 0.000000
vn -0.041730 0.998257 0.041730
vn 0.000000 1.000000 0.000000
vn 0.000000 1.000000 0.000000
vn -0.041730 0.998257 0.041730
vn -0.066218 0.997731 0.012197
vn 0.000000 1.000000 0.000000
vn 0.000000 1.000000 0.000000
vn -0.041730 0.998257 -0.041730
vn 0.000000 1.000000 0.000000
vn 0.000000 1.000000 0.000000
vn 0.041730 0.998257 -0.041730
vn 0.066218 0.997731 0.012197
vn 0.041730 0.998257 0.041730
vn 0.000000 1.000000 0.000000
vn -0.012197 0.997731 0.066218
vn -0.041730 0.998257 0.041730
vn 0.000000 1.000000 0.000000
vn 0.000541 0.996403 -0.084740
vn 0.002253 0.799832 -0.600220
vn 0.093104 0.845532 -0.525744
vn 0.012197 0.997731 -0.066218
vn 0.002253 0.799832 -0.600220
vn 0.001038 0.405899 -0.913917
vn 0.146385 0.453317 -0.879247
vn 0.093104 0.845532 -0.525744
vn 0.001038 0.405899 -0.913917
vn 0.002253 0.799832 -0.600220
vn 0.000000 0.794706 -0.606994
vn 0.000000 0.403092 -0.915159
vn 0.002253 0.799832 -0.600220
vn 0.000541 0.996403 -0.084740
vn 0.000000 0.995578 -0.093943
vn 0.000000 0.794706 -0.606994
vn -0.001038 0.405899 -0.913917
vn -0.002253 0.799832 -0.600220
vn -0.093104 0.845532 -0.525744
vn -0.146385 0.453317 -0.879247
vn -0.002253 0.799832 -0.600220
vn -0.000541 0.996403 -0.084740
vn -0.012197 0.997731 -0.066218
vn -0.093104 0.845532 -0.525744
vn -0.084740 0.996403 -0.000540
vn -0.600219 0.799833 -0.002253
vn -0.525744 0.845533 -0.093104
vn -0.066218 0.997731 -0.012197
vn -0.600219 0.799833 -0.002253
vn -0.913917 0.405899 -0.001038
vn -0.879247 0.453318 -0.146384
vn -0.525744 0.845533 -0.093104
vn 0.913917 0.405900 -0.001038
vn 0.600219 0.799833 -0.002253
vn 0.525744 0.845533 -0.093104
vn 0.879247 0.453318 -0.146384
vn 0.600219 0.799833 -0.002253
vn 0.084740 0.996403 -0.000541
vn 0.066218 0.997731 -0.012197
vn 0.525744 0.845533 -0.093104
vn 0.093943 0.995578 0.000000
vn 0.606994 0.794707 0.000000
vn 0.606994 0.794707 0.000000
vn 0.093943 0.995578 0.000000
vn 0.606994 0.794707 0.000000
vn 0.915159 0.403093 0.000000
vn 0.915159 0.403093 0.000000
vn 0.606994 0.794707 0.000000
vn -0.913917 0.405899 -0.001038
vn -0.600219 0.799833 -0.002253
vn -0.606994 0.794707 -0.000000
vn -0.915159 0.403093 0.000000
vn -0.600219 0.799833 -0.002253
vn -0.084740 0.996403 -0.000540
vn -0.093942 0.995578 -0.000000
vn -0.606994 0.794707 -0.000000
vn 0.093943 0.995578 0.000000
vn 0.606994 0.794707 0.000000
vn 0.606994 0.794707 0.000000
vn 0.093943 0.995578 0.000000
vn 0.606994 0.794707 0.000000
vn 0.915159 0.403093 0.000000
vn 0.915159 0.403093 0.000000
vn 0.606994 0.794707 0.000000
vn -0.915159 0.403093 0.000000
vn -0.606994 0.794707 -0.000000
vn -0.606994 0.794707 0.000000
vn -0.915159 0.403093 0.000000
vn -0.606994 0.794707 -0.000000
vn -0.093942 0.995578 -0.000000
vn -0.093943 0.995578 0.000000
vn -0.606994 0.794707 0.000000
vn 0.093943 0.995578 0.000000
vn 0.606994 0.794707 0.000000
vn 0.600219 0.799833 0.002253
vn 0.084740 0.996403 0.000541
vn 0.606994 0.794707 0.000000
vn 0.915159 0.403093 0.000000
vn 0.913917 0.405900 0.001038
vn 0.600219 0.799833 0.002253
vn -0.915159 0.403093 0.000000
vn -0.606994 0.794707 0.000000
vn -0.606994 0.794707 0.000000
vn -0.915159 0.403093 0.000000
vn -0.606994 0.794707 0.000000
vn -0.093943 0.995578 0.000000
vn -0.093943 0.995578 0.000000
vn -0.606994 0.794707 0.000000
vn 0.084740 0.996403 0.000541
vn 0.600219 0.799833 0.002253
vn 0.525744 0.845532 0.093104
vn 0.066218 0.997731 0.012197
vn 0.600219 0.799833 0.002253
vn 0.913917 0.405900 0.001038
vn 0.879247 0.453317 0.146384
vn 0.525744 0.845532 0.093104
vn -0.913917 0.405900 0.001038
vn -0.600219 0.799833 0.002253
vn -0.525744 0.845533 0.093104
vn -0.879247 0.453318 0.146384
vn -0.600219 0.799833 0.002253
vn -0.084740 0.996403 0.000540
vn -0.066218 0.997731 0.012197
vn -0.525744 0.845533 0.093104
vn 0.001038 0.405899 0.913917
vn 0.002253 0.799833 0.600219
vn 0.093104 0.845532 0.525744
vn 0.146383 0.453317 0.879247
vn 0.002253 0.799833 0.600219
vn 0.000541 0.996403 0.084740
vn 0.012197 0.997731 0.066218
vn 0.093104 0.845532 0.525744
vn 0.000000 0.995578 0.093943
vn 0.000000 0.794707 0.606994
vn -0.002253 0.799833 0.600219
vn -0.000541 0.996403 0.084740
vn 0.000000 0.794707 0.606994
vn 0.000000 0.403092 0.915159
vn -0.001038 0.405900 0.913917
vn -0.002253 0.799833 0.600219
vn -0.000541 0.996403 0.084740
vn -0.002253 0.799833 0.600219
vn -0.093104 0.845532 0.525744
vn -0.012197 0.997731 0.066218
vn -0.002253 0.799833 0.600219
vn -0.001038 0.405900 0.913917
vn -0.146384 0.453318 0.879247
vn -0.093104 0.845532 0.525744
vn 0.879247 0.453318 -0.146384
vn 0.525744 0.845533 -0.093104
vn 0.331134 0.883573 -0.331134
vn 0.607639 0.511419 -0.607639
vn 0.525744 0.845533 -0.093104
vn 0.066218 0.997731 -0.012197
vn 0.041730 0.998257 -0.041730
vn 0.331134 0.883573 -0.331134
vn -0.146385 0.453317 -0.879247
vn -0.093104 0.845532 -0.525744
vn -0.331134 0.883573 -0.331134
vn -0.607639 0.511419 -0.607639
vn -0.093104 0.845532 -0.525744
vn -0.012197 0.997731 -0.066218
vn -0.041730 0.998257 -0.041730
vn -0.331134 0.883573 -0.331134
vn 0.146383 0.453317 0.879247
vn 0.093104 0.845532 0.525744
vn 0.331134 0.883573 0.331134
vn 0.607639 0.511418 0.607640
vn 0.093104 0.845532 0.525744
vn 0.012197 0.997731 0.066218
vn 0.041730 0.998257 0.041730
vn 0.331134 0.883573 0.331134
vn -0.879247 0.453318 0.146384
vn -0.525744 0.845533 0.093104
vn -0.331134 0.883573 0.331134
vn -0.607639 0.511419 0.607639
vn -0.525744 0.845533 0.093104
vn -0.066218 0.997731 0.012197
vn -0.041730 0.998257 0.041730
vn -0.331134 0.883573 0.331134
vn 0.012197 0.997731 -0.066218
vn 0.093104 0.845532 -0.525744
vn 0.331134 0.883573 -0.331134
vn 0.041730 0.998257 -0.041730
vn 0.093104 0.845532 -0.525744
vn 0.146385 0.453317 -0.879247
vn 0.607639 0.511419 -0.607639
vn 0.331134 0.883573 -0.331134
vn -0.066218 0.997731 -0.012197
vn -0.525744 0.845533 -0.093104
vn -0.331134 0.883573 -0.331134
vn -0.041730 0.998257 -0.041730
vn -0.525744 0.845533 -0.093104
vn -0.879247 0.453318 -0.146384
vn -0.607639 0.511419 -0.607639
vn -0.331134 0.883573 -0.331134
vn 0.066218 0.997731 0.012197
vn 0.525744 0.845532 0.093104
vn 0.331134 0.883573 0.331134
vn 0.041730 0.998257 0.041730
vn 0.525744 0.845532 0.093104
vn 0.879247 0.453317 0.146384
vn 0.607639 0.511418 0.607640
vn 0.331134 0.883573 0.331134
vn -0.012197 0.997731 0.066218
vn -0.093104 0.845532 0.525744
vn -0.331134 0.883573 0.331134
vn -0.041730 0.998257 0.041730
vn -0.093104 0.845532 0.525744
vn -0.146384 0.453318 0.879247
vn -0.607639 0.511419 0.607639
vn -0.331134 0.883573 0.331134
vn 0.070352 0.997511 -0.004794
vn 0.152529 0.984640 -0.084964
vn 0.082743 0.983504 -0.160854
vn 0.004081 0.997346 -0.072697
vn 0.070352 0.997511 -0.004794
vn 0.004081 0.997346 -0.072697
vn -0.000309 0.996010 -0.089242
vn 0.089174 0.996016 0.000042
vn 0.000000 0.303023 -0.952983
vn 0.000000 0.758941 -0.651160
vn -0.002180 0.763171 -0.646193
vn -0.000878 0.304734 -0.952437
vn 0.000000 0.758941 -0.651160
vn 0.000000 0.997356 -0.072674
vn -0.000397 0.997737 -0.067242
vn -0.002180 0.763171 -0.646193
vn -0.085206 0.996363 -0.000147
vn -0.591172 0.806545 -0.000585
vn -0.538472 0.840833 -0.055213
vn -0.049973 0.998734 -0.005702
vn -0.591172 0.806545 -0.000585
vn -0.908678 0.417499 -0.000242
vn -0.892766 0.442923 -0.082390
vn -0.538472 0.840833 -0.055213
vn 0.059880 0.998206 -0.000103
vn 0.591110 0.806591 -0.000586
vn 0.594275 0.804262 0.000000
vn 0.063650 0.997972 0.000000
vn 0.591110 0.806591 -0.000586
vn 0.908674 0.417507 -0.000242
vn 0.909151 0.416467 0.000000
vn 0.594275 0.804262 0.000000
vn 0.000000 1.000000 0.000000
vn 0.000000 1.000000 0.000000
vn 0.000397 0.997737 -0.067242
vn 0.006719 0.998570 -0.053041
vn 0.000000 1.000000 0.000000
vn 0.000000 1.000000 0.000000
vn 0.000000 0.997356 -0.072674
vn 0.000397 0.997737 -0.067242
vn 0.000000 1.000000 0.000000
vn 0.000000 1.000000 0.000000
vn -0.000397 0.997737 -0.067242
vn 0.000000 0.997356 -0.072674
vn 0.000000 1.000000 0.000000
vn 0.000000 1.000000 0.000000
vn -0.006872 0.998591 -0.052616
vn -0.000397 0.997737 -0.067242
vn 0.000000 1.000000 0.000000
vn 0.048821 0.998793 -0.005383
vn 0.059880 0.998206 -0.000103
vn 0.000000 1.000000 0.000000
vn 0.000000 1.000000 0.000000
vn 0.059880 0.998206 -0.000103
vn 0.063650 0.997972 0.000000
vn 0.000000 1.000000 0.000000
vn 0.000000 1.000000 0.000000
vn 0.063650 0.997972 0.000000
vn 0.063650 0.997972 0.000000
vn 0.000000 1.000000 0.000000
vn 0.000000 1.000000 0.000000
vn 0.063650 0.997972 0.000000
vn 0.063650 0.997972 0.000000
vn 0.000000 1.000000 0.000000
vn 0.000000 1.000000 0.000000
vn 0.063650 0.997972 0.000000
vn 0.059880 0.998206 0.000103
vn 0.000000 1.000000 0.000000
vn 0.000000 1.000000 0.000000
vn 0.059880 0.998206 0.000103
vn 0.048425 0.998812 0.005522
vn 0.000000 1.000000 0.000000
vn 0.070092 0.167649 -0.983352
vn 0.092577 0.350037 -0.932150
vn 0.000878 0.304734 -0.952437
vn -0.000000 0.146974 -0.989140
vn 0.908674 0.417507 -0.000242
vn 0.892534 0.443477 -0.081920
vn 0.949649 0.303383 -0.078267
vn 0.955905 0.293675 0.000000
vn 0.000878 0.304734 -0.952437
vn 0.000000 0.303023 -0.952983
vn 0.000000 0.146974 -0.989140
vn -0.000000 0.146974 -0.989140
vn 0.000000 0.303023 -0.952983
vn -0.000878 0.304734 -0.952437
vn 0.000000 0.146975 -0.989140
vn 0.000000 0.146974 -0.989140
vn -0.000878 0.304734 -0.952437
vn -0.092993 0.349540 -0.932295
vn -0.070092 0.167648 -0.983352
vn 0.000000 0.146975 -0.989140
vn -0.949650 0.303381 -0.078266
vn -0.892766 0.442923 -0.082390
vn -0.908678 0.417499 -0.000242
vn -0.955906 0.293673 0.000000
vn 0.909151 0.416467 0.000000
vn 0.908674 0.417507 -0.000242
vn 0.955905 0.293675 0.000000
vn 0.955905 0.293676 0.000000
vn -0.908678 0.417499 -0.000242
vn -0.909163 0.416440 -0.000001
vn -0.955906 0.293674 -0.000000
vn -0.955906 0.293673 0.000000
vn 0.909151 0.416467 0.000000
vn 0.909151 0.416467 0.000000
vn 0.955905 0.293676 0.000000
vn 0.955905 0.293678 0.000000
vn -0.909163 0.416440 -0.000001
vn -0.909167 0.416431 -0.000001
vn -0.955906 0.293673 -0.000000
vn -0.955906 0.293674 -0.000000
vn 0.909151 0.416467 0.000000
vn 0.909151 0.416467 0.000000
vn 0.955905 0.293678 0.000000
vn 0.955904 0.293678 0.000000
vn -0.909167 0.416431 -0.000001
vn -0.909171 0.416422 -0.000002
vn -0.955906 0.293673 -0.000000
vn -0.955906 0.293673 -0.000000
vn 0.908673 0.417508 0.000242
vn 0.909151 0.416467 0.000000
vn 0.955904 0.293678 0.000000
vn 0.955905 0.293676 0.000000
vn -0.909171 0.416422 -0.000002
vn -0.908714 0.417420 0.000245
vn -0.955906 0.293674 -0.000000
vn -0.955906 0.293673 -0.000000
vn 0.000879 0.304686 0.952452
vn 0.093012 0.349493 0.932311
vn 0.070093 0.167648 0.983352
vn 0.000000 0.146974 0.989140
vn 0.949649 0.303382 0.078267
vn 0.892762 0.442933 0.082384
vn 0.908673 0.417508 0.000242
vn 0.955905 0.293676 0.000000
vn 0.000016 0.302943 0.953009
vn 0.000879 0.304686 0.952452
vn 0.000000 0.146974 0.989140
vn 0.000000 0.146974 0.989140
vn -0.000514 0.305996 0.952033
vn 0.000016 0.302943 0.953009
vn 0.000000 0.146974 0.989140
vn 0.000000 0.146974 0.989140
vn -0.908714 0.417420 0.000245
vn -0.892498 0.443558 0.081873
vn -0.949648 0.303382 0.078277
vn -0.955906 0.293674 -0.000000
vn -0.070117 0.167655 0.983349
vn -0.092206 0.354550 0.930480
vn -0.000514 0.305996 0.952033
vn 0.000000 0.146974 0.989140
vn -0.085206 0.996363 -0.000147
vn 0.078702 0.996898 0.000000
vn 0.075600 0.997138 0.000000
vn -0.090083 0.995934 0.000000
vn -0.090083 0.995934 0.000000
vn 0.075600 0.997138 0.000000
vn 0.075594 0.997139 0.000000
vn -0.090090 0.995934 0.000001
vn -0.090090 0.995934 0.000001
vn 0.075594 0.997139 0.000000
vn 0.075584 0.997140 0.000000
vn -0.090101 0.995933 0.000001
vn -0.090101 0.995933 0.000001
vn 0.075584 0.997140 0.000000
vn 0.078424 0.996920 0.000001
vn -0.085597 0.996330 0.000143
vn -0.068958 0.997591 0.007558
vn -0.085597 0.996330 0.000143
vn 0.078424 0.996920 0.000001
vn 0.089174 0.996016 0.000042
vn 0.000541 0.995866 0.090834
vn 0.000004 0.995209 0.097768
vn -0.000001 0.997070 -0.076499
vn -0.000000 0.996825 -0.079620
vn 0.000004 0.995209 0.097768
vn -0.000130 0.995721 0.092410
vn -0.000002 0.996828 -0.079592
vn -0.000001 0.997070 -0.076499
vn -0.000309 0.996010 -0.089242
vn -0.008919 0.997406 0.071429
vn -0.041336 0.998334 0.040266
vn -0.049973 0.998734 -0.005702
vn 0.089142 0.996019 0.000000
vn 0.078702 0.996898 0.000000
vn -0.085206 0.996363 -0.000147
vn 0.000001 0.994627 -0.103519
vn 0.009116 0.997528 0.069682
vn 0.000541 0.995866 0.090834
vn -0.000000 0.996825 -0.079620
vn 0.892534 0.443477 -0.081920
vn 0.625461 0.465438 -0.626232
vn 0.649326 0.303128 -0.697487
vn 0.949649 0.303383 -0.078267
vn 0.625461 0.465438 -0.626232
vn 0.092577 0.350037 -0.932150
vn 0.070092 0.167649 -0.983352
vn 0.649326 0.303128 -0.697487
vn -0.092993 0.349540 -0.932295
vn -0.626756 0.462082 -0.627421
vn -0.649327 0.303125 -0.697488
vn -0.070092 0.167648 -0.983352
vn -0.626756 0.462082 -0.627421
vn -0.892766 0.442923 -0.082390
vn -0.949650 0.303381 -0.078266
vn -0.649327 0.303125 -0.697488
vn 0.093012 0.349493 0.932311
vn 0.626757 0.462082 0.627420
vn 0.649328 0.303127 0.697487
vn 0.070093 0.167648 0.983352
vn 0.626757 0.462082 0.627420
vn 0.892762 0.442933 0.082384
vn 0.949649 0.303382 0.078267
vn 0.649328 0.303127 0.697487
vn -0.892498 0.443558 0.081873
vn -0.625846 0.467588 0.624242
vn -0.649327 0.303125 0.697488
vn -0.949648 0.303382 0.078277
vn -0.625846 0.467588 0.624242
vn -0.092206 0.354550 0.930480
vn -0.070117 0.167655 0.983349
vn -0.649327 0.303125 0.697488
vn 0.006719 0.998570 -0.053041
vn 0.024504 0.999407 -0.024190
vn 0.000000 1.000000 0.000000
vn 0.000000 1.000000 0.000000
vn 0.024504 0.999407 -0.024190
vn 0.000000 1.000000 0.000000
vn 0.000000 1.000000 0.000000
vn 0.024504 0.999407 -0.024190
vn 0.048821 0.998793 -0.005383
vn -0.049973 0.998734 -0.005702
vn -0.021710 0.999535 -0.021433
vn 0.000000 1.000000 0.000000
vn 0.089142 0.996019 0.000000
vn 0.000000 1.000000 0.000000
vn -0.021710 0.999535 -0.021433
vn -0.006872 0.998591 -0.052616
vn 0.048425 0.998812 0.005522
vn 0.031390 0.999027 0.030988
vn 0.000000 1.000000 0.000000
vn 0.000000 1.000000 0.000000
vn 0.031390 0.999027 0.030988
vn 0.000001 0.994627 -0.103519
vn 0.000001 0.994627 -0.103519
vn 0.031390 0.999027 0.030988
vn 0.009116 0.997528 0.069682
vn 0.089174 0.996016 0.000042
vn -0.000309 0.996010 -0.089242
vn -0.041336 0.998334 0.040266
vn -0.000309 0.996010 -0.089242
vn -0.000002 0.996828 -0.079592
vn -0.000130 0.995721 0.092410
vn -0.008919 0.997406 0.071429
vn -0.068958 0.997591 0.007558
vn 0.089174 0.996016 0.000042
vn -0.041336 0.998334 0.040266
vn 0.000397 0.997737 -0.067242
vn 0.002180 0.763171 -0.646193
vn 0.066695 0.815771 -0.574516
vn 0.006719 0.998570 -0.053041
vn 0.002180 0.763171 -0.646193
vn 0.000878 0.304734 -0.952437
vn 0.092577 0.350037 -0.932150
vn 0.066695 0.815771 -0.574516
vn 0.000878 0.304734 -0.952437
vn 0.002180 0.763171 -0.646193
vn 0.000000 0.758941 -0.651160
vn 0.000000 0.303023 -0.952983
vn 0.002180 0.763171 -0.646193
vn 0.000397 0.997737 -0.067242
vn 0.000000 0.997356 -0.072674
vn 0.000000 0.758941 -0.651160
vn -0.000878 0.304734 -0.952437
vn -0.002180 0.763171 -0.646193
vn -0.068307 0.815001 -0.575420
vn -0.092993 0.349540 -0.932295
vn -0.002180 0.763171 -0.646193
vn -0.000397 0.997737 -0.067242
vn -0.006872 0.998591 -0.052616
vn -0.068307 0.815001 -0.575420
vn -0.908678 0.417499 -0.000242
vn -0.591172 0.806545 -0.000585
vn -0.594447 0.804135 -0.000000
vn -0.909163 0.416440 -0.000001
vn -0.591172 0.806545 -0.000585
vn -0.085206 0.996363 -0.000147
vn -0.090083 0.995934 0.000000
vn -0.594447 0.804135 -0.000000
vn 0.908674 0.417507 -0.000242
vn 0.591110 0.806591 -0.000586
vn 0.537483 0.841561 -0.053725
vn 0.892534 0.443477 -0.081920
vn 0.591110 0.806591 -0.000586
vn 0.059880 0.998206 -0.000103
vn 0.048821 0.998793 -0.005383
vn 0.537483 0.841561 -0.053725
vn 0.063650 0.997972 0.000000
vn 0.594275 0.804262 0.000000
vn 0.594276 0.804261 0.000000
vn 0.063650 0.997972 0.000000
vn 0.594275 0.804262 0.000000
vn 0.909151 0.416467 0.000000
vn 0.909151 0.416467 0.000000
vn 0.594276 0.804261 0.000000
vn -0.909163 0.416440 -0.000001
vn -0.594447 0.804135 -0.000000
vn -0.594497 0.804098 -0.000000
vn -0.909167 0.416431 -0.000001
vn -0.594447 0.804135 -0.000000
vn -0.090083 0.995934 0.000000
vn -0.090090 0.995934 0.000001
vn -0.594497 0.804098 -0.000000
vn 0.063650 0.997972 0.000000
vn 0.594276 0.804261 0.000000
vn 0.594276 0.804261 0.000000
vn 0.063650 0.997972 0.000000
vn 0.594276 0.804261 0.000000
vn 0.909151 0.416467 0.000000
vn 0.909151 0.416467 0.000000
vn 0.594276 0.804261 0.000000
vn -0.909167 0.416431 -0.000001
vn -0.594497 0.804098 -0.000000
vn -0.594570 0.804044 -0.000001
vn -0.909171 0.416422 -0.000002
vn -0.594497 0.804098 -0.000000
vn -0.090090 0.995934 0.000001
vn -0.090101 0.995933 0.000001
vn -0.594570 0.804044 -0.000001
vn 0.063650 0.997972 0.000000
vn 0.594276 0.804261 0.000000
vn 0.591111 0.806590 0.000586
vn 0.059880 0.998206 0.000103
vn 0.594276 0.804261 0.000000
vn 0.909151 0.416467 0.000000
vn 0.908673 0.417508 0.000242
vn 0.591111 0.806590 0.000586
vn -0.909171 0.416422 -0.000002
vn -0.594570 0.804044 -0.000001
vn -0.591574 0.806251 0.000589
vn -0.908714 0.417420 0.000245
vn -0.594570 0.804044 -0.000001
vn -0.090101 0.995933 0.000001
vn -0.085597 0.996330 0.000143
vn -0.591574 0.806251 0.000589
vn 0.059880 0.998206 0.000103
vn 0.591111 0.806590 0.000586
vn 0.538412 0.840873 0.055189
vn 0.048425 0.998812 0.005522
vn 0.591111 0.806590 0.000586
vn 0.908673 0.417508 0.000242
vn 0.892762 0.442933 0.082384
vn 0.538412 0.840873 0.055189
vn -0.908714 0.417420 0.000245
vn -0.591574 0.806251 0.000589
vn -0.537052 0.841850 0.053517
vn -0.892498 0.443558 0.081873
vn -0.591574 0.806251 0.000589
vn -0.085597 0.996330 0.000143
vn -0.068958 0.997591 0.007558
vn -0.537052 0.841850 0.053517
vn 0.000879 0.304686 0.952452
vn 0.002179 0.762995 0.646401
vn 0.068385 0.814878 0.575584
vn 0.093012 0.349493 0.932311
vn 0.002179 0.762995 0.646401
vn 0.000541 0.995866 0.090834
vn 0.009116 0.997528 0.069682
vn 0.068385 0.814878 0.575584
vn 0.000541 0.995866 0.090834
vn 0.002179 0.762995 0.646401
vn 0.000026 0.758381 0.651811
vn 0.000004 0.995209 0.097768
vn 0.002179 0.762995 0.646401
vn 0.000879 0.304686 0.952452
vn 0.000016 0.302943 0.953009
vn 0.000026 0.758381 0.651811
vn 0.000004 0.995209 0.097768
vn 0.000026 0.758381 0.651811
vn -0.000902 0.765043 0.643978
vn -0.000130 0.995721 0.092410
vn 0.000026 0.758381 0.651811
vn 0.000016 0.302943 0.953009
vn -0.000514 0.305996 0.952033
vn -0.000902 0.765043 0.643978
vn -0.000130 0.995721 0.092410
vn -0.000902 0.765043 0.643978
vn -0.065188 0.823512 0.563541
vn -0.008919 0.997406 0.071429
vn -0.000902 0.765043 0.643978
vn -0.000514 0.305996 0.952033
vn -0.092206 0.354550 0.930480
vn -0.065188 0.823512 0.563541
vn 0.892534 0.443477 -0.081920
vn 0.537483 0.841561 -0.053725
vn 0.339625 0.879174 -0.334228
vn 0.625461 0.465438 -0.626232
vn 0.537483 0.841561 -0.053725
vn 0.048821 0.998793 -0.005383
vn 0.024504 0.999407 -0.024190
vn 0.339625 0.879174 -0.334228
vn -0.092993 0.349540 -0.932295
vn -0.068307 0.815001 -0.575420
vn -0.346708 0.873703 -0.341229
vn -0.626756 0.462082 -0.627421
vn -0.068307 0.815001 -0.575420
vn -0.006872 0.998591 -0.052616
vn -0.021710 0.999535 -0.021433
vn -0.346708 0.873703 -0.341229
vn 0.093012 0.349493 0.932311
vn 0.068385 0.814878 0.575584
vn 0.346708 0.873703 0.341227
vn 0.626757 0.462082 0.627420
vn 0.068385 0.814878 0.575584
vn 0.009116 0.997528 0.069682
vn 0.031390 0.999027 0.030988
vn 0.346708 0.873703 0.341227
vn -0.892498 0.443558 0.081873
vn -0.537052 0.841850 0.053517
vn -0.340071 0.880698 0.329732
vn -0.625846 0.467588 0.624242
vn -0.537052 0.841850 0.053517
vn -0.068958 0.997591 0.007558
vn -0.041336 0.998334 0.040266
vn -0.340071 0.880698 0.329732
vn 0.006719 0.998570 -0.053041
vn 0.066695 0.815771 -0.574516
vn 0.339625 0.879174 -0.334228
vn 0.024504 0.999407 -0.024190
vn 0.066695 0.815771 -0.574516
vn 0.092577 0.350037 -0.932150
vn 0.625461 0.465438 -0.626232
vn 0.339625 0.879174 -0.334228
vn -0.049973 0.998734 -0.005702
vn -0.538472 0.840833 -0.055213
vn -0.346708 0.873703 -0.341229
vn -0.021710 0.999535 -0.021433
vn -0.538472 0.840833 -0.055213
vn -0.892766 0.442923 -0.082390
vn -0.626756 0.462082 -0.627421
vn -0.346708 0.873703 -0.341229
vn 0.048425 0.998812 0.005522
vn 0.538412 0.840873 0.055189
vn 0.346708 0.873703 0.341227
vn 0.031390 0.999027 0.030988
vn 0.538412 0.840873 0.055189
vn 0.892762 0.442933 0.082384
vn 0.626757 0.462082 0.627420
vn 0.346708 0.873703 0.341227
vn -0.008919 0.997406 0.071429
vn -0.065188 0.823512 0.563541
vn -0.340071 0.880698 0.329732
vn -0.041336 0.998334 0.040266
vn -0.065188 0.823512 0.563541
vn -0.092206 0.354550 0.930480
vn -0.625846 0.467588 0.624242
vn -0.340071 0.880698 0.329732
vn 0.000000 1.000000 0.000000
vn 0.098715 0.995116 0.000004
vn 0.072079 0.997399 0.000001
vn 0.005081 0.997979 0.063346
vn 0.070357 0.997516 0.003458
vn 0.080021 0.996793 -0.000447
vn -0.000025 0.997214 0.074592
vn 0.005081 0.997979 0.063346
vn 0.074892 0.989485 0.123739
vn 0.142058 0.987707 0.065231
vn 0.070357 0.997516 0.003458
vn 0.000281 0.998256 -0.059033
vn 0.001437 0.866648 -0.498918
vn 0.044862 0.903878 -0.425431
vn 0.004801 0.999044 -0.043452
vn 0.001437 0.866648 -0.498918
vn 0.000486 0.560752 -0.827983
vn 0.083859 0.614441 -0.784494
vn 0.044862 0.903878 -0.425431
vn 0.038142 0.999272 -0.000180
vn 0.498744 0.866748 -0.001436
vn 0.504848 0.863208 0.000000
vn 0.041209 0.999151 0.000000
vn 0.498744 0.866748 -0.001436
vn 0.827975 0.560764 -0.000485
vn 0.829735 0.558158 0.000000
vn 0.504848 0.863208 0.000000
vn 0.000180 0.999272 0.038142
vn 0.001436 0.866749 0.498743
vn 0.000000 0.863209 0.504846
vn 0.000000 0.999151 0.041209
vn 0.001436 0.866749 0.498743
vn 0.000485 0.560765 0.827975
vn 0.000000 0.558160 0.829734
vn 0.000000 0.863209 0.504846
vn 0.000000 1.000000 0.000000
vn 0.028893 0.999577 -0.003187
vn 0.038142 0.999272 -0.000180
vn 0.000000 1.000000 0.000000
vn 0.000000 1.000000 0.000000
vn 0.038142 0.999272 -0.000180
vn 0.041209 0.999151 0.000000
vn 0.000000 1.000000 0.000000
vn 0.000000 1.000000 0.000000
vn 0.041209 0.999151 0.000000
vn 0.041209 0.999151 0.000000
vn 0.000000 1.000000 0.000000
vn 0.000000 1.000000 0.000000
vn 0.041209 0.999151 0.000000
vn 0.038142 0.999272 0.000180
vn 0.000000 1.000000 0.000000
vn 0.000000 1.000000 0.000000
vn 0.038142 0.999272 0.000180
vn 0.028893 0.999578 0.003187
vn 0.000000 1.000000 0.000000
vn 0.000180 0.999272 0.038142
vn 0.000000 0.999151 0.041209
vn 0.000000 1.000000 0.000000
vn 0.000000 1.000000 0.000000
vn 0.000000 0.999151 0.041209
vn -0.000180 0.999272 0.038142
vn 0.000000 1.000000 0.000000
vn 0.000000 1.000000 0.000000
vn -0.000180 0.999272 0.038142
vn -0.003187 0.999577 0.028894
vn 0.000000 1.000000 0.000000
vn 0.000000 1.000000 0.000000
vn 0.055068 0.512869 -0.856699
vn 0.083859 0.614441 -0.784494
vn 0.000486 0.560752 -0.827983
vn 0.000000 0.490261 -0.871576
vn 0.827975 0.560764 -0.000485
vn 0.784482 0.614458 -0.083842
vn 0.856699 0.512869 -0.055067
vn 0.871576 0.490261 0.000000
vn 0.000486 0.560752 -0.827983
vn 0.000004 0.558095 -0.829777
vn 0.000000 0.490261 -0.871576
vn 0.000000 0.490261 -0.871576
vn 0.000004 0.558095 -0.829777
vn -0.000495 0.560610 -0.828080
vn -0.000000 0.490261 -0.871576
vn 0.000000 0.490261 -0.871576
vn -0.000495 0.560610 -0.828080
vn -0.083782 0.614504 -0.784452
vn -0.055087 0.512876 -0.856693
vn -0.000000 0.490261 -0.871576
vn -0.856680 0.512894 -0.055127
vn -0.782147 0.617480 -0.083458
vn -0.827545 0.561400 -0.000308
vn -0.871576 0.490261 0.000000
vn 0.829735 0.558158 0.000000
vn 0.827975 0.560764 -0.000485
vn 0.871576 0.490261 0.000000
vn 0.871576 0.490261 0.000000
vn -0.827545 0.561400 -0.000308
vn -0.829856 0.557978 0.000007
vn -0.871575 0.490262 -0.000000
vn -0.871576 0.490261 0.000000
vn 0.829734 0.558159 0.000000
vn 0.829735 0.558158 0.000000
vn 0.871576 0.490261 0.000000
vn 0.871576 0.490260 0.000000
vn -0.829856 0.557978 0.000007
vn -0.829815 0.558038 0.000006
vn -0.871575 0.490263 0.000000
vn -0.871575 0.490262 -0.000000
vn 0.827975 0.560765 0.000485
vn 0.829734 0.558159 0.000000
vn 0.871576 0.490260 0.000000
vn 0.871576 0.490260 0.000000
vn -0.829815 0.558038 0.000006
vn -0.827981 0.560755 0.000485
vn -0.871576 0.490261 -0.000000
vn -0.871575 0.490263 0.000000
vn 0.000485 0.560765 0.827975
vn 0.083843 0.614457 0.784483
vn 0.055067 0.512868 0.856700
vn 0.000000 0.490261 0.871576
vn 0.856700 0.512868 0.055067
vn 0.784482 0.614457 0.083842
vn 0.827975 0.560765 0.000485
vn 0.871576 0.490260 0.000000
vn 0.000000 0.558160 0.829734
vn 0.000485 0.560765 0.827975
vn 0.000000 0.490261 0.871576
vn 0.000000 0.490262 0.871575
vn -0.000485 0.560765 0.827975
vn 0.000000 0.558160 0.829734
vn 0.000000 0.490262 0.871575
vn 0.000000 0.490261 0.871576
vn -0.827981 0.560755 0.000485
vn -0.784536 0.614379 0.083916
vn -0.856696 0.512873 0.055079
vn -0.871576 0.490261 -0.000000
vn -0.055066 0.512868 0.856700
vn -0.083843 0.614457 0.784483
vn -0.000485 0.560765 0.827975
vn 0.000000 0.490261 0.871576
vn 0.000001 0.996054 0.088753
vn -0.000001 0.997699 0.067805
vn 0.000281 0.998256 -0.059033
vn 0.004801 0.999044 -0.043452
vn -0.000001 0.997699 0.067805
vn -0.000002 0.997861 0.065369
vn -0.000002 0.997981 -0.063509
vn 0.000281 0.998256 -0.059033
vn -0.000002 0.997861 0.065369
vn -0.000003 0.997717 0.067542
vn -0.000266 0.998222 -0.059608
vn -0.000002 0.997981 -0.063509
vn -0.004964 0.998955 -0.045442
vn -0.000266 0.998222 -0.059608
vn -0.000003 0.997717 0.067542
vn -0.000025 0.997214 0.074592
vn -0.057226 0.998361 -0.000025
vn 0.074604 0.997213 0.000010
vn 0.072088 0.997398 0.000008
vn -0.060145 0.998190 -0.000003
vn -0.060145 0.998190 -0.000003
vn 0.072088 0.997398 0.000008
vn 0.072022 0.997403 0.000006
vn -0.060067 0.998194 -0.000002
vn -0.060067 0.998194 -0.000002
vn 0.072022 0.997403 0.000006
vn 0.074966 0.997186 0.000005
vn -0.055471 0.998460 0.000270
vn -0.055471 0.998460 0.000270
vn 0.074966 0.997186 0.000005
vn 0.098715 0.995116 0.000004
vn -0.040268 0.999179 0.004470
vn 0.000000 1.000000 0.000000
vn 0.003187 0.999577 0.028893
vn 0.000180 0.999272 0.038142
vn 0.000000 1.000000 0.000000
vn 0.784482 0.614458 -0.083842
vn 0.511978 0.689751 -0.511979
vn 0.553372 0.622543 -0.553372
vn 0.856699 0.512869 -0.055067
vn 0.511978 0.689751 -0.511979
vn 0.083859 0.614441 -0.784494
vn 0.055068 0.512869 -0.856699
vn 0.553372 0.622543 -0.553372
vn -0.083782 0.614504 -0.784452
vn -0.510524 0.690881 -0.511907
vn -0.553374 0.622539 -0.553374
vn -0.055087 0.512876 -0.856693
vn -0.510524 0.690881 -0.511907
vn -0.782147 0.617480 -0.083458
vn -0.856680 0.512894 -0.055127
vn -0.553374 0.622539 -0.553374
vn 0.083843 0.614457 0.784483
vn 0.511978 0.689751 0.511979
vn 0.553372 0.622542 0.553372
vn 0.055067 0.512868 0.856700
vn 0.511978 0.689751 0.511979
vn 0.784482 0.614457 0.083842
vn 0.856700 0.512868 0.055067
vn 0.553372 0.622542 0.553372
vn -0.784536 0.614379 0.083916
vn -0.511978 0.689751 0.511978
vn -0.553372 0.622542 0.553372
vn -0.856696 0.512873 0.055079
vn -0.511978 0.689751 0.511978
vn -0.083843 0.614457 0.784483
vn -0.055066 0.512868 0.856700
vn -0.553372 0.622542 0.553372
vn 0.004801 0.999044 -0.043452
vn 0.017334 0.999700 -0.017334
vn 0.000001 0.996054 0.088753
vn 0.000001 0.996054 0.088753
vn 0.017334 0.999700 -0.017334
vn 0.000000 1.000000 0.000000
vn 0.000000 1.000000 0.000000
vn 0.017334 0.999700 -0.017334
vn 0.028893 0.999577 -0.003187
vn -0.000025 0.997214 0.074592
vn -0.023582 0.999435 -0.023971
vn -0.004964 0.998955 -0.045442
vn 0.028893 0.999578 0.003187
vn 0.012450 0.999845 0.012450
vn 0.000000 1.000000 0.000000
vn 0.000000 1.000000 0.000000
vn 0.012450 0.999845 0.012450
vn 0.000000 1.000000 0.000000
vn 0.000000 1.000000 0.000000
vn 0.012450 0.999845 0.012450
vn 0.003187 0.999577 0.028893
vn -0.003187 0.999577 0.028894
vn -0.016792 0.999718 0.016792
vn 0.000000 1.000000 0.000000
vn 0.000000 1.000000 0.000000
vn -0.016792 0.999718 0.016792
vn 0.098715 0.995116 0.000004
vn 0.098715 0.995116 0.000004
vn -0.016792 0.999718 0.016792
vn -0.040268 0.999179 0.004470
vn -0.043729 0.999032 -0.004684
vn 0.080021 0.996793 -0.000447
vn 0.074604 0.997213 0.000010
vn -0.057226 0.998361 -0.000025
vn -0.023582 0.999435 -0.023971
vn 0.080021 0.996793 -0.000447
vn -0.043729 0.999032 -0.004684
vn -0.000025 0.997214 0.074592
vn 0.080021 0.996793 -0.000447
vn -0.023582 0.999435 -0.023971
vn 0.000486 0.560752 -0.827983
vn 0.001437 0.866648 -0.498918
vn 0.000003 0.862810 -0.505528
vn 0.000004 0.558095 -0.829777
vn 0.001437 0.866648 -0.498918
vn 0.000281 0.998256 -0.059033
vn -0.000002 0.997981 -0.063509
vn 0.000003 0.862810 -0.505528
vn 0.000004 0.558095 -0.829777
vn 0.000003 0.862810 -0.505528
vn -0.001451 0.866068 -0.499925
vn -0.000495 0.560610 -0.828080
vn 0.000003 0.862810 -0.505528
vn -0.000002 0.997981 -0.063509
vn -0.000266 0.998222 -0.059608
vn -0.001451 0.866068 -0.499925
vn -0.000495 0.560610 -0.828080
vn -0.001451 0.866068 -0.499925
vn -0.044537 0.904100 -0.424993
vn -0.083782 0.614504 -0.784452
vn -0.001451 0.866068 -0.499925
vn -0.000266 0.998222 -0.059608
vn -0.004964 0.998955 -0.045442
vn -0.044537 0.904100 -0.424993
vn -0.827545 0.561400 -0.000308
vn -0.497541 0.867440 -0.000539
vn -0.506794 0.862067 0.000005
vn -0.829856 0.557978 0.000007
vn -0.497541 0.867440 -0.000539
vn -0.057226 0.998361 -0.000025
vn -0.060145 0.998190 -0.000003
vn -0.506794 0.862067 0.000005
vn -0.057226 0.998361 -0.000025
vn -0.497541 0.867440 -0.000539
vn -0.414810 0.908879 -0.043259
vn -0.043729 0.999032 -0.004684
vn -0.497541 0.867440 -0.000539
vn -0.827545 0.561400 -0.000308
vn -0.782147 0.617480 -0.083458
vn -0.414810 0.908879 -0.043259
vn 0.827975 0.560764 -0.000485
vn 0.498744 0.866748 -0.001436
vn 0.425295 0.903945 -0.044806
vn 0.784482 0.614458 -0.083842
vn 0.498744 0.866748 -0.001436
vn 0.038142 0.999272 -0.000180
vn 0.028893 0.999577 -0.003187
vn 0.425295 0.903945 -0.044806
vn 0.041209 0.999151 0.000000
vn 0.504848 0.863208 0.000000
vn 0.504847 0.863209 0.000000
vn 0.041209 0.999151 0.000000
vn 0.504848 0.863208 0.000000
vn 0.829735 0.558158 0.000000
vn 0.829734 0.558159 0.000000
vn 0.504847 0.863209 0.000000
vn -0.829856 0.557978 0.000007
vn -0.506794 0.862067 0.000005
vn -0.506145 0.862449 0.000004
vn -0.829815 0.558038 0.000006
vn -0.506794 0.862067 0.000005
vn -0.060145 0.998190 -0.000003
vn -0.060067 0.998194 -0.000002
vn -0.506145 0.862449 0.000004
vn 0.041209 0.999151 0.000000
vn 0.504847 0.863209 0.000000
vn 0.498743 0.866749 0.001436
vn 0.038142 0.999272 0.000180
vn 0.504847 0.863209 0.000000
vn 0.829734 0.558159 0.000000
vn 0.827975 0.560765 0.000485
vn 0.498743 0.866749 0.001436
vn -0.829815 0.558038 0.000006
vn -0.506145 0.862449 0.000004
vn -0.499009 0.866596 0.001431
vn -0.827981 0.560755 0.000485
vn -0.506145 0.862449 0.000004
vn -0.060067 0.998194 -0.000002
vn -0.055471 0.998460 0.000270
vn -0.499009 0.866596 0.001431
vn 0.038142 0.999272 0.000180
vn 0.498743 0.866749 0.001436
vn 0.425295 0.903945 0.044806
vn 0.028893 0.999578 0.003187
vn 0.498743 0.866749 0.001436
vn 0.827975 0.560765 0.000485
vn 0.784482 0.614457 0.083842
vn 0.425295 0.903945 0.044806
vn -0.827981 0.560755 0.000485
vn -0.499009 0.866596 0.001431
vn -0.425973 0.903614 0.045032
vn -0.784536 0.614379 0.083916
vn -0.499009 0.866596 0.001431
vn -0.055471 0.998460 0.000270
vn -0.040268 0.999179 0.004470
vn -0.425973 0.903614 0.045032
vn 0.000485 0.560765 0.827975
vn 0.001436 0.866749 0.498743
vn 0.044806 0.903945 0.425296
vn 0.083843 0.614457 0.784483
vn 0.001436 0.866749 0.498743
vn 0.000180 0.999272 0.038142
vn 0.003187 0.999577 0.028893
vn 0.044806 0.903945 0.425296
vn 0.000000 0.999151 0.041209
vn 0.000000 0.863209 0.504846
vn -0.001436 0.866749 0.498743
vn -0.000180 0.999272 0.038142
vn 0.000000 0.863209 0.504846
vn 0.000000 0.558160 0.829734
vn -0.000485 0.560765 0.827975
vn -0.001436 0.866749 0.498743
vn -0.000180 0.999272 0.038142
vn -0.001436 0.866749 0.498743
vn -0.044806 0.903945 0.425295
vn -0.003187 0.999577 0.028894
vn -0.001436 0.866749 0.498743
vn -0.000485 0.560765 0.827975
vn -0.083843 0.614457 0.784483
vn -0.044806 0.903945 0.425295
vn 0.784482 0.614458 -0.083842
vn 0.425295 0.903945 -0.044806
vn 0.254788 0.932827 -0.254788
vn 0.511978 0.689751 -0.511979
vn 0.425295 0.903945 -0.044806
vn 0.028893 0.999577 -0.003187
vn 0.017334 0.999700 -0.017334
vn 0.254788 0.932827 -0.254788
vn -0.083782 0.614504 -0.784452
vn -0.044537 0.904100 -0.424993
vn -0.250757 0.933907 -0.254830
vn -0.510524 0.690881 -0.511907
vn -0.044537 0.904100 -0.424993
vn -0.004964 0.998955 -0.045442
vn -0.023582 0.999435 -0.023971
vn -0.250757 0.933907 -0.254830
vn 0.083843 0.614457 0.784483
vn 0.044806 0.903945 0.425296
vn 0.254788 0.932827 0.254789
vn 0.511978 0.689751 0.511979
vn 0.044806 0.903945 0.425296
vn 0.003187 0.999577 0.028893
vn 0.012450 0.999845 0.012450
vn 0.254788 0.932827 0.254789
vn -0.784536 0.614379 0.083916
vn -0.425973 0.903614 0.045032
vn -0.254787 0.932828 0.254787
vn -0.511978 0.689751 0.511978
vn -0.425973 0.903614 0.045032
vn -0.040268 0.999179 0.004470
vn -0.016792 0.999718 0.016792
vn -0.254787 0.932828 0.254787
vn 0.004801 0.999044 -0.043452
vn 0.044862 0.903878 -0.425431
vn 0.254788 0.932827 -0.254788
vn 0.017334 0.999700 -0.017334
vn 0.044862 0.903878 -0.425431
vn 0.083859 0.614441 -0.784494
vn 0.511978 0.689751 -0.511979
vn 0.254788 0.932827 -0.254788
vn -0.043729 0.999032 -0.004684
vn -0.414810 0.908879 -0.043259
vn -0.250757 0.933907 -0.254830
vn -0.023582 0.999435 -0.023971
vn -0.414810 0.908879 -0.043259
vn -0.782147 0.617480 -0.083458
vn -0.510524 0.690881 -0.511907
vn -0.250757 0.933907 -0.254830
vn 0.028893 0.999578 0.003187
vn 0.425295 0.903945 0.044806
vn 0.254788 0.932827 0.254789
vn 0.012450 0.999845 0.012450
vn 0.425295 0.903945 0.044806
vn 0.784482 0.614457 0.083842
vn 0.511978 0.689751 0.511979
vn 0.254788 0.932827 0.254789
vn -0.003187 0.999577 0.028894
vn -0.044806 0.903945 0.425295
vn -0.254787 0.932828 0.254787
vn -0.016792 0.999718 0.016792
vn -0.044806 0.903945 0.425295
vn -0.083843 0.614457 0.784483
vn -0.511978 0.689751 0.511978
vn -0.254787 0.932828 0.254787
vn -0.918540 0.395327 0.000593
vn -0.572591 0.819832 0.003789
vn -0.569629 0.821902 0.000067
vn -0.920978 0.389616 0.000007
vn -0.572591 0.819832 0.003789
vn -0.073927 0.997263 0.000957
vn -0.052749 0.998608 0.000013
vn -0.569629 0.821902 0.000067
vn -0.918540 0.395327 0.000593
vn -0.920978 0.389616 0.000007
vn -0.935546 0.353206 0.000000
vn -0.935546 0.353206 0.000000
vn -0.920978 0.389616 0.000007
vn -0.921010 0.389538 0.000008
vn -0.935546 0.353206 -0.000000
vn -0.935546 0.353206 0.000000
vn -0.921010 0.389538 0.000008
vn -0.921024 0.389506 0.000005
vn -0.935545 0.353207 -0.000000
vn -0.935546 0.353206 -0.000000
vn -0.921024 0.389506 0.000005
vn -0.921030 0.389491 0.000002
vn -0.935545 0.353207 0.000000
vn -0.935545 0.353207 -0.000000
vn -0.921030 0.389491 0.000002
vn -0.919441 0.393227 -0.000533
vn -0.935545 0.353207 0.000000
vn -0.935545 0.353207 0.000000
vn -0.052749 0.998608 0.000013
vn -0.073927 0.997263 0.000957
vn 0.044565 0.999007 -0.000170
vn 0.060643 0.998160 -0.000009
vn -0.052749 0.998608 0.000013
vn 0.060643 0.998160 -0.000009
vn 0.060433 0.998172 -0.000007
vn -0.052622 0.998615 0.000006
vn -0.052622 0.998615 0.000006
vn 0.060433 0.998172 -0.000007
vn 0.060301 0.998180 -0.000004
vn -0.052508 0.998621 0.000004
vn -0.052508 0.998621 0.000004
vn 0.060301 0.998180 -0.000004
vn 0.060235 0.998184 -0.000001
vn -0.052449 0.998624 0.000001
vn -0.052449 0.998624 0.000001
vn 0.060235 0.998184 -0.000001
vn 0.044282 0.999019 0.000096
vn -0.070630 0.997502 -0.000871
vn -0.920978 0.389616 0.000007
vn -0.569629 0.821902 0.000067
vn -0.569463 0.822017 0.000049
vn -0.921010 0.389538 0.000008
vn -0.569629 0.821902 0.000067
vn -0.052749 0.998608 0.000013
vn -0.052622 0.998615 0.000006
vn -0.569463 0.822017 0.000049
vn -0.921010 0.389538 0.000008
vn -0.569463 0.822017 0.000049
vn -0.568942 0.822378 0.000029
vn -0.921024 0.389506 0.000005
vn -0.569463 0.822017 0.000049
vn -0.052622 0.998615 0.000006
vn -0.052508 0.998621 0.000004
vn -0.568942 0.822378 0.000029
vn -0.921024 0.389506 0.000005
vn -0.568942 0.822378 0.000029
vn -0.568669 0.822567 0.000010
vn -0.921030 0.389491 0.000002
vn -0.568942 0.822378 0.000029
vn -0.052508 0.998621 0.000004
vn -0.052449 0.998624 0.000001
vn -0.568669 0.822567 0.000010
vn -0.921030 0.389491 0.000002
vn -0.568669 0.822567 0.000010
vn -0.569113 0.822250 -0.003811
vn -0.919441 0.393227 -0.000533
vn -0.568669 0.822567 0.000010
vn -0.052449 0.998624 0.000001
vn -0.070630 0.997502 -0.000871
vn -0.569113 0.822250 -0.003811
vn -0.076471 0.997072 -0.000840
vn -0.568597 0.822608 -0.003682
vn -0.569113 0.822250 -0.003811
vn -0.070630 0.997502 -0.000871
vn -0.568597 0.822608 -0.003682
vn -0.919100 0.394024 -0.000496
vn -0.919441 0.393227 -0.000533
vn -0.569113 0.822250 -0.003811
vn -0.919100 0.394024 -0.000496
vn -0.935545 0.353207 0.000000
vn -0.935545 0.353207 0.000000
vn -0.919441 0.393227 -0.000533
vn 0.044282 0.999019 0.000096
vn 0.021795 0.999761 0.001914
vn -0.076471 0.997072 -0.000840
vn -0.070630 0.997502 -0.000871
vn -0.076471 0.997072 -0.000840
vn 0.021351 0.999690 0.012805
vn 0.009661 0.999822 0.016226
vn 0.000000 1.000000 0.000000
vn -0.076471 0.997072 -0.000840
vn 0.021795 0.999761 0.001914
vn 0.021351 0.999690 0.012805
vn -0.935546 0.353206 -0.000000
vn -0.921076 0.389383 0.000353
vn -0.918540 0.395327 0.000593
vn -0.935546 0.353206 0.000000
vn -0.921076 0.389383 0.000353
vn -0.569218 0.822178 0.003836
vn -0.572591 0.819832 0.003789
vn -0.918540 0.395327 0.000593
vn -0.569218 0.822178 0.003836
vn -0.088276 0.996096 0.001021
vn -0.073927 0.997263 0.000957
vn -0.572591 0.819832 0.003789
vn -0.088276 0.996096 0.001021
vn 0.022088 0.999749 -0.003793
vn 0.044565 0.999007 -0.000170
vn -0.073927 0.997263 0.000957
vn -0.088276 0.996096 0.001021
vn 0.014232 0.999802 -0.013887
vn 0.022088 0.999749 -0.003793
vn 0.000000 1.000000 0.000000
vn 0.000000 1.000000 0.000000
vn 0.000000 1.000000 0.000000
vn 0.000000 1.000000 0.000000
vn 0.000000 1.000000 0.000000
vn 0.000000 1.000000 0.000000
vn 0.000000 1.000000 0.000000
vn 0.000000 1.000000 0.000000
vn 0.000000 1.000000 0.000000
vn 0.000000 1.000000 0.000000
vn 0.000000 1.000000 0.000000
vn 0.000000 1.000000 0.000000
vn 0.000000 1.000000 0.000000
vn 0.000000 1.000000 0.000000
vn 0.000000 1.000000 0.000000
vn 0.000000 1.000000 0.000000
s off
g nen_dat_low:polySurface2
usemtl nen_dat_low:nen_datSG
f 6/1/1 7/2/2 18/3/3 17/4/4
f 7/2/5 8/5/6 19/6/7 18/3/8
f 8/5/9 9/7/10 20/8/11 19/6/12
f 9/7/13 10/9/14 21/10/15 20/8/16
f 10/9/17 11/11/18 22/12/19 21/10/20
f 11/11/21 12/13/22 23/14/23 22/12/24
f 12/13/25 13/15/26 24/16/27 23/14/28
f 13/15/29 14/17/30 25/18/31 24/16/32
f 14/17/33 15/19/34 26/20/35 25/18/36
f 15/19/37 16/21/38 27/22/39 26/20/40
f 17/4/41 18/3/42 29/23/43 28/24/44
f 18/3/45 19/6/46 30/25/47 29/23/48
f 19/6/49 20/8/50 31/26/51 30/25/52
f 20/8/53 21/10/54 32/27/55 31/26/56
f 21/10/57 22/12/58 33/28/59 32/27/60
f 22/12/61 23/14/62 34/29/63 33/28/64
f 23/14/65 24/16/66 35/30/67 34/29/68
f 24/16/69 25/18/70 36/31/71 35/30/72
f 25/18/73 26/20/74 37/32/75 36/31/76
f 26/20/77 27/22/78 38/33/79 37/32/80
f 28/24/81 29/23/82 40/34/83 39/35/84
f 29/23/85 30/25/86 41/36/87 40/34/88
f 30/25/89 31/26/90 42/37/91 41/36/92
f 31/26/93 32/27/94 43/38/95 42/37/96
f 32/27/97 33/28/98 44/39/99 43/38/100
f 33/28/101 34/29/102 45/40/103 44/39/104
f 34/29/105 35/30/106 46/41/107 45/40/108
f 35/30/109 36/31/110 47/42/111 46/41/112
f 36/31/113 37/32/114 48/43/115 47/42/116
f 37/32/117 38/33/118 49/44/119 48/43/120
f 39/35/121 40/34/122 51/45/123 50/46/124
f 40/34/125 41/36/126 52/47/127 51/45/128
f 41/36/129 42/37/130 53/48/131 52/47/132
f 42/37/133 43/38/134 54/49/135 53/48/136
f 43/38/137 44/39/138 55/50/139 54/49/140
f 44/39/141 45/40/142 56/51/143 55/50/144
f 45/40/145 46/41/146 57/52/147 56/51/148
f 46/41/149 47/42/150 58/53/151 57/52/152
f 47/42/153 48/43/154 59/54/155 58/53/156
f 48/43/157 49/44/158 60/55/159 59/54/160
f 50/46/161 51/45/162 62/56/163 61/57/164
f 51/45/165 52/47/166 63/58/167 62/56/168
f 52/47/169 53/48/170 64/59/171 63/58/172
f 53/48/173 54/49/174 65/60/175 64/59/176
f 54/49/177 55/50/178 66/61/179 65/60/180
f 55/50/181 56/51/182 67/62/183 66/61/184
f 56/51/185 57/52/186 68/63/187 67/62/188
f 57/52/189 58/53/190 69/64/191 68/63/192
f 58/53/193 59/54/194 70/65/195 69/64/196
f 59/54/197 60/55/198 71/66/199 70/65/200
f 61/57/201 62/56/202 73/67/203 72/68/204
f 62/56/205 63/58/206 74/69/207 73/67/208
f 63/58/209 64/59/210 75/70/211 74/69/212
f 64/59/213 65/60/214 76/71/215 75/70/216
f 65/60/217 66/61/218 77/72/219 76/71/220
f 66/61/221 67/62/222 78/73/223 77/72/224
f 67/62/225 68/63/226 79/74/227 78/73/228
f 68/63/229 69/64/230 80/75/231 79/74/232
f 69/64/233 70/65/234 81/76/235 80/75/236
f 70/65/237 71/66/238 82/77/239 81/76/240
f 72/68/241 73/67/242 84/78/243 83/79/244
f 73/67/245 74/69/246 85/80/247 84/78/248
f 74/69/249 75/70/250 86/81/251 85/80/252
f 75/70/253 76/71/254 87/82/255 86/81/256
f 76/71/257 77/72/258 88/83/259 87/82/260
f 77/72/261 78/73/262 89/84/263 88/83/264
f 78/73/265 79/74/266 90/85/267 89/84/268
f 79/74/269 80/75/270 91/86/271 90/85/272
f 80/75/273 81/76/274 92/87/275 91/86/276
f 81/76/277 82/77/278 93/88/279 92/87/280
f 83/79/281 84/78/282 95/89/283 94/90/284
f 84/78/285 85/80/286 96/91/287 95/89/288
f 85/80/289 86/81/290 97/92/291 96/91/292
f 86/81/293 87/82/294 98/93/295 97/92/296
f 87/82/297 88/83/298 99/94/299 98/93/300
f 88/83/301 89/84/302 100/95/303 99/94/304
f 89/84/305 90/85/306 101/96/307 100/95/308
f 90/85/309 91/86/310 102/97/311 101/96/312
f 91/86/313 92/87/314 103/98/315 102/97/316
f 92/87/317 93/88/318 104/99/319 103/98/320
f 94/90/321 95/89/322 111/100/323 110/101/324
f 95/89/325 96/91/326 112/102/327 111/100/328
f 96/91/329 97/92/330 113/103/331 112/102/332
f 97/92/333 98/93/334 114/104/335 113/103/336
f 98/93/337 99/94/338 115/105/339 114/104/340
f 99/94/341 100/95/342 116/106/343 115/105/344
f 100/95/345 101/96/346 117/107/347 116/106/348
f 101/96/349 102/97/350 118/108/351 117/107/352
f 102/97/353 103/98/354 119/109/355 118/108/356
f 103/98/357 104/99/358 120/110/359 119/109/360
f 105/111/361 106/112/362 122/113/363 121/114/364
f 106/112/365 107/115/366 123/116/367 122/113/368
f 107/115/369 108/117/370 124/118/371 123/116/372
f 108/117/373 109/119/374 125/120/375 124/118/376
f 109/119/377 110/101/378 126/121/379 125/120/380
f 110/101/381 111/100/382 127/122/383 126/121/384
f 111/100/385 112/102/386 128/123/387 127/122/388
f 112/102/389 113/103/390 129/124/391 128/123/392
f 113/103/393 114/104/394 130/125/395 129/124/396
f 114/104/397 115/105/398 131/126/399 130/125/400
f 115/105/401 116/106/402 132/127/403 131/126/404
f 116/106/405 117/107/406 133/128/407 132/127/408
f 117/107/409 118/108/410 134/129/411 133/128/412
f 118/108/413 119/109/414 135/130/415 134/129/416
f 119/109/417 120/110/418 136/131/419 135/130/420
f 121/114/421 122/113/422 138/132/423 137/133/424
f 122/113/425 123/116/426 139/134/427 138/132/428
f 123/116/429 124/118/430 140/135/431 139/134/432
f 124/118/433 125/120/434 141/136/435 140/135/436
f 125/120/437 126/121/438 142/137/439 141/136/440
f 126/121/441 127/122/442 143/138/443 142/137/444
f 127/122/445 128/123/446 144/139/447 143/138/448
f 128/123/449 129/124/450 145/140/451 144/139/452
f 129/124/453 130/125/454 146/141/455 145/140/456
f 130/125/457 131/126/458 147/142/459 146/141/460
f 131/126/461 132/127/462 148/143/463 147/142/464
f 132/127/465 133/128/466 149/144/467 148/143/468
f 133/128/469 134/129/470 150/145/471 149/144/472
f 134/129/473 135/130/474 151/146/475 150/145/476
f 135/130/477 136/131/478 152/147/479 151/146/480
f 137/133/481 138/132/482 154/148/483 153/149/484
f 138/132/485 139/134/486 155/150/487 154/148/488
f 139/134/489 140/135/490 156/151/491 155/150/492
f 140/135/493 141/136/494 157/152/495 156/151/496
f 141/136/497 142/137/498 158/153/499 157/152/500
f 142/137/501 143/138/502 159/154/503 158/153/504
f 143/138/505 144/139/506 160/155/507 159/154/508
f 144/139/509 145/140/510 161/156/511 160/155/512
f 145/140/513 146/141/514 162/157/515 161/156/516
f 146/141/517 147/142/518 163/158/519 162/157/520
f 147/142/521 148/143/522 164/159/523 163/158/524
f 148/143/525 149/144/526 165/160/527 164/159/528
f 149/144/529 150/145/530 166/161/531 165/160/532
f 150/145/533 151/146/534 167/162/535 166/161/536
f 151/146/537 152/147/538 168/163/539 167/162/540
f 153/149/541 154/148/542 170/164/543 169/165/544
f 154/148/545 155/150/546 171/166/547 170/164/548
f 155/150/549 156/151/550 172/167/551 171/166/552
f 156/151/553 157/152/554 173/168/555 172/167/556
f 157/152/557 158/153/558 174/169/559 173/168/560
f 158/153/561 159/154/562 175/170/563 174/169/564
f 159/154/565 160/155/566 176/171/567 175/170/568
f 160/155/569 161/156/570 177/172/571 176/171/572
f 161/156/573 162/157/574 178/173/575 177/172/576
f 162/157/577 163/158/578 179/174/579 178/173/580
f 163/158/581 164/159/582 180/175/583 179/174/584
f 164/159/585 165/160/586 181/176/587 180/175/588
f 165/160/589 166/161/590 182/177/591 181/176/592
f 166/161/593 167/162/594 183/178/595 182/177/596
f 167/162/597 168/163/598 184/179/599 183/178/600
f 5/180/601 6/1/602 17/4/603 866/181/604
f 261/182/605 262/183/606 278/184/607 277/185/608
f 262/183/609 263/186/610 279/187/611 278/184/612
f 263/186/613 264/188/614 280/189/615 279/187/616
f 264/188/617 265/190/618 281/191/619 280/189/620
f 265/190/621 266/192/622 282/193/623 281/191/624
f 266/192/625 267/194/626 283/195/627 282/193/628
f 267/194/629 268/196/630 284/197/631 283/195/632
f 268/196/633 269/198/634 285/199/635 284/197/636
f 269/198/637 270/200/638 286/201/639 285/199/640
f 270/200/641 271/202/642 287/203/643 286/201/644
f 271/202/645 272/204/646 288/205/647 287/203/648
f 272/204/649 273/206/650 289/207/651 288/205/652
f 273/206/653 274/208/654 290/209/655 289/207/656
f 274/208/657 275/210/658 291/211/659 290/209/660
f 275/210/661 276/212/662 292/213/663 291/211/664
f 277/185/665 278/184/666 294/214/667 293/215/668
f 278/184/669 279/187/670 295/216/671 294/214/672
f 279/187/673 280/189/674 296/217/675 295/216/676
f 280/189/677 281/191/678 297/218/679 296/217/680
f 281/191/681 282/193/682 298/219/683 297/218/684
f 282/193/685 283/195/686 299/220/687 298/219/688
f 283/195/689 284/197/690 300/221/691 299/220/692
f 284/197/693 285/199/694 301/222/695 300/221/696
f 285/199/697 286/201/698 302/223/699 301/222/700
f 286/201/701 287/203/702 303/224/703 302/223/704
f 287/203/705 288/205/706 304/225/707 303/224/708
f 288/205/709 289/207/710 305/226/711 304/225/712
f 289/207/713 290/209/714 306/227/715 305/226/716
f 290/209/717 291/211/718 307/228/719 306/227/720
f 291/211/721 292/213/722 308/229/723 307/228/724
f 293/215/725 294/214/726 310/230/727 309/231/728
f 294/214/729 295/216/730 311/232/731 310/230/732
f 295/216/733 296/217/734 312/233/735 311/232/736
f 296/217/737 297/218/738 313/234/739 312/233/740
f 297/218/741 298/219/742 314/235/743 313/234/744
f 298/219/745 299/220/746 315/236/747 314/235/748
f 299/220/749 300/221/750 316/237/751 315/236/752
f 300/221/753 301/222/754 317/238/755 316/237/756
f 301/222/757 302/223/758 318/239/759 317/238/760
f 302/223/761 303/224/762 319/240/763 318/239/764
f 303/224/765 304/225/766 320/241/767 319/240/768
f 304/225/769 305/226/770 321/242/771 320/241/772
f 305/226/773 306/227/774 322/243/775 321/242/776
f 306/227/777 307/228/778 323/244/779 322/243/780
f 307/228/781 308/229/782 324/245/783 323/244/784
f 309/231/785 310/230/786 326/246/787 325/247/788
f 310/230/789 311/232/790 327/248/791 326/246/792
f 311/232/793 312/233/794 328/249/795 327/248/796
f 312/233/797 313/234/798 329/250/799 328/249/800
f 313/234/801 314/235/802 330/251/803 329/250/804
f 314/235/805 315/236/806 331/252/807 330/251/808
f 315/236/809 316/237/810 332/253/811 331/252/812
f 316/237/813 317/238/814 333/254/815 332/253/816
f 317/238/817 318/239/818 334/255/819 333/254/820
f 318/239/821 319/240/822 334/255/823
f 323/244/824 324/245/825 335/256/826
f 325/247/827 326/246/828 337/257/829 336/258/830
f 326/246/831 327/248/832 338/259/833 337/257/834
f 327/248/835 328/249/836 339/260/837 338/259/838
f 328/249/839 329/250/840 340/261/841 339/260/842
f 329/250/843 330/251/844 341/262/845 340/261/846
f 330/251/847 331/252/848 342/263/849 341/262/850
f 331/252/851 332/253/852 343/264/853 342/263/854
f 332/253/855 333/254/856 344/265/857 343/264/858
f 333/254/859 334/255/860 345/266/861 344/265/862
f 336/258/863 337/257/864 348/267/865 347/268/866
f 337/257/867 338/259/868 349/269/869 348/267/870
f 338/259/871 339/260/872 350/270/873 349/269/874
f 339/260/875 340/261/876 351/271/877 350/270/878
f 340/261/879 341/262/880 352/272/881 351/271/882
f 341/262/883 342/263/884 353/273/885 352/272/886
f 342/263/887 343/264/888 354/274/889 353/273/890
f 343/264/891 344/265/892 355/275/893 354/274/894
f 344/265/895 345/266/896 356/276/897 355/275/898
f 347/268/899 348/267/900 359/277/901 358/278/902
f 348/267/903 349/269/904 360/279/905 359/277/906
f 349/269/907 350/270/908 361/280/909 360/279/910
f 350/270/911 351/271/912 362/281/913 361/280/914
f 351/271/915 352/272/916 363/282/917 362/281/918
f 352/272/919 353/273/920 364/283/921 363/282/922
f 353/273/923 354/274/924 365/284/925 364/283/926
f 354/274/927 355/275/928 366/285/929 365/284/930
f 355/275/931 356/276/932 367/286/933 366/285/934
f 358/278/935 359/277/936 370/287/937 369/288/938
f 359/277/939 360/279/940 371/289/941 370/287/942
f 360/279/943 361/280/944 372/290/945 371/289/946
f 361/280/947 362/281/948 373/291/949 372/290/950
f 362/281/951 363/282/952 374/292/953 373/291/954
f 363/282/955 364/283/956 375/293/957 374/292/958
f 364/283/959 365/284/960 376/294/961 375/293/962
f 365/284/963 366/285/964 377/295/965 376/294/966
f 366/285/967 367/286/968 378/296/969 377/295/970
f 369/288/971 370/287/972 381/297/973 380/298/974
f 370/287/975 371/289/976 382/299/977 381/297/978
f 371/289/979 372/290/980 383/300/981 382/299/982
f 372/290/983 373/291/984 384/301/985 383/300/986
f 373/291/987 374/292/988 385/302/989 384/301/990
f 374/292/991 375/293/992 386/303/993 385/302/994
f 375/293/995 376/294/996 387/304/997 386/303/998
f 376/294/999 377/295/1000 388/305/1001 387/304/1002
f 377/295/1003 378/296/1004 389/306/1005 388/305/1006
f 380/298/1007 381/297/1008 392/307/1009 391/308/1010
f 381/297/1011 382/299/1012 393/309/1013 392/307/1014
f 382/299/1015 383/300/1016 394/310/1017 393/309/1018
f 383/300/1019 384/301/1020 395/311/1021 394/310/1022
f 384/301/1023 385/302/1024 396/312/1025 395/311/1026
f 385/302/1027 386/303/1028 397/313/1029 396/312/1030
f 386/303/1031 387/304/1032 398/314/1033 397/313/1034
f 387/304/1035 388/305/1036 399/315/1037 398/314/1038
f 388/305/1039 389/306/1040 400/316/1041 399/315/1042
f 391/308/1043 392/307/1044 403/317/1045 402/318/1046
f 392/307/1047 393/309/1048 404/319/1049 403/317/1050
f 393/309/1051 394/310/1052 405/320/1053 404/319/1054
f 394/310/1055 395/311/1056 406/321/1057 405/320/1058
f 395/311/1059 396/312/1060 407/322/1061 406/321/1062
f 396/312/1063 397/313/1064 408/323/1065 407/322/1066
f 397/313/1067 398/314/1068 409/324/1069 408/323/1070
f 398/314/1071 399/315/1072 410/325/1073 409/324/1074
f 399/315/1075 400/316/1076 411/326/1077 410/325/1078
f 400/316/1079 412/327/1080 411/326/1081
f 474/328/1082 475/329/1083 478/330/1084 477/331/1085
f 475/329/1086 476/332/1087 479/333/1088 478/330/1089
f 477/331/1090 478/330/1091 481/334/1092 480/335/1093
f 478/330/1094 479/333/1095 482/336/1096 481/334/1097
f 480/335/1098 481/334/1099 484/337/1100 483/338/1101
f 481/334/1102 482/336/1103 485/339/1104 484/337/1105
f 483/338/1106 484/337/1107 487/340/1108 486/341/1109
f 484/337/1110 485/339/1111 488/342/1112 487/340/1113
f 486/341/1114 487/340/1115 490/343/1116 489/344/1117
f 487/340/1118 488/342/1119 491/345/1120 490/343/1121
f 489/344/1122 490/343/1123 493/346/1124 492/347/1125
f 490/343/1126 491/345/1127 494/348/1128 493/346/1129
f 491/345/1130 495/349/1131 494/348/1132
f 492/347/1133 493/346/1134 501/350/1135 500/351/1136
f 493/346/1137 494/348/1138 502/352/1139 501/350/1140
f 494/348/1141 495/349/1142 503/353/1143 502/352/1144
f 495/349/1145 496/354/1146 504/355/1147 503/353/1148
f 496/354/1149 497/356/1150 505/357/1151 504/355/1152
f 497/356/1153 498/358/1154 506/359/1155 505/357/1156
f 498/358/1157 499/360/1158 507/361/1159 506/359/1160
f 500/351/1161 501/350/1162 509/362/1163 508/363/1164
f 501/350/1165 502/352/1166 510/364/1167 509/362/1168
f 502/352/1169 503/353/1170 511/365/1171 510/364/1172
f 503/353/1173 504/355/1174 512/366/1175 511/365/1176
f 504/355/1177 505/357/1178 513/367/1179 512/366/1180
f 505/357/1181 506/359/1182 514/368/1183 513/367/1184
f 506/359/1185 507/361/1186 515/369/1187 514/368/1188
f 508/363/1189 509/362/1190 517/370/1191 516/371/1192
f 509/362/1193 510/364/1194 518/372/1195 517/370/1196
f 510/364/1197 511/365/1198 519/373/1199 518/372/1200
f 511/365/1201 512/366/1202 520/374/1203 519/373/1204
f 512/366/1205 513/367/1206 521/375/1207 520/374/1208
f 513/367/1209 514/368/1210 522/376/1211 521/375/1212
f 514/368/1213 515/369/1214 523/377/1215 522/376/1216
f 516/371/1217 517/370/1218 525/378/1219 524/379/1220
f 517/370/1221 518/372/1222 526/380/1223 525/378/1224
f 518/372/1225 519/373/1226 527/381/1227 526/380/1228
f 519/373/1229 520/374/1230 528/382/1231 527/381/1232
f 520/374/1233 521/375/1234 529/383/1235 528/382/1236
f 521/375/1237 522/376/1238 530/384/1239 529/383/1240
f 522/376/1241 523/377/1242 531/385/1243 530/384/1244
f 524/379/1245 525/378/1246 533/386/1247 532/387/1248
f 525/378/1249 526/380/1250 534/388/1251 533/386/1252
f 526/380/1253 527/381/1254 535/389/1255 534/388/1256
f 527/381/1257 528/382/1258 536/390/1259 535/389/1260
f 528/382/1261 529/383/1262 537/391/1263 536/390/1264
f 529/383/1265 530/384/1266 538/392/1267 537/391/1268
f 530/384/1269 531/385/1270 539/393/1271 538/392/1272
f 532/387/1273 533/386/1274 541/394/1275 540/395/1276
f 533/386/1277 534/388/1278 542/396/1279 541/394/1280
f 534/388/1281 535/389/1282 543/397/1283 542/396/1284
f 535/389/1285 536/390/1286 544/398/1287 543/397/1288
f 536/390/1289 537/391/1290 545/399/1291 544/398/1292
f 537/391/1293 538/392/1294 546/400/1295 545/399/1296
f 538/392/1297 539/393/1298 547/401/1299 546/400/1300
f 540/395/1301 541/394/1302 549/402/1303 548/403/1304
f 541/394/1305 542/396/1306 550/404/1307 549/402/1308
f 542/396/1309 543/397/1310 551/405/1311 550/404/1312
f 543/397/1313 544/398/1314 552/406/1315 551/405/1316
f 544/398/1317 545/399/1318 553/407/1319 552/406/1320
f 545/399/1321 546/400/1322 554/408/1323 553/407/1324
f 546/400/1325 547/401/1326 555/409/1327 554/408/1328
f 614/410/1329 615/411/1330 623/412/1331 622/413/1332
f 615/411/1333 616/414/1334 624/415/1335 623/412/1336
f 616/414/1337 617/416/1338 625/417/1339 624/415/1340
f 617/416/1341 618/418/1342 626/419/1343 625/417/1344
f 618/418/1345 619/420/1346 627/421/1347 626/419/1348
f 619/420/1349 620/422/1350 628/423/1351 627/421/1352
f 620/422/1353 621/424/1354 629/425/1355 628/423/1356
f 622/413/1357 623/412/1358 631/426/1359 630/427/1360
f 623/412/1361 624/415/1362 632/428/1363 631/426/1364
f 624/415/1365 625/417/1366 633/429/1367 632/428/1368
f 625/417/1369 626/419/1370 634/430/1371 633/429/1372
f 626/419/1373 627/421/1374 635/431/1375 634/430/1376
f 627/421/1377 628/423/1378 636/432/1379 635/431/1380
f 628/423/1381 629/425/1382 637/433/1383 636/432/1384
f 630/427/1385 631/426/1386 639/434/1387 638/435/1388
f 631/426/1389 632/428/1390 640/436/1391 639/434/1392
f 632/428/1393 633/429/1394 641/437/1395 640/436/1396
f 633/429/1397 634/430/1398 642/438/1399 641/437/1400
f 634/430/1401 635/431/1402 643/439/1403 642/438/1404
f 635/431/1405 636/432/1406 644/440/1407 643/439/1408
f 636/432/1409 637/433/1410 645/441/1411 644/440/1412
f 638/435/1413 639/434/1414 647/442/1415 646/443/1416
f 639/434/1417 640/436/1418 648/444/1419 647/442/1420
f 640/436/1421 641/437/1422 649/445/1423 648/444/1424
f 641/437/1425 642/438/1426 650/446/1427 649/445/1428
f 642/438/1429 643/439/1430 651/447/1431 650/446/1432
f 643/439/1433 644/440/1434 652/448/1435 651/447/1436
f 644/440/1437 645/441/1438 653/449/1439 652/448/1440
f 646/443/1441 647/442/1442 655/450/1443 654/451/1444
f 647/442/1445 648/444/1446 656/452/1447 655/450/1448
f 648/444/1449 649/445/1450 656/452/1451
f 654/451/1452 655/450/1453 658/453/1454 657/454/1455
f 655/450/1456 656/452/1457 659/455/1458 658/453/1459
f 657/454/1460 658/453/1461 661/456/1462 660/457/1463
f 658/453/1464 659/455/1465 662/458/1466 661/456/1467
f 660/457/1468 661/456/1469 664/459/1470 663/460/1471
f 661/456/1472 662/458/1473 665/461/1474 664/459/1475
f 663/460/1476 664/459/1477 667/462/1478 666/463/1479
f 664/459/1480 665/461/1481 668/464/1482 667/462/1483
f 666/463/1484 667/462/1485 670/465/1486 669/466/1487
f 667/462/1488 668/464/1489 671/467/1490 670/465/1491
f 669/466/1492 670/465/1493 673/468/1494 672/469/1495
f 670/465/1496 671/467/1497 674/470/1498 673/468/1499
f 791/471/1500 790/472/1501 793/473/1502 792/474/1503
f 790/472/1504 789/475/1505 794/476/1506 793/473/1507
f 812/477/1508 811/478/1509 814/479/1510 813/480/1511
f 811/478/1512 810/481/1513 815/482/1514 814/479/1515
f 830/483/1516 829/484/1517 832/485/1518 831/486/1519
f 829/484/1520 828/487/1521 833/488/1522 832/485/1523
f 851/489/1524 850/490/1525 853/491/1526 852/492/1527
f 850/490/1528 849/493/1529 854/494/1530 853/491/1531
f 812/477/1532 813/480/1533 107/115/1534 106/112/1535
f 813/480/1536 816/495/1537 108/117/1538 107/115/1539
f 109/119/1540 863/496/1541 94/90/1542 110/101/1543
f 789/475/1544 876/497/1545 787/498/1546 246/499/1547
f 794/476/1548 789/475/1549 246/499/1550 248/500/1551
f 797/501/1552 794/476/1553 248/500/1554 250/502/1555
f 800/503/1556 797/501/1557 250/502/1558 252/504/1559
f 803/505/1560 800/503/1561 252/504/1562 254/506/1563
f 806/507/1564 803/505/1565 254/506/1566 256/508/1567
f 810/481/1568 867/509/1569 784/510/1570 258/511/1571
f 783/512/1572 809/513/1573 806/507/1574 256/508/1575
f 815/482/1576 810/481/1577 258/511/1578 259/514/1579
f 818/515/1580 815/482/1581 259/514/1582 260/516/1583
f 776/517/1584 821/518/1585 818/515/1586 260/516/1587
f 1/519/1588 2/520/1589 822/521/1590 825/522/1591
f 2/520/1592 3/523/1593 828/487/1594 822/521/1595
f 3/523/1596 4/524/1597 833/488/1598 828/487/1599
f 4/524/1600 5/180/1601 860/525/1602 833/488/1603
f 858/526/1604 780/527/1605 245/528/1606 831/486/1607
f 245/528/1608 244/529/1609 830/483/1610 831/486/1611
f 244/529/1612 243/530/1613 824/531/1614 830/483/1615
f 243/530/1616 786/532/1617 827/533/1618 824/531/1619
f 17/4/1620 28/24/1621 834/534/1622 837/535/1623
f 28/24/1624 39/35/1625 840/536/1626 834/534/1627
f 39/35/1628 50/46/1629 843/537/1630 840/536/1631
f 50/46/1632 61/57/1633 846/538/1634 843/537/1635
f 61/57/1636 72/68/1637 849/493/1638 846/538/1639
f 72/68/1640 83/79/1641 854/494/1642 849/493/1643
f 83/79/1644 94/90/1645 857/539/1646 854/494/1647
f 855/540/1648 777/541/1649 257/542/1650 852/492/1651
f 257/542/1652 255/543/1653 851/489/1654 852/492/1655
f 255/543/1656 253/544/1657 848/545/1658 851/489/1659
f 253/544/1660 251/546/1661 845/547/1662 848/545/1663
f 251/546/1664 249/548/1665 842/549/1666 845/547/1667
f 249/548/1668 247/550/1669 836/551/1670 842/549/1671
f 247/550/1672 779/552/1673 839/553/1674 836/551/1675
f 855/540/1676 861/554/1677 775/555/1678 777/541/1679
f 861/554/1680 821/518/1681 776/517/1682 775/555/1683
f 779/552/1684 778/556/1685 864/557/1686 839/553/1687
f 778/556/1688 780/527/1689 858/526/1690 864/557/1691
f 5/180/1692 866/181/1693 860/525/1694
f 105/111/1695 869/558/1696 812/477/1697 106/112/1698
f 867/509/1699 870/559/1700 781/560/1701 784/510/1702
f 870/559/1703 873/561/1704 782/562/1705 781/560/1706
f 873/561/1707 809/513/1708 783/512/1709 782/562/1710
f 105/111/1711 872/563/1712 869/558/1713
f 876/497/1714 879/564/1715 785/565/1716 787/498/1717
f 879/564/1718 827/533/1719 786/532/1720 785/565/1721
f 1/519/1722 825/522/1723 788/566/1724 881/567/1725
f 789/475/1726 790/472/1727 877/568/1728 876/497/1729
f 790/472/1730 791/471/1731 878/569/1732 877/568/1733
f 792/474/1734 793/473/1735 796/570/1736 795/571/1737
f 793/473/1738 794/476/1739 797/501/1740 796/570/1741
f 795/571/1742 796/570/1743 799/572/1744 798/573/1745
f 796/570/1746 797/501/1747 800/503/1748 799/572/1749
f 798/573/1750 799/572/1751 802/574/1752 801/575/1753
f 799/572/1754 800/503/1755 803/505/1756 802/574/1757
f 801/575/1758 802/574/1759 805/576/1760 804/577/1761
f 802/574/1762 803/505/1763 806/507/1764 805/576/1765
f 804/577/1766 805/576/1767 808/578/1768 807/579/1769
f 805/576/1770 806/507/1771 809/513/1772 808/578/1773
f 810/481/1774 811/478/1775 868/580/1776 867/509/1777
f 811/478/1778 812/477/1779 869/558/1780 868/580/1781
f 813/480/1782 814/479/1783 817/581/1784 816/495/1785
f 814/479/1786 815/482/1787 818/515/1788 817/581/1789
f 816/495/1790 817/581/1791 820/582/1792 819/583/1793
f 817/581/1794 818/515/1795 821/518/1796 820/582/1797
f 822/521/1798 823/584/1799 826/585/1800 825/522/1801
f 823/584/1802 824/531/1803 827/533/1804 826/585/1805
f 824/531/1806 823/584/1807 829/484/1808 830/483/1809
f 823/584/1810 822/521/1811 828/487/1812 829/484/1813
f 831/486/1814 832/485/1815 859/586/1816 858/526/1817
f 832/485/1818 833/488/1819 860/525/1820 859/586/1821
f 834/534/1822 835/587/1823 838/588/1824 837/535/1825
f 835/587/1826 836/551/1827 839/553/1828 838/588/1829
f 836/551/1830 835/587/1831 841/589/1832 842/549/1833
f 835/587/1834 834/534/1835 840/536/1836 841/589/1837
f 842/549/1838 841/589/1839 844/590/1840 845/547/1841
f 841/589/1842 840/536/1843 843/537/1844 844/590/1845
f 845/547/1846 844/590/1847 847/591/1848 848/545/1849
f 844/590/1850 843/537/1851 846/538/1852 847/591/1853
f 848/545/1854 847/591/1855 850/490/1856 851/489/1857
f 847/591/1858 846/538/1859 849/493/1860 850/490/1861
f 852/492/1862 853/491/1863 856/592/1864 855/540/1865
f 853/491/1866 854/494/1867 857/539/1868 856/592/1869
f 855/540/1870 856/592/1871 862/593/1872 861/554/1873
f 856/592/1874 857/539/1875 863/496/1876 862/593/1877
f 858/526/1878 859/586/1879 865/594/1880 864/557/1881
f 859/586/1882 860/525/1883 866/181/1884 865/594/1885
f 819/583/1886 820/582/1887 862/593/1888 863/496/1889
f 820/582/1890 821/518/1891 861/554/1892 862/593/1893
f 837/535/1894 838/588/1895 865/594/1896 866/181/1897
f 838/588/1898 839/553/1899 864/557/1900 865/594/1901
f 867/509/1902 868/580/1903 871/595/1904 870/559/1905
f 868/580/1906 869/558/1907 872/563/1908 871/595/1909
f 870/559/1910 871/595/1911 874/596/1912 873/561/1913
f 871/595/1914 872/563/1915 875/597/1916 874/596/1917
f 807/579/1918 808/578/1919 874/596/1920 875/597/1921
f 808/578/1922 809/513/1923 873/561/1924 874/596/1925
f 876/497/1926 877/568/1927 880/598/1928 879/564/1929
f 877/568/1930 878/569/1931 788/566/1932 880/598/1933
f 825/522/1934 826/585/1935 880/598/1936 788/566/1937
f 826/585/1938 827/533/1939 879/564/1940 880/598/1941
f 816/495/1942 819/583/1943 109/119/1944 108/117/1945
f 857/539/1946 94/90/1947 863/496/1948
f 109/119/1949 819/583/1950 863/496/1951
f 837/535/1952 866/181/1953 17/4/1954
f 889/599/1955 888/600/1956 891/601/1957 890/602/1958
f 888/600/1959 887/603/1960 892/604/1961 891/601/1962
f 940/605/1963 939/606/1964 942/607/1965 941/608/1966
f 939/606/1967 938/609/1968 943/610/1969 942/607/1970
f 985/611/1971 984/612/1972 990/613/1973 989/614/1974
f 984/612/1975 983/615/1976 991/616/1977 990/613/1978
f 1042/617/1979 1041/618/1980 1044/619/1981 1043/620/1982
f 1041/618/1983 1040/621/1984 1045/622/1985 1044/619/1986
f 1057/623/1987 1056/624/1988 1059/625/1989 1058/626/1990
f 1056/624/1991 1055/627/1992 1060/628/1993 1059/625/1994
f 1111/629/1995 1110/630/1996 1113/631/1997 1112/632/1998
f 1110/630/1999 1109/633/2000 1114/634/2001 1113/631/2002
f 1165/635/2003 1164/636/2004 1170/637/2005 1169/638/2006
f 1164/636/2007 1163/639/2008 1171/640/2009 1170/637/2010
f 1222/641/2011 1221/642/2012 1224/643/2013 1223/644/2014
f 1221/642/2015 1220/645/2016 1225/646/2017 1224/643/2018
f 1237/647/2019 1236/648/2020 1239/649/2021 1238/650/2022
f 1236/648/2023 1235/651/2024 1240/652/2025 1239/649/2026
f 1267/653/2027 1266/654/2028 1269/655/2029 1268/656/2030
f 1266/654/2031 1265/657/2032 1270/658/2033 1269/655/2034
f 1333/659/2035 1332/660/2036 1338/661/2037 1337/662/2038
f 1332/660/2039 1331/663/2040 1339/664/2041 1338/661/2042
f 1366/665/2043 1365/666/2044 1368/667/2045 1367/668/2046
f 1365/666/2047 1364/669/2048 1369/670/2049 1368/667/2050
f 1381/671/2051 1380/672/2052 1383/673/2053 1382/674/2054
f 1380/672/2055 1379/675/2056 1384/676/2057 1383/673/2058
f 1411/677/2059 1410/678/2060 1413/679/2061 1412/680/2062
f 1410/678/2063 1409/681/2064 1414/682/2065 1413/679/2066
f 1465/683/2067 1464/684/2068 1470/685/2069 1469/686/2070
f 1464/684/2071 1463/687/2072 1471/688/2073 1470/685/2074
f 1498/689/2075 1497/690/2076 1500/691/2077 1499/692/2078
f 1497/690/2079 1496/693/2080 1501/694/2081 1500/691/2082
f 889/599/2083 890/602/2084 2/520/2085 1/519/2086
f 890/602/2087 893/695/2088 3/523/2089 2/520/2090
f 893/695/2091 896/696/2092 4/524/2093 3/523/2094
f 896/696/2095 899/697/2096 5/180/2097 4/524/2098
f 899/697/2099 902/698/2100 6/1/2101 5/180/2102
f 902/698/2103 905/699/2104 7/2/2105 6/1/2106
f 905/699/2107 908/700/2108 8/5/2109 7/2/2110
f 908/700/2111 911/701/2112 9/7/2113 8/5/2114
f 911/701/2115 914/702/2116 10/9/2117 9/7/2118
f 914/702/2119 917/703/2120 11/11/2121 10/9/2122
f 917/703/2123 920/704/2124 12/13/2125 11/11/2126
f 920/704/2127 923/705/2128 13/15/2129 12/13/2130
f 923/705/2131 926/706/2132 14/17/2133 13/15/2134
f 926/706/2135 929/707/2136 15/19/2137 14/17/2138
f 929/707/2139 932/708/2140 16/21/2141 15/19/2142
f 16/21/2143 940/605/2144 941/608/2145 27/22/2146
f 27/22/2147 941/608/2148 944/709/2149 38/33/2150
f 38/33/2151 944/709/2152 947/710/2153 49/44/2154
f 49/44/2155 947/710/2156 950/711/2157 60/55/2158
f 60/55/2159 950/711/2160 953/712/2161 71/66/2162
f 71/66/2163 953/712/2164 956/713/2165 82/77/2166
f 82/77/2167 956/713/2168 959/714/2169 93/88/2170
f 93/88/2171 959/714/2172 962/715/2173 104/99/2174
f 104/99/2175 962/715/2176 968/716/2177 120/110/2178
f 965/717/2179 105/111/2180 121/114/2181 971/718/2182
f 120/110/2183 968/716/2184 974/719/2185 136/131/2186
f 971/718/2187 121/114/2188 137/133/2189 977/720/2190
f 136/131/2191 974/719/2192 980/721/2193 152/147/2194
f 977/720/2195 137/133/2196 153/149/2197 983/615/2198
f 152/147/2199 980/721/2200 986/722/2201 168/163/2202
f 983/615/2203 153/149/2204 169/165/2205 991/616/2206
f 168/163/2207 986/722/2208 992/723/2209 184/179/2210
f 169/165/2211 170/164/2212 1001/724/2213 995/725/2214
f 170/164/2215 171/166/2216 1004/726/2217 1001/724/2218
f 171/166/2219 172/167/2220 1007/727/2221 1004/726/2222
f 172/167/2223 173/168/2224 1010/728/2225 1007/727/2226
f 173/168/2227 174/169/2228 1013/729/2229 1010/728/2230
f 174/169/2231 175/170/2232 1016/730/2233 1013/729/2234
f 175/170/2235 176/171/2236 1019/731/2237 1016/730/2238
f 176/171/2239 177/172/2240 1022/732/2241 1019/731/2242
f 177/172/2243 178/173/2244 1025/733/2245 1022/732/2246
f 178/173/2247 179/174/2248 1028/734/2249 1025/733/2250
f 179/174/2251 180/175/2252 1031/735/2253 1028/734/2254
f 180/175/2255 181/176/2256 1034/736/2257 1031/735/2258
f 181/176/2259 182/177/2260 1037/737/2261 1034/736/2262
f 182/177/2263 183/178/2264 1040/621/2265 1037/737/2266
f 183/178/2267 184/179/2268 1045/622/2269 1040/621/2270
f 887/603/2271 1505/738/2272 715/739/2273 185/740/2274
f 717/741/2275 884/742/2276 883/743/2277 186/744/2278
f 892/604/2279 887/603/2280 185/740/2281 187/745/2282
f 895/746/2283 892/604/2284 187/745/2285 188/747/2286
f 898/748/2287 895/746/2288 188/747/2289 189/749/2290
f 901/750/2291 898/748/2292 189/749/2293 190/751/2294
f 904/752/2295 901/750/2296 190/751/2297 191/753/2298
f 907/754/2299 904/752/2300 191/753/2301 192/755/2302
f 910/756/2303 907/754/2304 192/755/2305 193/757/2306
f 913/758/2307 910/756/2308 193/757/2309 194/759/2310
f 916/760/2311 913/758/2312 194/759/2313 195/761/2314
f 919/762/2315 916/760/2316 195/761/2317 196/763/2318
f 922/764/2319 919/762/2320 196/763/2321 197/765/2322
f 925/766/2323 922/764/2324 197/765/2325 198/767/2326
f 928/768/2327 925/766/2328 198/767/2329 199/769/2330
f 931/770/2331 928/768/2332 199/769/2333 200/771/2334
f 934/772/2335 931/770/2336 200/771/2337 201/773/2338
f 720/774/2339 935/775/2340 934/772/2341 201/773/2342
f 938/609/2343 1508/776/2344 718/777/2345 202/778/2346
f 943/610/2347 938/609/2348 202/778/2349 203/779/2350
f 946/780/2351 943/610/2352 203/779/2353 205/781/2354
f 949/782/2355 946/780/2356 205/781/2357 207/783/2358
f 952/784/2359 949/782/2360 207/783/2361 209/785/2362
f 955/786/2363 952/784/2364 209/785/2365 211/787/2366
f 958/788/2367 955/786/2368 211/787/2369 213/789/2370
f 961/790/2371 958/788/2372 213/789/2373 215/791/2374
f 964/792/2375 961/790/2376 215/791/2377 216/793/2378
f 970/794/2379 964/792/2380 216/793/2381 218/795/2382
f 967/796/2383 973/797/2384 219/798/2385 217/799/2386
f 976/800/2387 970/794/2388 218/795/2389 220/801/2390
f 973/797/2391 979/802/2392 221/803/2393 219/798/2394
f 982/804/2395 976/800/2396 220/801/2397 222/805/2398
f 979/802/2399 985/611/2400 223/806/2401 221/803/2402
f 988/807/2403 982/804/2404 222/805/2405 224/808/2406
f 985/611/2407 989/614/2408 225/809/2409 223/806/2410
f 994/810/2411 988/807/2412 224/808/2413 226/811/2414
f 723/812/2415 998/813/2416 997/814/2417 227/815/2418
f 989/614/2419 1511/816/2420 721/817/2421 225/809/2422
f 997/814/2423 1003/818/2424 228/819/2425 227/815/2426
f 1003/818/2427 1006/820/2428 229/821/2429 228/819/2430
f 1006/820/2431 1009/822/2432 230/823/2433 229/821/2434
f 1009/822/2435 1012/824/2436 231/825/2437 230/823/2438
f 1012/824/2439 1015/826/2440 232/827/2441 231/825/2442
f 1015/826/2443 1018/828/2444 233/829/2445 232/827/2446
f 1018/828/2447 1021/830/2448 234/831/2449 233/829/2450
f 1021/830/2451 1024/832/2452 235/833/2453 234/831/2454
f 1024/832/2455 1027/834/2456 236/835/2457 235/833/2458
f 1027/834/2459 1030/836/2460 237/837/2461 236/835/2462
f 1030/836/2463 1033/838/2464 238/839/2465 237/837/2466
f 1033/838/2467 1036/840/2468 239/841/2469 238/839/2470
f 1036/840/2471 1039/842/2472 240/843/2473 239/841/2474
f 1039/842/2475 1042/617/2476 241/844/2477 240/843/2478
f 1042/617/2479 1043/620/2480 242/845/2481 241/844/2482
f 726/846/2483 1046/847/2484 994/810/2485 226/811/2486
f 1043/620/2487 1514/848/2488 724/849/2489 242/845/2490
f 1057/623/2491 1058/626/2492 262/183/2493 261/182/2494
f 1058/626/2495 1061/850/2496 263/186/2497 262/183/2498
f 1061/850/2499 1064/851/2500 264/188/2501 263/186/2502
f 1064/851/2503 1067/852/2504 265/190/2505 264/188/2506
f 1067/852/2507 1070/853/2508 266/192/2509 265/190/2510
f 1070/853/2511 1073/854/2512 267/194/2513 266/192/2514
f 1073/854/2515 1076/855/2516 268/196/2517 267/194/2518
f 1076/855/2519 1079/856/2520 269/198/2521 268/196/2522
f 1079/856/2523 1082/857/2524 270/200/2525 269/198/2526
f 1082/857/2527 1085/858/2528 271/202/2529 270/200/2530
f 1085/858/2531 1088/859/2532 272/204/2533 271/202/2534
f 1088/859/2535 1091/860/2536 273/206/2537 272/204/2538
f 1091/860/2539 1094/861/2540 274/208/2541 273/206/2542
f 1094/861/2543 1097/862/2544 275/210/2545 274/208/2546
f 1097/862/2547 1100/863/2548 276/212/2549 275/210/2550
f 1049/864/2551 261/182/2552 277/185/2553 1106/865/2554
f 276/212/2555 1111/629/2556 1112/632/2557 292/213/2558
f 1106/865/2559 277/185/2560 293/215/2561 1115/866/2562
f 292/213/2563 1112/632/2564 1118/867/2565 308/229/2566
f 1115/866/2567 293/215/2568 309/231/2569 1121/868/2570
f 308/229/2571 1118/867/2572 1124/869/2573 324/245/2574
f 1121/868/2575 309/231/2576 325/247/2577 1127/870/2578
f 324/245/2579 1124/869/2580 1130/871/2581 335/256/2582
f 1127/870/2583 325/247/2584 336/258/2585 1133/872/2586
f 335/256/2587 1130/871/2588 1136/873/2589 346/874/2590
f 1133/872/2591 336/258/2592 347/268/2593 1139/875/2594
f 346/874/2595 1136/873/2596 1142/876/2597 357/877/2598
f 1139/875/2599 347/268/2600 358/278/2601 1145/878/2602
f 357/877/2603 1142/876/2604 1148/879/2605 368/880/2606
f 1145/878/2607 358/278/2608 369/288/2609 1151/881/2610
f 368/880/2611 1148/879/2612 1154/882/2613 379/883/2614
f 1151/881/2615 369/288/2616 380/298/2617 1157/884/2618
f 379/883/2619 1154/882/2620 1160/885/2621 390/886/2622
f 1157/884/2623 380/298/2624 391/308/2625 1163/639/2626
f 390/886/2627 1160/885/2628 1166/887/2629 401/888/2630
f 1163/639/2631 391/308/2632 402/318/2633 1171/640/2634
f 401/888/2635 1166/887/2636 1172/889/2637 417/890/2638
f 402/318/2639 403/317/2640 1181/891/2641 1175/892/2642
f 403/317/2643 404/319/2644 1184/893/2645 1181/891/2646
f 404/319/2647 405/320/2648 1187/894/2649 1184/893/2650
f 405/320/2651 406/321/2652 1190/895/2653 1187/894/2654
f 406/321/2655 407/322/2656 1193/896/2657 1190/895/2658
f 407/322/2659 408/323/2660 1196/897/2661 1193/896/2662
f 408/323/2663 409/324/2664 1199/898/2665 1196/897/2666
f 409/324/2667 410/325/2668 1202/899/2669 1199/898/2670
f 410/325/2671 411/326/2672 1205/900/2673 1202/899/2674
f 411/326/2675 412/327/2676 1208/901/2677 1205/900/2678
f 412/327/2679 413/902/2680 1211/903/2681 1208/901/2682
f 413/902/2683 414/904/2684 1214/905/2685 1211/903/2686
f 414/904/2687 415/906/2688 1217/907/2689 1214/905/2690
f 415/906/2691 416/908/2692 1220/645/2693 1217/907/2694
f 416/908/2695 417/890/2696 1225/646/2697 1220/645/2698
f 1055/627/2699 1529/909/2700 727/910/2701 418/911/2702
f 730/912/2703 1052/913/2704 1051/914/2705 419/915/2706
f 1060/628/2707 1055/627/2708 418/911/2709 420/916/2710
f 1063/917/2711 1060/628/2712 420/916/2713 421/918/2714
f 1066/919/2715 1063/917/2716 421/918/2717 422/920/2718
f 1069/921/2719 1066/919/2720 422/920/2721 423/922/2722
f 1072/923/2723 1069/921/2724 423/922/2725 424/924/2726
f 1075/925/2727 1072/923/2728 424/924/2729 425/926/2730
f 1078/927/2731 1075/925/2732 425/926/2733 426/928/2734
f 1081/929/2735 1078/927/2736 426/928/2737 427/930/2738
f 1084/931/2739 1081/929/2740 427/930/2741 428/932/2742
f 1087/933/2743 1084/931/2744 428/932/2745 429/934/2746
f 1090/935/2747 1087/933/2748 429/934/2749 430/936/2750
f 1093/937/2751 1090/935/2752 430/936/2753 431/938/2754
f 1096/939/2755 1093/937/2756 431/938/2757 432/940/2758
f 1099/941/2759 1096/939/2760 432/940/2761 433/942/2762
f 1102/943/2763 1099/941/2764 433/942/2765 434/944/2766
f 734/945/2767 1103/946/2768 1102/943/2769 434/944/2770
f 1109/633/2771 1532/947/2772 731/948/2773 435/949/2774
f 1051/914/2775 1108/950/2776 436/951/2777 419/915/2778
f 1114/634/2779 1109/633/2780 435/949/2781 437/952/2782
f 1108/950/2783 1117/953/2784 438/954/2785 436/951/2786
f 1120/955/2787 1114/634/2788 437/952/2789 439/956/2790
f 1117/953/2791 1123/957/2792 440/958/2793 438/954/2794
f 1126/959/2795 1120/955/2796 439/956/2797 441/960/2798
f 1123/957/2799 1129/961/2800 442/962/2801 440/958/2802
f 1132/963/2803 1126/959/2804 441/960/2805 443/964/2806
f 1129/961/2807 1135/965/2808 444/966/2809 442/962/2810
f 1138/967/2811 1132/963/2812 443/964/2813 445/968/2814
f 1135/965/2815 1141/969/2816 446/970/2817 444/966/2818
f 1144/971/2819 1138/967/2820 445/968/2821 447/972/2822
f 1141/969/2823 1147/973/2824 448/974/2825 446/970/2826
f 1150/975/2827 1144/971/2828 447/972/2829 449/976/2830
f 1147/973/2831 1153/977/2832 450/978/2833 448/974/2834
f 1156/979/2835 1150/975/2836 449/976/2837 451/980/2838
f 1153/977/2839 1159/981/2840 452/982/2841 450/978/2842
f 1162/983/2843 1156/979/2844 451/980/2845 453/984/2846
f 1159/981/2847 1165/635/2848 454/985/2849 452/982/2850
f 1168/986/2851 1162/983/2852 453/984/2853 455/987/2854
f 1165/635/2855 1169/638/2856 456/988/2857 454/985/2858
f 1174/989/2859 1168/986/2860 455/987/2861 457/990/2862
f 738/991/2863 1178/992/2864 1177/993/2865 458/994/2866
f 1169/638/2867 1535/995/2868 735/996/2869 456/988/2870
f 1177/993/2871 1183/997/2872 459/998/2873 458/994/2874
f 1183/997/2875 1186/999/2876 460/1000/2877 459/998/2878
f 1186/999/2879 1189/1001/2880 461/1002/2881 460/1000/2882
f 1189/1001/2883 1192/1003/2884 462/1004/2885 461/1002/2886
f 1192/1003/2887 1195/1005/2888 463/1006/2889 462/1004/2890
f 1195/1005/2891 1198/1007/2892 464/1008/2893 463/1006/2894
f 1198/1007/2895 1201/1009/2896 465/1010/2897 464/1008/2898
f 1201/1009/2899 1204/1011/2900 466/1012/2901 465/1010/2902
f 1204/1011/2903 1207/1013/2904 467/1014/2905 466/1012/2906
f 1207/1013/2907 1210/1015/2908 468/1016/2909 467/1014/2910
f 1210/1015/2911 1213/1017/2912 469/1018/2913 468/1016/2914
f 1213/1017/2915 1216/1019/2916 470/1020/2917 469/1018/2918
f 1216/1019/2919 1219/1021/2920 471/1022/2921 470/1020/2922
f 1219/1021/2923 1222/641/2924 472/1023/2925 471/1022/2926
f 1222/641/2927 1223/644/2928 473/1024/2929 472/1023/2930
f 742/1025/2931 1226/1026/2932 1174/989/2933 457/990/2934
f 1223/644/2935 1538/1027/2936 739/1028/2937 473/1024/2938
f 1237/647/2939 1238/650/2940 475/329/2941 474/328/2942
f 1238/650/2943 1241/1029/2944 476/332/2945 475/329/2946
f 1241/1029/2947 1244/1030/2948 476/332/2949
f 1229/1031/2950 474/328/2951 477/331/2952 1262/1032/2953
f 1262/1032/2954 477/331/2955 480/335/2956 1271/1033/2957
f 1271/1033/2958 480/335/2959 483/338/2960 1277/1034/2961
f 1277/1034/2962 483/338/2963 486/341/2964 1283/1035/2965
f 1283/1035/2966 486/341/2967 489/344/2968 1289/1036/2969
f 1289/1036/2970 489/344/2971 492/347/2972 1295/1037/2973
f 1295/1037/2974 492/347/2975 500/351/2976 1301/1038/2977
f 499/360/2978 1298/1039/2979 1304/1040/2980 507/361/2981
f 1301/1038/2982 500/351/2983 508/363/2984 1307/1041/2985
f 507/361/2986 1304/1040/2987 1310/1042/2988 515/369/2989
f 1307/1041/2990 508/363/2991 516/371/2992 1313/1043/2993
f 515/369/2994 1310/1042/2995 1316/1044/2996 523/377/2997
f 1313/1043/2998 516/371/2999 524/379/3000 1319/1045/3001
f 523/377/3002 1316/1044/3003 1322/1046/3004 531/385/3005
f 1319/1045/3006 524/379/3007 532/387/3008 1325/1047/3009
f 531/385/3010 1322/1046/3011 1328/1048/3012 539/393/3013
f 1325/1047/3014 532/387/3015 540/395/3016 1331/663/3017
f 539/393/3018 1328/1048/3019 1334/1049/3020 547/401/3021
f 1331/663/3022 540/395/3023 548/403/3024 1339/664/3025
f 547/401/3026 1334/1049/3027 1340/1050/3028 555/409/3029
f 548/403/3030 549/402/3031 1349/1051/3032 1343/1052/3033
f 549/402/3034 550/404/3035 1352/1053/3036 1349/1051/3037
f 550/404/3038 551/405/3039 1355/1054/3040 1352/1053/3041
f 551/405/3042 552/406/3043 1358/1055/3044 1355/1054/3045
f 552/406/3046 553/407/3047 1361/1056/3048 1358/1055/3049
f 553/407/3050 554/408/3051 1364/669/3052 1361/1056/3053
f 554/408/3054 555/409/3055 1369/670/3056 1364/669/3057
f 1235/651/3058 1565/1057/3059 743/1058/3060 556/1059/3061
f 746/1060/3062 1232/1061/3063 1231/1062/3064 557/1063/3065
f 1240/652/3066 1235/651/3067 556/1059/3068 558/1064/3069
f 1243/1065/3070 1240/652/3071 558/1064/3072 559/1066/3073
f 1246/1067/3074 1243/1065/3075 559/1066/3076 560/1068/3077
f 1249/1069/3078 1246/1067/3079 560/1068/3080 561/1070/3081
f 1252/1071/3082 1249/1069/3083 561/1070/3084 562/1072/3085
f 1255/1073/3086 1252/1071/3087 562/1072/3088 563/1074/3089
f 1258/1075/3090 1255/1073/3091 563/1074/3092 564/1076/3093
f 750/1077/3094 1259/1078/3095 1258/1075/3096 564/1076/3097
f 1265/657/3098 1568/1079/3099 747/1080/3100 565/1081/3101
f 1231/1062/3102 1264/1082/3103 566/1083/3104 557/1063/3105
f 1270/658/3106 1265/657/3107 565/1081/3108 567/1084/3109
f 1264/1082/3110 1273/1085/3111 568/1086/3112 566/1083/3113
f 1276/1087/3114 1270/658/3115 567/1084/3116 569/1088/3117
f 1273/1085/3118 1279/1089/3119 570/1090/3120 568/1086/3121
f 1282/1091/3122 1276/1087/3123 569/1088/3124 571/1092/3125
f 1279/1089/3126 1285/1093/3127 572/1094/3128 570/1090/3129
f 1288/1095/3130 1282/1091/3131 571/1092/3132 573/1096/3133
f 1285/1093/3134 1291/1097/3135 574/1098/3136 572/1094/3137
f 1294/1099/3138 1288/1095/3139 573/1096/3140 575/1100/3141
f 1291/1097/3142 1297/1101/3143 576/1102/3144 574/1098/3145
f 1300/1103/3146 1294/1099/3147 575/1100/3148 577/1104/3149
f 1297/1101/3150 1303/1105/3151 578/1106/3152 576/1102/3153
f 1306/1107/3154 1300/1103/3155 577/1104/3156 579/1108/3157
f 1303/1105/3158 1309/1109/3159 580/1110/3160 578/1106/3161
f 1312/1111/3162 1306/1107/3163 579/1108/3164 581/1112/3165
f 1309/1109/3166 1315/1113/3167 582/1114/3168 580/1110/3169
f 1318/1115/3170 1312/1111/3171 581/1112/3172 583/1116/3173
f 1315/1113/3174 1321/1117/3175 584/1118/3176 582/1114/3177
f 1324/1119/3178 1318/1115/3179 583/1116/3180 585/1120/3181
f 1321/1117/3182 1327/1121/3183 586/1122/3184 584/1118/3185
f 1330/1123/3186 1324/1119/3187 585/1120/3188 587/1124/3189
f 1327/1121/3190 1333/659/3191 588/1125/3192 586/1122/3193
f 1336/1126/3194 1330/1123/3195 587/1124/3196 589/1127/3197
f 1333/659/3198 1337/662/3199 590/1128/3200 588/1125/3201
f 1342/1129/3202 1336/1126/3203 589/1127/3204 591/1130/3205
f 754/1131/3206 1346/1132/3207 1345/1133/3208 592/1134/3209
f 1337/662/3210 1571/1135/3211 751/1136/3212 590/1128/3213
f 1345/1133/3214 1351/1137/3215 593/1138/3216 592/1134/3217
f 1351/1137/3218 1354/1139/3219 594/1140/3220 593/1138/3221
f 1354/1139/3222 1357/1141/3223 595/1142/3224 594/1140/3225
f 1357/1141/3226 1360/1143/3227 596/1144/3228 595/1142/3229
f 1360/1143/3230 1363/1145/3231 597/1146/3232 596/1144/3233
f 1363/1145/3234 1366/665/3235 598/1147/3236 597/1146/3237
f 1366/665/3238 1367/668/3239 599/1148/3240 598/1147/3241
f 758/1149/3242 1370/1150/3243 1342/1129/3244 591/1130/3245
f 1367/668/3246 1574/1151/3247 755/1152/3248 599/1148/3249
f 1381/671/3250 1382/674/3251 615/411/3252 614/410/3253
f 1382/674/3254 1385/1153/3255 616/414/3256 615/411/3257
f 1385/1153/3258 1388/1154/3259 617/416/3260 616/414/3261
f 1388/1154/3262 1391/1155/3263 618/418/3264 617/416/3265
f 1391/1155/3266 1394/1156/3267 619/420/3268 618/418/3269
f 1394/1156/3270 1397/1157/3271 620/422/3272 619/420/3273
f 1397/1157/3274 1400/1158/3275 621/424/3276 620/422/3277
f 1373/1159/3278 614/410/3279 622/413/3280 1406/1160/3281
f 621/424/3282 1411/677/3283 1412/680/3284 629/425/3285
f 1406/1160/3286 622/413/3287 630/427/3288 1415/1161/3289
f 629/425/3290 1412/680/3291 1418/1162/3292 637/433/3293
f 1415/1161/3294 630/427/3295 638/435/3296 1421/1163/3297
f 637/433/3298 1418/1162/3299 1424/1164/3300 645/441/3301
f 1421/1163/3302 638/435/3303 646/443/3304 1427/1165/3305
f 645/441/3306 1424/1164/3307 1430/1166/3308 653/449/3309
f 1427/1165/3310 646/443/3311 654/451/3312 1433/1167/3313
f 653/449/3314 1430/1166/3315 1436/1168/3316
f 1433/1167/3317 654/451/3318 657/454/3319 1439/1169/3320
f 1439/1169/3321 657/454/3322 660/457/3323 1445/1170/3324
f 1445/1170/3325 660/457/3326 663/460/3327 1451/1171/3328
f 1451/1171/3329 663/460/3330 666/463/3331 1457/1172/3332
f 1457/1172/3333 666/463/3334 669/466/3335 1463/687/3336
f 1463/687/3337 669/466/3338 672/469/3339 1471/688/3340
f 672/469/3341 673/468/3342 1481/1173/3343 1475/1174/3344
f 673/468/3345 674/470/3346 1484/1175/3347 1481/1173/3348
f 674/470/3349 1487/1176/3350 1484/1175/3351
f 1379/675/3352 1601/1177/3353 759/1178/3354 675/1179/3355
f 762/1180/3356 1376/1181/3357 1375/1182/3358 676/1183/3359
f 1384/676/3360 1379/675/3361 675/1179/3362 677/1184/3363
f 1387/1185/3364 1384/676/3365 677/1184/3366 678/1186/3367
f 1390/1187/3368 1387/1185/3369 678/1186/3370 679/1188/3371
f 1393/1189/3372 1390/1187/3373 679/1188/3374 680/1190/3375
f 1396/1191/3376 1393/1189/3377 680/1190/3378 681/1192/3379
f 1399/1193/3380 1396/1191/3381 681/1192/3382 682/1194/3383
f 1402/1195/3384 1399/1193/3385 682/1194/3386 683/1196/3387
f 766/1197/3388 1403/1198/3389 1402/1195/3390 683/1196/3391
f 1409/681/3392 1604/1199/3393 763/1200/3394 684/1201/3395
f 1375/1182/3396 1408/1202/3397 685/1203/3398 676/1183/3399
f 1414/682/3400 1409/681/3401 684/1201/3402 686/1204/3403
f 1408/1202/3404 1417/1205/3405 687/1206/3406 685/1203/3407
f 1420/1207/3408 1414/682/3409 686/1204/3410 688/1208/3411
f 1417/1205/3412 1423/1209/3413 689/1210/3414 687/1206/3415
f 1426/1211/3416 1420/1207/3417 688/1208/3418 690/1212/3419
f 1423/1209/3420 1429/1213/3421 691/1214/3422 689/1210/3423
f 1432/1215/3424 1426/1211/3425 690/1212/3426 692/1216/3427
f 1429/1213/3428 1435/1217/3429 693/1218/3430 691/1214/3431
f 1438/1219/3432 1432/1215/3433 692/1216/3434 694/1220/3435
f 1435/1217/3436 1441/1221/3437 695/1222/3438 693/1218/3439
f 1444/1223/3440 1438/1219/3441 694/1220/3442 696/1224/3443
f 1441/1221/3444 1447/1225/3445 697/1226/3446 695/1222/3447
f 1450/1227/3448 1444/1223/3449 696/1224/3450 698/1228/3451
f 1447/1225/3452 1453/1229/3453 699/1230/3454 697/1226/3455
f 1456/1231/3456 1450/1227/3457 698/1228/3458 700/1232/3459
f 1453/1229/3460 1459/1233/3461 701/1234/3462 699/1230/3463
f 1462/1235/3464 1456/1231/3465 700/1232/3466 702/1236/3467
f 1459/1233/3468 1465/683/3469 703/1237/3470 701/1234/3471
f 1468/1238/3472 1462/1235/3473 702/1236/3474 704/1239/3475
f 1465/683/3476 1469/686/3477 705/1240/3478 703/1237/3479
f 1474/1241/3480 1468/1238/3481 704/1239/3482 706/1242/3483
f 770/1243/3484 1478/1244/3485 1477/1245/3486 707/1246/3487
f 1469/686/3488 1607/1247/3489 767/1248/3490 705/1240/3491
f 1477/1245/3492 1483/1249/3493 708/1250/3494 707/1246/3495
f 1483/1249/3496 1486/1251/3497 709/1252/3498 708/1250/3499
f 1486/1251/3500 1489/1253/3501 710/1254/3502 709/1252/3503
f 1489/1253/3504 1492/1255/3505 711/1256/3506 710/1254/3507
f 1492/1255/3508 1495/1257/3509 712/1258/3510 711/1256/3511
f 1495/1257/3512 1498/689/3513 713/1259/3514 712/1258/3515
f 1498/689/3516 1499/692/3517 714/1260/3518 713/1259/3519
f 774/1261/3520 1502/1262/3521 1474/1241/3522 706/1242/3523
f 1499/692/3524 1610/1263/3525 771/1264/3526 714/1260/3527
f 1505/738/3528 1517/1265/3529 716/1266/3530 715/739/3531
f 1517/1265/3532 884/742/3533 717/741/3534 716/1266/3535
f 1508/776/3536 1520/1267/3537 719/1268/3538 718/777/3539
f 1520/1267/3540 935/775/3541 720/774/3542 719/1268/3543
f 1511/816/3544 1523/1269/3545 722/1270/3546 721/817/3547
f 1523/1269/3548 998/813/3549 723/812/3550 722/1270/3551
f 1514/848/3552 1526/1271/3553 725/1272/3554 724/849/3555
f 1526/1271/3556 1046/847/3557 726/846/3558 725/1272/3559
f 1529/909/3560 1541/1273/3561 728/1274/3562 727/910/3563
f 1541/1273/3564 1544/1275/3565 729/1276/3566 728/1274/3567
f 1544/1275/3568 1052/913/3569 730/912/3570 729/1276/3571
f 1532/947/3572 1547/1277/3573 732/1278/3574 731/948/3575
f 1547/1277/3576 1550/1279/3577 733/1280/3578 732/1278/3579
f 1550/1279/3580 1103/946/3581 734/945/3582 733/1280/3583
f 1535/995/3584 1553/1281/3585 736/1282/3586 735/996/3587
f 1553/1281/3588 1556/1283/3589 737/1284/3590 736/1282/3591
f 1556/1283/3592 1178/992/3593 738/991/3594 737/1284/3595
f 1538/1027/3596 1559/1285/3597 740/1286/3598 739/1028/3599
f 1559/1285/3600 1562/1287/3601 741/1288/3602 740/1286/3603
f 1562/1287/3604 1226/1026/3605 742/1025/3606 741/1288/3607
f 1565/1057/3608 1577/1289/3609 744/1290/3610 743/1058/3611
f 1577/1289/3612 1580/1291/3613 745/1292/3614 744/1290/3615
f 1580/1291/3616 1232/1061/3617 746/1060/3618 745/1292/3619
f 1568/1079/3620 1583/1293/3621 748/1294/3622 747/1080/3623
f 1583/1293/3624 1586/1295/3625 749/1296/3626 748/1294/3627
f 1586/1295/3628 1259/1078/3629 750/1077/3630 749/1296/3631
f 1571/1135/3632 1589/1297/3633 752/1298/3634 751/1136/3635
f 1589/1297/3636 1592/1299/3637 753/1300/3638 752/1298/3639
f 1592/1299/3640 1346/1132/3641 754/1131/3642 753/1300/3643
f 1574/1151/3644 1595/1301/3645 756/1302/3646 755/1152/3647
f 1595/1301/3648 1598/1303/3649 757/1304/3650 756/1302/3651
f 1598/1303/3652 1370/1150/3653 758/1149/3654 757/1304/3655
f 548/403/3656 1591/1305/3657 1573/1306/3658
f 1601/1177/3659 1613/1307/3660 760/1308/3661 759/1178/3662
f 1613/1307/3663 1616/1309/3664 761/1310/3665 760/1308/3666
f 1616/1309/3667 1376/1181/3668 762/1180/3669 761/1310/3670
f 1604/1199/3671 1619/1311/3672 764/1312/3673 763/1200/3674
f 1619/1311/3675 1622/1313/3676 765/1314/3677 764/1312/3678
f 1622/1313/3679 1403/1198/3680 766/1197/3681 765/1314/3682
f 1607/1247/3683 1625/1315/3684 768/1316/3685 767/1248/3686
f 1625/1315/3687 1628/1317/3688 769/1318/3689 768/1316/3690
f 1628/1317/3691 1478/1244/3692 770/1243/3693 769/1318/3694
f 1610/1263/3695 1631/1319/3696 772/1320/3697 771/1264/3698
f 1631/1319/3699 1634/1321/3700 773/1322/3701 772/1320/3702
f 1634/1321/3703 1502/1262/3704 774/1261/3705 773/1322/3706
f 1594/1323/3707 548/403/3708 1348/1324/3709
f 548/403/3710 1573/1306/3711 1339/664/3712
f 1348/1324/3713 548/403/3714 1343/1052/3715
f 1594/1323/3716 1591/1305/3717 548/403/3718
f 1528/1325/3719 1516/1326/3720 184/179/3721
f 184/179/3722 1516/1326/3723 1045/622/3724
f 1048/1327/3725 184/179/3726 992/723/3727
f 1528/1325/3728 184/179/3729 1048/1327/3730
f 1522/1328/3731 1510/1329/3732 16/21/3733
f 16/21/3734 1510/1329/3735 940/605/3736
f 937/1330/3737 16/21/3738 932/708/3739
f 1522/1328/3740 16/21/3741 937/1330/3742
f 1582/1331/3743 1579/1332/3744 474/328/3745
f 474/328/3746 1579/1332/3747 1567/1333/3748
f 474/328/3749 1567/1333/3750 1237/647/3751
f 1234/1334/3752 474/328/3753 1229/1031/3754
f 1582/1331/3755 474/328/3756 1234/1334/3757
f 1600/1335/3758 1597/1336/3759 555/409/3760
f 555/409/3761 1597/1336/3762 1576/1337/3763
f 555/409/3764 1576/1337/3765 1369/670/3766
f 1372/1338/3767 555/409/3768 1340/1050/3769
f 1600/1335/3770 555/409/3771 1372/1338/3772
f 1519/1339/3773 1507/1340/3774 1/519/3775
f 1/519/3776 1507/1340/3777 889/599/3778
f 886/1341/3779 1/519/3780 881/567/3781
f 1519/1339/3782 1/519/3783 886/1341/3784
f 1525/1342/3785 1513/1343/3786 169/165/3787
f 169/165/3788 1513/1343/3789 991/616/3790
f 1000/1344/3791 169/165/3792 995/725/3793
f 1525/1342/3794 169/165/3795 1000/1344/3796
f 1558/1345/3797 1555/1346/3798 402/318/3799
f 402/318/3800 1555/1346/3801 1537/1347/3802
f 402/318/3803 1537/1347/3804 1171/640/3805
f 1180/1348/3806 402/318/3807 1175/892/3808
f 1558/1345/3809 402/318/3810 1180/1348/3811
f 1564/1349/3812 1561/1350/3813 417/890/3814
f 417/890/3815 1561/1350/3816 1540/1351/3817
f 417/890/3818 1540/1351/3819 1225/646/3820
f 1228/1352/3821 417/890/3822 1172/889/3823
f 1564/1349/3824 417/890/3825 1228/1352/3826
f 1552/1353/3827 1549/1354/3828 276/212/3829
f 276/212/3830 1549/1354/3831 1534/1355/3832
f 276/212/3833 1534/1355/3834 1111/629/3835
f 1105/1356/3836 276/212/3837 1100/863/3838
f 1552/1353/3839 276/212/3840 1105/1356/3841
f 1618/1357/3842 1615/1358/3843 614/410/3844
f 614/410/3845 1615/1358/3846 1603/1359/3847
f 614/410/3848 1603/1359/3849 1381/671/3850
f 1378/1360/3851 614/410/3852 1373/1159/3853
f 1618/1357/3854 614/410/3855 1378/1360/3856
f 1624/1361/3857 1621/1362/3858 621/424/3859
f 621/424/3860 1621/1362/3861 1606/1363/3862
f 621/424/3863 1606/1363/3864 1411/677/3865
f 1405/1364/3866 621/424/3867 1400/1158/3868
f 1624/1361/3869 621/424/3870 1405/1364/3871
f 1630/1365/3872 1627/1366/3873 672/469/3874
f 672/469/3875 1627/1366/3876 1609/1367/3877
f 672/469/3878 1609/1367/3879 1471/688/3880
f 1480/1368/3881 672/469/3882 1475/1174/3883
f 1630/1365/3884 672/469/3885 1480/1368/3886
f 1546/1369/3887 1543/1370/3888 261/182/3889
f 261/182/3890 1543/1370/3891 1531/1371/3892
f 261/182/3893 1531/1371/3894 1057/623/3895
f 1054/1372/3896 261/182/3897 1049/864/3898
f 1546/1369/3899 261/182/3900 1054/1372/3901
f 881/567/3902 882/1373/3903 885/1374/3904 886/1341/3905
f 882/1373/3906 883/743/3907 884/742/3908 885/1374/3909
f 887/603/3910 888/600/3911 1506/1375/3912 1505/738/3913
f 888/600/3914 889/599/3915 1507/1340/3916 1506/1375/3917
f 890/602/3918 891/601/3919 894/1376/3920 893/695/3921
f 891/601/3922 892/604/3923 895/746/3924 894/1376/3925
f 893/695/3926 894/1376/3927 897/1377/3928 896/696/3929
f 894/1376/3930 895/746/3931 898/748/3932 897/1377/3933
f 896/696/3934 897/1377/3935 900/1378/3936 899/697/3937
f 897/1377/3938 898/748/3939 901/750/3940 900/1378/3941
f 899/697/3942 900/1378/3943 903/1379/3944 902/698/3945
f 900/1378/3946 901/750/3947 904/752/3948 903/1379/3949
f 902/698/3950 903/1379/3951 906/1380/3952 905/699/3953
f 903/1379/3954 904/752/3955 907/754/3956 906/1380/3957
f 905/699/3958 906/1380/3959 909/1381/3960 908/700/3961
f 906/1380/3962 907/754/3963 910/756/3964 909/1381/3965
f 908/700/3966 909/1381/3967 912/1382/3968 911/701/3969
f 909/1381/3970 910/756/3971 913/758/3972 912/1382/3973
f 911/701/3974 912/1382/3975 915/1383/3976 914/702/3977
f 912/1382/3978 913/758/3979 916/760/3980 915/1383/3981
f 914/702/3982 915/1383/3983 918/1384/3984 917/703/3985
f 915/1383/3986 916/760/3987 919/762/3988 918/1384/3989
f 917/703/3990 918/1384/3991 921/1385/3992 920/704/3993
f 918/1384/3994 919/762/3995 922/764/3996 921/1385/3997
f 920/704/3998 921/1385/3999 924/1386/4000 923/705/4001
f 921/1385/4002 922/764/4003 925/766/4004 924/1386/4005
f 923/705/4006 924/1386/4007 927/1387/4008 926/706/4009
f 924/1386/4010 925/766/4011 928/768/4012 927/1387/4013
f 926/706/4014 927/1387/4015 930/1388/4016 929/707/4017
f 927/1387/4018 928/768/4019 931/770/4020 930/1388/4021
f 929/707/4022 930/1388/4023 933/1389/4024 932/708/4025
f 930/1388/4026 931/770/4027 934/772/4028 933/1389/4029
f 932/708/4030 933/1389/4031 936/1390/4032 937/1330/4033
f 933/1389/4034 934/772/4035 935/775/4036 936/1390/4037
f 938/609/4038 939/606/4039 1509/1391/4040 1508/776/4041
f 939/606/4042 940/605/4043 1510/1329/4044 1509/1391/4045
f 941/608/4046 942/607/4047 945/1392/4048 944/709/4049
f 942/607/4050 943/610/4051 946/780/4052 945/1392/4053
f 944/709/4054 945/1392/4055 948/1393/4056 947/710/4057
f 945/1392/4058 946/780/4059 949/782/4060 948/1393/4061
f 947/710/4062 948/1393/4063 951/1394/4064 950/711/4065
f 948/1393/4066 949/782/4067 952/784/4068 951/1394/4069
f 950/711/4070 951/1394/4071 954/1395/4072 953/712/4073
f 951/1394/4074 952/784/4075 955/786/4076 954/1395/4077
f 953/712/4078 954/1395/4079 957/1396/4080 956/713/4081
f 954/1395/4082 955/786/4083 958/788/4084 957/1396/4085
f 956/713/4086 957/1396/4087 960/1397/4088 959/714/4089
f 957/1396/4090 958/788/4091 961/790/4092 960/1397/4093
f 959/714/4094 960/1397/4095 963/1398/4096 962/715/4097
f 960/1397/4098 961/790/4099 964/792/4100 963/1398/4101
f 962/715/4102 963/1398/4103 969/1399/4104 968/716/4105
f 963/1398/4106 964/792/4107 970/794/4108 969/1399/4109
f 968/716/4110 969/1399/4111 975/1400/4112 974/719/4113
f 969/1399/4114 970/794/4115 976/800/4116 975/1400/4117
f 967/796/4118 966/1401/4119 972/1402/4120 973/797/4121
f 966/1401/4122 965/717/4123 971/718/4124 972/1402/4125
f 974/719/4126 975/1400/4127 981/1403/4128 980/721/4129
f 975/1400/4130 976/800/4131 982/804/4132 981/1403/4133
f 973/797/4134 972/1402/4135 978/1404/4136 979/802/4137
f 972/1402/4138 971/718/4139 977/720/4140 978/1404/4141
f 980/721/4142 981/1403/4143 987/1405/4144 986/722/4145
f 981/1403/4146 982/804/4147 988/807/4148 987/1405/4149
f 979/802/4150 978/1404/4151 984/612/4152 985/611/4153
f 978/1404/4154 977/720/4155 983/615/4156 984/612/4157
f 986/722/4158 987/1405/4159 993/1406/4160 992/723/4161
f 987/1405/4162 988/807/4163 994/810/4164 993/1406/4165
f 989/614/4166 990/613/4167 1512/1407/4168 1511/816/4169
f 990/613/4170 991/616/4171 1513/1343/4172 1512/1407/4173
f 995/725/4174 996/1408/4175 999/1409/4176 1000/1344/4177
f 996/1408/4178 997/814/4179 998/813/4180 999/1409/4181
f 997/814/4182 996/1408/4183 1002/1410/4184 1003/818/4185
f 996/1408/4186 995/725/4187 1001/724/4188 1002/1410/4189
f 1003/818/4190 1002/1410/4191 1005/1411/4192 1006/820/4193
f 1002/1410/4194 1001/724/4195 1004/726/4196 1005/1411/4197
f 1006/820/4198 1005/1411/4199 1008/1412/4200 1009/822/4201
f 1005/1411/4202 1004/726/4203 1007/727/4204 1008/1412/4205
f 1009/822/4206 1008/1412/4207 1011/1413/4208 1012/824/4209
f 1008/1412/4210 1007/727/4211 1010/728/4212 1011/1413/4213
f 1012/824/4214 1011/1413/4215 1014/1414/4216 1015/826/4217
f 1011/1413/4218 1010/728/4219 1013/729/4220 1014/1414/4221
f 1015/826/4222 1014/1414/4223 1017/1415/4224 1018/828/4225
f 1014/1414/4226 1013/729/4227 1016/730/4228 1017/1415/4229
f 1018/828/4230 1017/1415/4231 1020/1416/4232 1021/830/4233
f 1017/1415/4234 1016/730/4235 1019/731/4236 1020/1416/4237
f 1021/830/4238 1020/1416/4239 1023/1417/4240 1024/832/4241
f 1020/1416/4242 1019/731/4243 1022/732/4244 1023/1417/4245
f 1024/832/4246 1023/1417/4247 1026/1418/4248 1027/834/4249
f 1023/1417/4250 1022/732/4251 1025/733/4252 1026/1418/4253
f 1027/834/4254 1026/1418/4255 1029/1419/4256 1030/836/4257
f 1026/1418/4258 1025/733/4259 1028/734/4260 1029/1419/4261
f 1030/836/4262 1029/1419/4263 1032/1420/4264 1033/838/4265
f 1029/1419/4266 1028/734/4267 1031/735/4268 1032/1420/4269
f 1033/838/4270 1032/1420/4271 1035/1421/4272 1036/840/4273
f 1032/1420/4274 1031/735/4275 1034/736/4276 1035/1421/4277
f 1036/840/4278 1035/1421/4279 1038/1422/4280 1039/842/4281
f 1035/1421/4282 1034/736/4283 1037/737/4284 1038/1422/4285
f 1039/842/4286 1038/1422/4287 1041/618/4288 1042/617/4289
f 1038/1422/4290 1037/737/4291 1040/621/4292 1041/618/4293
f 1043/620/4294 1044/619/4295 1515/1423/4296 1514/848/4297
f 1044/619/4298 1045/622/4299 1516/1326/4300 1515/1423/4301
f 992/723/4302 993/1406/4303 1047/1424/4304 1048/1327/4305
f 993/1406/4306 994/810/4307 1046/847/4308 1047/1424/4309
f 1049/864/4310 1050/1425/4311 1053/1426/4312 1054/1372/4313
f 1050/1425/4314 1051/914/4315 1052/913/4316 1053/1426/4317
f 1055/627/4318 1056/624/4319 1530/1427/4320 1529/909/4321
f 1056/624/4322 1057/623/4323 1531/1371/4324 1530/1427/4325
f 1058/626/4326 1059/625/4327 1062/1428/4328 1061/850/4329
f 1059/625/4330 1060/628/4331 1063/917/4332 1062/1428/4333
f 1061/850/4334 1062/1428/4335 1065/1429/4336 1064/851/4337
f 1062/1428/4338 1063/917/4339 1066/919/4340 1065/1429/4341
f 1064/851/4342 1065/1429/4343 1068/1430/4344 1067/852/4345
f 1065/1429/4346 1066/919/4347 1069/921/4348 1068/1430/4349
f 1067/852/4350 1068/1430/4351 1071/1431/4352 1070/853/4353
f 1068/1430/4354 1069/921/4355 1072/923/4356 1071/1431/4357
f 1070/853/4358 1071/1431/4359 1074/1432/4360 1073/854/4361
f 1071/1431/4362 1072/923/4363 1075/925/4364 1074/1432/4365
f 1073/854/4366 1074/1432/4367 1077/1433/4368 1076/855/4369
f 1074/1432/4370 1075/925/4371 1078/927/4372 1077/1433/4373
f 1076/855/4374 1077/1433/4375 1080/1434/4376 1079/856/4377
f 1077/1433/4378 1078/927/4379 1081/929/4380 1080/1434/4381
f 1079/856/4382 1080/1434/4383 1083/1435/4384 1082/857/4385
f 1080/1434/4386 1081/929/4387 1084/931/4388 1083/1435/4389
f 1082/857/4390 1083/1435/4391 1086/1436/4392 1085/858/4393
f 1083/1435/4394 1084/931/4395 1087/933/4396 1086/1436/4397
f 1085/858/4398 1086/1436/4399 1089/1437/4400 1088/859/4401
f 1086/1436/4402 1087/933/4403 1090/935/4404 1089/1437/4405
f 1088/859/4406 1089/1437/4407 1092/1438/4408 1091/860/4409
f 1089/1437/4410 1090/935/4411 1093/937/4412 1092/1438/4413
f 1091/860/4414 1092/1438/4415 1095/1439/4416 1094/861/4417
f 1092/1438/4418 1093/937/4419 1096/939/4420 1095/1439/4421
f 1094/861/4422 1095/1439/4423 1098/1440/4424 1097/862/4425
f 1095/1439/4426 1096/939/4427 1099/941/4428 1098/1440/4429
f 1097/862/4430 1098/1440/4431 1101/1441/4432 1100/863/4433
f 1098/1440/4434 1099/941/4435 1102/943/4436 1101/1441/4437
f 1100/863/4438 1101/1441/4439 1104/1442/4440 1105/1356/4441
f 1101/1441/4442 1102/943/4443 1103/946/4444 1104/1442/4445
f 1051/914/4446 1050/1425/4447 1107/1443/4448 1108/950/4449
f 1050/1425/4450 1049/864/4451 1106/865/4452 1107/1443/4453
f 1109/633/4454 1110/630/4455 1533/1444/4456 1532/947/4457
f 1110/630/4458 1111/629/4459 1534/1355/4460 1533/1444/4461
f 1112/632/4462 1113/631/4463 1119/1445/4464 1118/867/4465
f 1113/631/4466 1114/634/4467 1120/955/4468 1119/1445/4469
f 1108/950/4470 1107/1443/4471 1116/1446/4472 1117/953/4473
f 1107/1443/4474 1106/865/4475 1115/866/4476 1116/1446/4477
f 1118/867/4478 1119/1445/4479 1125/1447/4480 1124/869/4481
f 1119/1445/4482 1120/955/4483 1126/959/4484 1125/1447/4485
f 1117/953/4486 1116/1446/4487 1122/1448/4488 1123/957/4489
f 1116/1446/4490 1115/866/4491 1121/868/4492 1122/1448/4493
f 1124/869/4494 1125/1447/4495 1131/1449/4496 1130/871/4497
f 1125/1447/4498 1126/959/4499 1132/963/4500 1131/1449/4501
f 1123/957/4502 1122/1448/4503 1128/1450/4504 1129/961/4505
f 1122/1448/4506 1121/868/4507 1127/870/4508 1128/1450/4509
f 1130/871/4510 1131/1449/4511 1137/1451/4512 1136/873/4513
f 1131/1449/4514 1132/963/4515 1138/967/4516 1137/1451/4517
f 1129/961/4518 1128/1450/4519 1134/1452/4520 1135/965/4521
f 1128/1450/4522 1127/870/4523 1133/872/4524 1134/1452/4525
f 1136/873/4526 1137/1451/4527 1143/1453/4528 1142/876/4529
f 1137/1451/4530 1138/967/4531 1144/971/4532 1143/1453/4533
f 1135/965/4534 1134/1452/4535 1140/1454/4536 1141/969/4537
f 1134/1452/4538 1133/872/4539 1139/875/4540 1140/1454/4541
f 1142/876/4542 1143/1453/4543 1149/1455/4544 1148/879/4545
f 1143/1453/4546 1144/971/4547 1150/975/4548 1149/1455/4549
f 1141/969/4550 1140/1454/4551 1146/1456/4552 1147/973/4553
f 1140/1454/4554 1139/875/4555 1145/878/4556 1146/1456/4557
f 1148/879/4558 1149/1455/4559 1155/1457/4560 1154/882/4561
f 1149/1455/4562 1150/975/4563 1156/979/4564 1155/1457/4565
f 1147/973/4566 1146/1456/4567 1152/1458/4568 1153/977/4569
f 1146/1456/4570 1145/878/4571 1151/881/4572 1152/1458/4573
f 1154/882/4574 1155/1457/4575 1161/1459/4576 1160/885/4577
f 1155/1457/4578 1156/979/4579 1162/983/4580 1161/1459/4581
f 1153/977/4582 1152/1458/4583 1158/1460/4584 1159/981/4585
f 1152/1458/4586 1151/881/4587 1157/884/4588 1158/1460/4589
f 1160/885/4590 1161/1459/4591 1167/1461/4592 1166/887/4593
f 1161/1459/4594 1162/983/4595 1168/986/4596 1167/1461/4597
f 1159/981/4598 1158/1460/4599 1164/636/4600 1165/635/4601
f 1158/1460/4602 1157/884/4603 1163/639/4604 1164/636/4605
f 1166/887/4606 1167/1461/4607 1173/1462/4608 1172/889/4609
f 1167/1461/4610 1168/986/4611 1174/989/4612 1173/1462/4613
f 1169/638/4614 1170/637/4615 1536/1463/4616 1535/995/4617
f 1170/637/4618 1171/640/4619 1537/1347/4620 1536/1463/4621
f 1175/892/4622 1176/1464/4623 1179/1465/4624 1180/1348/4625
f 1176/1464/4626 1177/993/4627 1178/992/4628 1179/1465/4629
f 1177/993/4630 1176/1464/4631 1182/1466/4632 1183/997/4633
f 1176/1464/4634 1175/892/4635 1181/891/4636 1182/1466/4637
f 1183/997/4638 1182/1466/4639 1185/1467/4640 1186/999/4641
f 1182/1466/4642 1181/891/4643 1184/893/4644 1185/1467/4645
f 1186/999/4646 1185/1467/4647 1188/1468/4648 1189/1001/4649
f 1185/1467/4650 1184/893/4651 1187/894/4652 1188/1468/4653
f 1189/1001/4654 1188/1468/4655 1191/1469/4656 1192/1003/4657
f 1188/1468/4658 1187/894/4659 1190/895/4660 1191/1469/4661
f 1192/1003/4662 1191/1469/4663 1194/1470/4664 1195/1005/4665
f 1191/1469/4666 1190/895/4667 1193/896/4668 1194/1470/4669
f 1195/1005/4670 1194/1470/4671 1197/1471/4672 1198/1007/4673
f 1194/1470/4674 1193/896/4675 1196/897/4676 1197/1471/4677
f 1198/1007/4678 1197/1471/4679 1200/1472/4680 1201/1009/4681
f 1197/1471/4682 1196/897/4683 1199/898/4684 1200/1472/4685
f 1201/1009/4686 1200/1472/4687 1203/1473/4688 1204/1011/4689
f 1200/1472/4690 1199/898/4691 1202/899/4692 1203/1473/4693
f 1204/1011/4694 1203/1473/4695 1206/1474/4696 1207/1013/4697
f 1203/1473/4698 1202/899/4699 1205/900/4700 1206/1474/4701
f 1207/1013/4702 1206/1474/4703 1209/1475/4704 1210/1015/4705
f 1206/1474/4706 1205/900/4707 1208/901/4708 1209/1475/4709
f 1210/1015/4710 1209/1475/4711 1212/1476/4712 1213/1017/4713
f 1209/1475/4714 1208/901/4715 1211/903/4716 1212/1476/4717
f 1213/1017/4718 1212/1476/4719 1215/1477/4720 1216/1019/4721
f 1212/1476/4722 1211/903/4723 1214/905/4724 1215/1477/4725
f 1216/1019/4726 1215/1477/4727 1218/1478/4728 1219/1021/4729
f 1215/1477/4730 1214/905/4731 1217/907/4732 1218/1478/4733
f 1219/1021/4734 1218/1478/4735 1221/642/4736 1222/641/4737
f 1218/1478/4738 1217/907/4739 1220/645/4740 1221/642/4741
f 1223/644/4742 1224/643/4743 1539/1479/4744 1538/1027/4745
f 1224/643/4746 1225/646/4747 1540/1351/4748 1539/1479/4749
f 1172/889/4750 1173/1462/4751 1227/1480/4752 1228/1352/4753
f 1173/1462/4754 1174/989/4755 1226/1026/4756 1227/1480/4757
f 1229/1031/4758 1230/1481/4759 1233/1482/4760 1234/1334/4761
f 1230/1481/4762 1231/1062/4763 1232/1061/4764 1233/1482/4765
f 1235/651/4766 1236/648/4767 1566/1483/4768 1565/1057/4769
f 1236/648/4770 1237/647/4771 1567/1333/4772 1566/1483/4773
f 1238/650/4774 1239/649/4775 1242/1484/4776 1241/1029/4777
f 1239/649/4778 1240/652/4779 1243/1065/4780 1242/1484/4781
f 1241/1029/4782 1242/1484/4783 1245/1485/4784 1244/1030/4785
f 1242/1484/4786 1243/1065/4787 1246/1067/4788 1245/1485/4789
f 1244/1030/4790 1245/1485/4791 1248/1486/4792 1247/1487/4793
f 1245/1485/4794 1246/1067/4795 1249/1069/4796 1248/1486/4797
f 1247/1487/4798 1248/1486/4799 1251/1488/4800 1250/1489/4801
f 1248/1486/4802 1249/1069/4803 1252/1071/4804 1251/1488/4805
f 1250/1489/4806 1251/1488/4807 1254/1490/4808 1253/1491/4809
f 1251/1488/4810 1252/1071/4811 1255/1073/4812 1254/1490/4813
f 1253/1491/4814 1254/1490/4815 1257/1492/4816 1256/1493/4817
f 1254/1490/4818 1255/1073/4819 1258/1075/4820 1257/1492/4821
f 1256/1493/4822 1257/1492/4823 1260/1494/4824 1261/1495/4825
f 1257/1492/4826 1258/1075/4827 1259/1078/4828 1260/1494/4829
f 1231/1062/4830 1230/1481/4831 1263/1496/4832 1264/1082/4833
f 1230/1481/4834 1229/1031/4835 1262/1032/4836 1263/1496/4837
f 1265/657/4838 1266/654/4839 1569/1497/4840 1568/1079/4841
f 1266/654/4842 1267/653/4843 1570/1498/4844 1569/1497/4845
f 1268/656/4846 1269/655/4847 1275/1499/4848 1274/1500/4849
f 1269/655/4850 1270/658/4851 1276/1087/4852 1275/1499/4853
f 1264/1082/4854 1263/1496/4855 1272/1501/4856 1273/1085/4857
f 1263/1496/4858 1262/1032/4859 1271/1033/4860 1272/1501/4861
f 1274/1500/4862 1275/1499/4863 1281/1502/4864 1280/1503/4865
f 1275/1499/4866 1276/1087/4867 1282/1091/4868 1281/1502/4869
f 1273/1085/4870 1272/1501/4871 1278/1504/4872 1279/1089/4873
f 1272/1501/4874 1271/1033/4875 1277/1034/4876 1278/1504/4877
f 1280/1503/4878 1281/1502/4879 1287/1505/4880 1286/1506/4881
f 1281/1502/4882 1282/1091/4883 1288/1095/4884 1287/1505/4885
f 1279/1089/4886 1278/1504/4887 1284/1507/4888 1285/1093/4889
f 1278/1504/4890 1277/1034/4891 1283/1035/4892 1284/1507/4893
f 1286/1506/4894 1287/1505/4895 1293/1508/4896 1292/1509/4897
f 1287/1505/4898 1288/1095/4899 1294/1099/4900 1293/1508/4901
f 1285/1093/4902 1284/1507/4903 1290/1510/4904 1291/1097/4905
f 1284/1507/4906 1283/1035/4907 1289/1036/4908 1290/1510/4909
f 1292/1509/4910 1293/1508/4911 1299/1511/4912 1298/1039/4913
f 1293/1508/4914 1294/1099/4915 1300/1103/4916 1299/1511/4917
f 1291/1097/4918 1290/1510/4919 1296/1512/4920 1297/1101/4921
f 1290/1510/4922 1289/1036/4923 1295/1037/4924 1296/1512/4925
f 1298/1039/4926 1299/1511/4927 1305/1513/4928 1304/1040/4929
f 1299/1511/4930 1300/1103/4931 1306/1107/4932 1305/1513/4933
f 1297/1101/4934 1296/1512/4935 1302/1514/4936 1303/1105/4937
f 1296/1512/4938 1295/1037/4939 1301/1038/4940 1302/1514/4941
f 1304/1040/4942 1305/1513/4943 1311/1515/4944 1310/1042/4945
f 1305/1513/4946 1306/1107/4947 1312/1111/4948 1311/1515/4949
f 1303/1105/4950 1302/1514/4951 1308/1516/4952 1309/1109/4953
f 1302/1514/4954 1301/1038/4955 1307/1041/4956 1308/1516/4957
f 1310/1042/4958 1311/1515/4959 1317/1517/4960 1316/1044/4961
f 1311/1515/4962 1312/1111/4963 1318/1115/4964 1317/1517/4965
f 1309/1109/4966 1308/1516/4967 1314/1518/4968 1315/1113/4969
f 1308/1516/4970 1307/1041/4971 1313/1043/4972 1314/1518/4973
f 1316/1044/4974 1317/1517/4975 1323/1519/4976 1322/1046/4977
f 1317/1517/4978 1318/1115/4979 1324/1119/4980 1323/1519/4981
f 1315/1113/4982 1314/1518/4983 1320/1520/4984 1321/1117/4985
f 1314/1518/4986 1313/1043/4987 1319/1045/4988 1320/1520/4989
f 1322/1046/4990 1323/1519/4991 1329/1521/4992 1328/1048/4993
f 1323/1519/4994 1324/1119/4995 1330/1123/4996 1329/1521/4997
f 1321/1117/4998 1320/1520/4999 1326/1522/5000 1327/1121/5001
f 1320/1520/5002 1319/1045/5003 1325/1047/5004 1326/1522/5005
f 1328/1048/5006 1329/1521/5007 1335/1523/5008 1334/1049/5009
f 1329/1521/5010 1330/1123/5011 1336/1126/5012 1335/1523/5013
f 1327/1121/5014 1326/1522/5015 1332/660/5016 1333/659/5017
f 1326/1522/5018 1325/1047/5019 1331/663/5020 1332/660/5021
f 1334/1049/5022 1335/1523/5023 1341/1524/5024 1340/1050/5025
f 1335/1523/5026 1336/1126/5027 1342/1129/5028 1341/1524/5029
f 1337/662/5030 1338/661/5031 1572/1525/5032 1571/1135/5033
f 1338/661/5034 1339/664/5035 1573/1306/5036 1572/1525/5037
f 1343/1052/5038 1344/1526/5039 1347/1527/5040 1348/1324/5041
f 1344/1526/5042 1345/1133/5043 1346/1132/5044 1347/1527/5045
f 1345/1133/5046 1344/1526/5047 1350/1528/5048 1351/1137/5049
f 1344/1526/5050 1343/1052/5051 1349/1051/5052 1350/1528/5053
f 1351/1137/5054 1350/1528/5055 1353/1529/5056 1354/1139/5057
f 1350/1528/5058 1349/1051/5059 1352/1053/5060 1353/1529/5061
f 1354/1139/5062 1353/1529/5063 1356/1530/5064 1357/1141/5065
f 1353/1529/5066 1352/1053/5067 1355/1054/5068 1356/1530/5069
f 1357/1141/5070 1356/1530/5071 1359/1531/5072 1360/1143/5073
f 1356/1530/5074 1355/1054/5075 1358/1055/5076 1359/1531/5077
f 1360/1143/5078 1359/1531/5079 1362/1532/5080 1363/1145/5081
f 1359/1531/5082 1358/1055/5083 1361/1056/5084 1362/1532/5085
f 1363/1145/5086 1362/1532/5087 1365/666/5088 1366/665/5089
f 1362/1532/5090 1361/1056/5091 1364/669/5092 1365/666/5093
f 1367/668/5094 1368/667/5095 1575/1533/5096 1574/1151/5097
f 1368/667/5098 1369/670/5099 1576/1337/5100 1575/1533/5101
f 1340/1050/5102 1341/1524/5103 1371/1534/5104 1372/1338/5105
f 1341/1524/5106 1342/1129/5107 1370/1150/5108 1371/1534/5109
f 1373/1159/5110 1374/1535/5111 1377/1536/5112 1378/1360/5113
f 1374/1535/5114 1375/1182/5115 1376/1181/5116 1377/1536/5117
f 1379/675/5118 1380/672/5119 1602/1537/5120 1601/1177/5121
f 1380/672/5122 1381/671/5123 1603/1359/5124 1602/1537/5125
f 1382/674/5126 1383/673/5127 1386/1538/5128 1385/1153/5129
f 1383/673/5130 1384/676/5131 1387/1185/5132 1386/1538/5133
f 1385/1153/5134 1386/1538/5135 1389/1539/5136 1388/1154/5137
f 1386/1538/5138 1387/1185/5139 1390/1187/5140 1389/1539/5141
f 1388/1154/5142 1389/1539/5143 1392/1540/5144 1391/1155/5145
f 1389/1539/5146 1390/1187/5147 1393/1189/5148 1392/1540/5149
f 1391/1155/5150 1392/1540/5151 1395/1541/5152 1394/1156/5153
f 1392/1540/5154 1393/1189/5155 1396/1191/5156 1395/1541/5157
f 1394/1156/5158 1395/1541/5159 1398/1542/5160 1397/1157/5161
f 1395/1541/5162 1396/1191/5163 1399/1193/5164 1398/1542/5165
f 1397/1157/5166 1398/1542/5167 1401/1543/5168 1400/1158/5169
f 1398/1542/5170 1399/1193/5171 1402/1195/5172 1401/1543/5173
f 1400/1158/5174 1401/1543/5175 1404/1544/5176 1405/1364/5177
f 1401/1543/5178 1402/1195/5179 1403/1198/5180 1404/1544/5181
f 1375/1182/5182 1374/1535/5183 1407/1545/5184 1408/1202/5185
f 1374/1535/5186 1373/1159/5187 1406/1160/5188 1407/1545/5189
f 1409/681/5190 1410/678/5191 1605/1546/5192 1604/1199/5193
f 1410/678/5194 1411/677/5195 1606/1363/5196 1605/1546/5197
f 1412/680/5198 1413/679/5199 1419/1547/5200 1418/1162/5201
f 1413/679/5202 1414/682/5203 1420/1207/5204 1419/1547/5205
f 1408/1202/5206 1407/1545/5207 1416/1548/5208 1417/1205/5209
f 1407/1545/5210 1406/1160/5211 1415/1161/5212 1416/1548/5213
f 1418/1162/5214 1419/1547/5215 1425/1549/5216 1424/1164/5217
f 1419/1547/5218 1420/1207/5219 1426/1211/5220 1425/1549/5221
f 1417/1205/5222 1416/1548/5223 1422/1550/5224 1423/1209/5225
f 1416/1548/5226 1415/1161/5227 1421/1163/5228 1422/1550/5229
f 1424/1164/5230 1425/1549/5231 1431/1551/5232 1430/1166/5233
f 1425/1549/5234 1426/1211/5235 1432/1215/5236 1431/1551/5237
f 1423/1209/5238 1422/1550/5239 1428/1552/5240 1429/1213/5241
f 1422/1550/5242 1421/1163/5243 1427/1165/5244 1428/1552/5245
f 1430/1166/5246 1431/1551/5247 1437/1553/5248 1436/1168/5249
f 1431/1551/5250 1432/1215/5251 1438/1219/5252 1437/1553/5253
f 1429/1213/5254 1428/1552/5255 1434/1554/5256 1435/1217/5257
f 1428/1552/5258 1427/1165/5259 1433/1167/5260 1434/1554/5261
f 1436/1168/5262 1437/1553/5263 1443/1555/5264 1442/1556/5265
f 1437/1553/5266 1438/1219/5267 1444/1223/5268 1443/1555/5269
f 1435/1217/5270 1434/1554/5271 1440/1557/5272 1441/1221/5273
f 1434/1554/5274 1433/1167/5275 1439/1169/5276 1440/1557/5277
f 1442/1556/5278 1443/1555/5279 1449/1558/5280 1448/1559/5281
f 1443/1555/5282 1444/1223/5283 1450/1227/5284 1449/1558/5285
f 1441/1221/5286 1440/1557/5287 1446/1560/5288 1447/1225/5289
f 1440/1557/5290 1439/1169/5291 1445/1170/5292 1446/1560/5293
f 1448/1559/5294 1449/1558/5295 1455/1561/5296 1454/1562/5297
f 1449/1558/5298 1450/1227/5299 1456/1231/5300 1455/1561/5301
f 1447/1225/5302 1446/1560/5303 1452/1563/5304 1453/1229/5305
f 1446/1560/5306 1445/1170/5307 1451/1171/5308 1452/1563/5309
f 1454/1562/5310 1455/1561/5311 1461/1564/5312 1460/1565/5313
f 1455/1561/5314 1456/1231/5315 1462/1235/5316 1461/1564/5317
f 1453/1229/5318 1452/1563/5319 1458/1566/5320 1459/1233/5321
f 1452/1563/5322 1451/1171/5323 1457/1172/5324 1458/1566/5325
f 1460/1565/5326 1461/1564/5327 1467/1567/5328 1466/1568/5329
f 1461/1564/5330 1462/1235/5331 1468/1238/5332 1467/1567/5333
f 1459/1233/5334 1458/1566/5335 1464/684/5336 1465/683/5337
f 1458/1566/5338 1457/1172/5339 1463/687/5340 1464/684/5341
f 1466/1568/5342 1467/1567/5343 1473/1569/5344 1472/1570/5345
f 1467/1567/5346 1468/1238/5347 1474/1241/5348 1473/1569/5349
f 1469/686/5350 1470/685/5351 1608/1571/5352 1607/1247/5353
f 1470/685/5354 1471/688/5355 1609/1367/5356 1608/1571/5357
f 1475/1174/5358 1476/1572/5359 1479/1573/5360 1480/1368/5361
f 1476/1572/5362 1477/1245/5363 1478/1244/5364 1479/1573/5365
f 1477/1245/5366 1476/1572/5367 1482/1574/5368 1483/1249/5369
f 1476/1572/5370 1475/1174/5371 1481/1173/5372 1482/1574/5373
f 1483/1249/5374 1482/1574/5375 1485/1575/5376 1486/1251/5377
f 1482/1574/5378 1481/1173/5379 1484/1175/5380 1485/1575/5381
f 1486/1251/5382 1485/1575/5383 1488/1576/5384 1489/1253/5385
f 1485/1575/5386 1484/1175/5387 1487/1176/5388 1488/1576/5389
f 1489/1253/5390 1488/1576/5391 1491/1577/5392 1492/1255/5393
f 1488/1576/5394 1487/1176/5395 1490/1578/5396 1491/1577/5397
f 1492/1255/5398 1491/1577/5399 1494/1579/5400 1495/1257/5401
f 1491/1577/5402 1490/1578/5403 1493/1580/5404 1494/1579/5405
f 1495/1257/5406 1494/1579/5407 1497/690/5408 1498/689/5409
f 1494/1579/5410 1493/1580/5411 1496/693/5412 1497/690/5413
f 1499/692/5414 1500/691/5415 1611/1581/5416 1610/1263/5417
f 1500/691/5418 1501/694/5419 1612/1582/5420 1611/1581/5421
f 1472/1570/5422 1473/1569/5423 1503/1583/5424 1504/1584/5425
f 1473/1569/5426 1474/1241/5427 1502/1262/5428 1503/1583/5429
f 1505/738/5430 1506/1375/5431 1518/1585/5432 1517/1265/5433
f 1506/1375/5434 1507/1340/5435 1519/1339/5436 1518/1585/5437
f 1508/776/5438 1509/1391/5439 1521/1586/5440 1520/1267/5441
f 1509/1391/5442 1510/1329/5443 1522/1328/5444 1521/1586/5445
f 1511/816/5446 1512/1407/5447 1524/1587/5448 1523/1269/5449
f 1512/1407/5450 1513/1343/5451 1525/1342/5452 1524/1587/5453
f 1514/848/5454 1515/1423/5455 1527/1588/5456 1526/1271/5457
f 1515/1423/5458 1516/1326/5459 1528/1325/5460 1527/1588/5461
f 886/1341/5462 885/1374/5463 1518/1585/5464 1519/1339/5465
f 885/1374/5466 884/742/5467 1517/1265/5468 1518/1585/5469
f 937/1330/5470 936/1390/5471 1521/1586/5472 1522/1328/5473
f 936/1390/5474 935/775/5475 1520/1267/5476 1521/1586/5477
f 1000/1344/5478 999/1409/5479 1524/1587/5480 1525/1342/5481
f 999/1409/5482 998/813/5483 1523/1269/5484 1524/1587/5485
f 1048/1327/5486 1047/1424/5487 1527/1588/5488 1528/1325/5489
f 1047/1424/5490 1046/847/5491 1526/1271/5492 1527/1588/5493
f 1529/909/5494 1530/1427/5495 1542/1589/5496 1541/1273/5497
f 1530/1427/5498 1531/1371/5499 1543/1370/5500 1542/1589/5501
f 1532/947/5502 1533/1444/5503 1548/1590/5504 1547/1277/5505
f 1533/1444/5506 1534/1355/5507 1549/1354/5508 1548/1590/5509
f 1535/995/5510 1536/1463/5511 1554/1591/5512 1553/1281/5513
f 1536/1463/5514 1537/1347/5515 1555/1346/5516 1554/1591/5517
f 1538/1027/5518 1539/1479/5519 1560/1592/5520 1559/1285/5521
f 1539/1479/5522 1540/1351/5523 1561/1350/5524 1560/1592/5525
f 1541/1273/5526 1542/1589/5527 1545/1593/5528 1544/1275/5529
f 1542/1589/5530 1543/1370/5531 1546/1369/5532 1545/1593/5533
f 1054/1372/5534 1053/1426/5535 1545/1593/5536 1546/1369/5537
f 1053/1426/5538 1052/913/5539 1544/1275/5540 1545/1593/5541
f 1547/1277/5542 1548/1590/5543 1551/1594/5544 1550/1279/5545
f 1548/1590/5546 1549/1354/5547 1552/1353/5548 1551/1594/5549
f 1105/1356/5550 1104/1442/5551 1551/1594/5552 1552/1353/5553
f 1104/1442/5554 1103/946/5555 1550/1279/5556 1551/1594/5557
f 1553/1281/5558 1554/1591/5559 1557/1595/5560 1556/1283/5561
f 1554/1591/5562 1555/1346/5563 1558/1345/5564 1557/1595/5565
f 1180/1348/5566 1179/1465/5567 1557/1595/5568 1558/1345/5569
f 1179/1465/5570 1178/992/5571 1556/1283/5572 1557/1595/5573
f 1559/1285/5574 1560/1592/5575 1563/1596/5576 1562/1287/5577
f 1560/1592/5578 1561/1350/5579 1564/1349/5580 1563/1596/5581
f 1228/1352/5582 1227/1480/5583 1563/1596/5584 1564/1349/5585
f 1227/1480/5586 1226/1026/5587 1562/1287/5588 1563/1596/5589
f 1565/1057/5590 1566/1483/5591 1578/1597/5592 1577/1289/5593
f 1566/1483/5594 1567/1333/5595 1579/1332/5596 1578/1597/5597
f 1568/1079/5598 1569/1497/5599 1584/1598/5600 1583/1293/5601
f 1569/1497/5602 1570/1498/5603 1585/1599/5604 1584/1598/5605
f 1571/1135/5606 1572/1525/5607 1590/1600/5608 1589/1297/5609
f 1572/1525/5610 1573/1306/5611 1591/1305/5612 1590/1600/5613
f 1574/1151/5614 1575/1533/5615 1596/1601/5616 1595/1301/5617
f 1575/1533/5618 1576/1337/5619 1597/1336/5620 1596/1601/5621
f 1577/1289/5622 1578/1597/5623 1581/1602/5624 1580/1291/5625
f 1578/1597/5626 1579/1332/5627 1582/1331/5628 1581/1602/5629
f 1234/1334/5630 1233/1482/5631 1581/1602/5632 1582/1331/5633
f 1233/1482/5634 1232/1061/5635 1580/1291/5636 1581/1602/5637
f 1583/1293/5638 1584/1598/5639 1587/1603/5640 1586/1295/5641
f 1584/1598/5642 1585/1599/5643 1588/1604/5644 1587/1603/5645
f 1261/1495/5646 1260/1494/5647 1587/1603/5648 1588/1604/5649
f 1260/1494/5650 1259/1078/5651 1586/1295/5652 1587/1603/5653
f 1589/1297/5654 1590/1600/5655 1593/1605/5656 1592/1299/5657
f 1590/1600/5658 1591/1305/5659 1594/1323/5660 1593/1605/5661
f 1348/1324/5662 1347/1527/5663 1593/1605/5664 1594/1323/5665
f 1347/1527/5666 1346/1132/5667 1592/1299/5668 1593/1605/5669
f 1595/1301/5670 1596/1601/5671 1599/1606/5672 1598/1303/5673
f 1596/1601/5674 1597/1336/5675 1600/1335/5676 1599/1606/5677
f 1372/1338/5678 1371/1534/5679 1599/1606/5680 1600/1335/5681
f 1371/1534/5682 1370/1150/5683 1598/1303/5684 1599/1606/5685
f 1601/1177/5686 1602/1537/5687 1614/1607/5688 1613/1307/5689
f 1602/1537/5690 1603/1359/5691 1615/1358/5692 1614/1607/5693
f 1604/1199/5694 1605/1546/5695 1620/1608/5696 1619/1311/5697
f 1605/1546/5698 1606/1363/5699 1621/1362/5700 1620/1608/5701
f 1607/1247/5702 1608/1571/5703 1626/1609/5704 1625/1315/5705
f 1608/1571/5706 1609/1367/5707 1627/1366/5708 1626/1609/5709
f 1610/1263/5710 1611/1581/5711 1632/1610/5712 1631/1319/5713
f 1611/1581/5714 1612/1582/5715 1633/1611/5716 1632/1610/5717
f 1613/1307/5718 1614/1607/5719 1617/1612/5720 1616/1309/5721
f 1614/1607/5722 1615/1358/5723 1618/1357/5724 1617/1612/5725
f 1378/1360/5726 1377/1536/5727 1617/1612/5728 1618/1357/5729
f 1377/1536/5730 1376/1181/5731 1616/1309/5732 1617/1612/5733
f 1619/1311/5734 1620/1608/5735 1623/1613/5736 1622/1313/5737
f 1620/1608/5738 1621/1362/5739 1624/1361/5740 1623/1613/5741
f 1405/1364/5742 1404/1544/5743 1623/1613/5744 1624/1361/5745
f 1404/1544/5746 1403/1198/5747 1622/1313/5748 1623/1613/5749
f 1625/1315/5750 1626/1609/5751 1629/1614/5752 1628/1317/5753
f 1626/1609/5754 1627/1366/5755 1630/1365/5756 1629/1614/5757
f 1480/1368/5758 1479/1573/5759 1629/1614/5760 1630/1365/5761
f 1479/1573/5762 1478/1244/5763 1628/1317/5764 1629/1614/5765
f 1631/1319/5766 1632/1610/5767 1635/1615/5768 1634/1321/5769
f 1632/1610/5770 1633/1611/5771 1636/1616/5772 1635/1615/5773
f 1504/1584/5774 1503/1583/5775 1635/1615/5776 1636/1616/5777
f 1503/1583/5778 1502/1262/5779 1634/1321/5780 1635/1615/5781
f 416/908/5782 401/888/5783 417/890/5784
f 1649/1617/5785 1648/1618/5786 1651/1619/5787 1650/1620/5788
f 1648/1618/5789 1647/1621/5790 1652/1622/5791 1651/1619/5792
f 1661/1623/5793 1660/1624/5794 1663/1625/5795 1662/1626/5796
f 1660/1624/5797 1659/1627/5798 1664/1628/5799 1663/1625/5800
f 1679/1629/5801 1678/1630/5802 1684/1631/5803 1683/1632/5804
f 1678/1630/5805 1677/1633/5806 1685/1634/5807 1684/1631/5808
f 1691/1635/5809 1690/1636/5810 1693/1637/5811 1692/1638/5812
f 1690/1636/5813 1689/1639/5814 1694/1640/5815 1693/1637/5816
f 319/240/5817 320/241/5818 1641/1641/5819 1644/1642/5820
f 320/241/5821 321/242/5822 1647/1621/5823 1641/1641/5824
f 321/242/5825 322/243/5826 1652/1622/5827 1647/1621/5828
f 322/243/5829 323/244/5830 1706/1643/5831 1652/1622/5832
f 334/255/5833 1703/1644/5834 1661/1623/5835 345/266/5836
f 345/266/5837 1661/1623/5838 1662/1626/5839 356/276/5840
f 1653/1645/5841 346/874/5842 357/877/5843 1665/1646/5844
f 356/276/5845 1662/1626/5846 1668/1647/5847 367/286/5848
f 1665/1646/5849 357/877/5850 368/880/5851 1671/1648/5852
f 367/286/5853 1668/1647/5854 1674/1649/5855 378/296/5856
f 1671/1648/5857 368/880/5858 379/883/5859 1677/1633/5860
f 378/296/5861 1674/1649/5862 1680/1650/5863 389/306/5864
f 1677/1633/5865 379/883/5866 390/886/5867 1685/1634/5868
f 389/306/5869 1680/1650/5870 1686/1651/5871 400/316/5872
f 1685/1634/5873 390/886/5874 401/888/5875 1712/1652/5876
f 1691/1635/5877 1692/1638/5878 414/904/5879 413/902/5880
f 1692/1638/5881 1695/1653/5882 415/906/5883 414/904/5884
f 1695/1653/5885 1698/1654/5886 416/908/5887 415/906/5888
f 1949/1655/5889 1646/1656/5890 1643/1657/5891 1950/1658/5892
f 1659/1627/5893 1701/1659/5894 1952/1660/5895 1953/1661/5896
f 1643/1657/5897 1649/1617/5898 1976/1662/5899 1950/1658/5900
f 1649/1617/5901 1650/1620/5902 1975/1663/5903 1976/1662/5904
f 1650/1620/5905 1704/1664/5906 1974/1665/5907 1975/1663/5908
f 1972/1666/5909 1658/1667/5910 1655/1668/5911 1971/1669/5912
f 1664/1628/5913 1659/1627/5914 1953/1661/5915 1954/1670/5916
f 1655/1668/5917 1667/1671/5918 1970/1672/5919 1971/1669/5920
f 1670/1673/5921 1664/1628/5922 1954/1670/5923 1955/1674/5924
f 1667/1671/5925 1673/1675/5926 1969/1676/5927 1970/1672/5928
f 1676/1677/5929 1670/1673/5930 1955/1674/5931 1956/1678/5932
f 1673/1675/5933 1679/1629/5934 1968/1679/5935 1969/1676/5936
f 1682/1680/5937 1676/1677/5938 1956/1678/5939 1957/1681/5940
f 1679/1629/5941 1683/1632/5942 1967/1682/5943 1968/1679/5944
f 1689/1639/5945 1707/1683/5946 1960/1684/5947 1961/1685/5948
f 1958/1686/5949 1688/1687/5950 1682/1680/5951 1957/1681/5952
f 1694/1640/5953 1689/1639/5954 1961/1685/5955 1962/1688/5956
f 1697/1689/5957 1694/1640/5958 1962/1688/5959 1963/1690/5960
f 1683/1632/5961 1710/1691/5962 1966/1692/5963 1967/1682/5964
f 1964/1693/5965 1700/1694/5966 1697/1689/5967 1963/1690/5968
f 1656/1695/5969 335/256/5970 346/874/5971 1653/1645/5972
f 412/327/5973 1709/1696/5974 1691/1635/5975 413/902/5976
f 1701/1659/5977 1713/1697/5978 1951/1698/5979 1952/1660/5980
f 1713/1697/5981 1646/1656/5982 1949/1655/5983 1951/1698/5984
f 1704/1664/5985 1716/1699/5986 1973/1700/5987 1974/1665/5988
f 1716/1699/5989 1658/1667/5990 1972/1666/5991 1973/1700/5992
f 1707/1683/5993 1719/1701/5994 1959/1702/5995 1960/1684/5996
f 1719/1701/5997 1688/1687/5998 1958/1686/5999 1959/1702/6000
f 1710/1691/6001 1722/1703/6002 1965/1704/6003 1966/1692/6004
f 1722/1703/6005 1700/1694/6006 1964/1693/6007 1965/1704/6008
f 1644/1642/6009 1715/1705/6010 319/240/6011
f 334/255/6012 1715/1705/6013 1703/1644/6014
f 1656/1695/6015 1718/1706/6016 335/256/6017
f 323/244/6018 1718/1706/6019 1706/1643/6020
f 400/316/6021 1721/1707/6022 412/327/6023
f 412/327/6024 1721/1707/6025 1709/1696/6026
f 416/908/6027 1724/1708/6028 401/888/6029
f 401/888/6030 1724/1708/6031 1712/1652/6032
f 323/244/6033 335/256/6034 1718/1706/6035
f 334/255/6036 319/240/6037 1715/1705/6038
f 1686/1651/6039 1721/1707/6040 400/316/6041
f 1698/1654/6042 1724/1708/6043 416/908/6044
f 1641/1641/6045 1642/1709/6046 1645/1710/6047 1644/1642/6048
f 1642/1709/6049 1643/1657/6050 1646/1656/6051 1645/1710/6052
f 1643/1657/6053 1642/1709/6054 1648/1618/6055 1649/1617/6056
f 1642/1709/6057 1641/1641/6058 1647/1621/6059 1648/1618/6060
f 1650/1620/6061 1651/1619/6062 1705/1711/6063 1704/1664/6064
f 1651/1619/6065 1652/1622/6066 1706/1643/6067 1705/1711/6068
f 1653/1645/6069 1654/1712/6070 1657/1713/6071 1656/1695/6072
f 1654/1712/6073 1655/1668/6074 1658/1667/6075 1657/1713/6076
f 1659/1627/6077 1660/1624/6078 1702/1714/6079 1701/1659/6080
f 1660/1624/6081 1661/1623/6082 1703/1644/6083 1702/1714/6084
f 1662/1626/6085 1663/1625/6086 1669/1715/6087 1668/1647/6088
f 1663/1625/6089 1664/1628/6090 1670/1673/6091 1669/1715/6092
f 1655/1668/6093 1654/1712/6094 1666/1716/6095 1667/1671/6096
f 1654/1712/6097 1653/1645/6098 1665/1646/6099 1666/1716/6100
f 1668/1647/6101 1669/1715/6102 1675/1717/6103 1674/1649/6104
f 1669/1715/6105 1670/1673/6106 1676/1677/6107 1675/1717/6108
f 1667/1671/6109 1666/1716/6110 1672/1718/6111 1673/1675/6112
f 1666/1716/6113 1665/1646/6114 1671/1648/6115 1672/1718/6116
f 1674/1649/6117 1675/1717/6118 1681/1719/6119 1680/1650/6120
f 1675/1717/6121 1676/1677/6122 1682/1680/6123 1681/1719/6124
f 1673/1675/6125 1672/1718/6126 1678/1630/6127 1679/1629/6128
f 1672/1718/6129 1671/1648/6130 1677/1633/6131 1678/1630/6132
f 1680/1650/6133 1681/1719/6134 1687/1720/6135 1686/1651/6136
f 1681/1719/6137 1682/1680/6138 1688/1687/6139 1687/1720/6140
f 1683/1632/6141 1684/1631/6142 1711/1721/6143 1710/1691/6144
f 1684/1631/6145 1685/1634/6146 1712/1652/6147 1711/1721/6148
f 1689/1639/6149 1690/1636/6150 1708/1722/6151 1707/1683/6152
f 1690/1636/6153 1691/1635/6154 1709/1696/6155 1708/1722/6156
f 1692/1638/6157 1693/1637/6158 1696/1723/6159 1695/1653/6160
f 1693/1637/6161 1694/1640/6162 1697/1689/6163 1696/1723/6164
f 1695/1653/6165 1696/1723/6166 1699/1724/6167 1698/1654/6168
f 1696/1723/6169 1697/1689/6170 1700/1694/6171 1699/1724/6172
f 1701/1659/6173 1702/1714/6174 1714/1725/6175 1713/1697/6176
f 1702/1714/6177 1703/1644/6178 1715/1705/6179 1714/1725/6180
f 1704/1664/6181 1705/1711/6182 1717/1726/6183 1716/1699/6184
f 1705/1711/6185 1706/1643/6186 1718/1706/6187 1717/1726/6188
f 1707/1683/6189 1708/1722/6190 1720/1727/6191 1719/1701/6192
f 1708/1722/6193 1709/1696/6194 1721/1707/6195 1720/1727/6196
f 1710/1691/6197 1711/1721/6198 1723/1728/6199 1722/1703/6200
f 1711/1721/6201 1712/1652/6202 1724/1708/6203 1723/1728/6204
f 1644/1642/6205 1645/1710/6206 1714/1725/6207 1715/1705/6208
f 1645/1710/6209 1646/1656/6210 1713/1697/6211 1714/1725/6212
f 1656/1695/6213 1657/1713/6214 1717/1726/6215 1718/1706/6216
f 1657/1713/6217 1658/1667/6218 1716/1699/6219 1717/1726/6220
f 1686/1651/6221 1687/1720/6222 1720/1727/6223 1721/1707/6224
f 1687/1720/6225 1688/1687/6226 1719/1701/6227 1720/1727/6228
f 1698/1654/6229 1699/1724/6230 1723/1728/6231 1724/1708/6232
f 1699/1724/6233 1700/1694/6234 1722/1703/6235 1723/1728/6236
f 1504/1584/6237 1636/1616/6238 1633/1611/6239 1612/1582/6240
f 1504/1584/6241 1612/1582/6242 1501/694/6243 1472/1570/6244
f 1737/1729/6245 1736/1730/6246 1739/1731/6247 1738/1732/6248
f 1736/1730/6249 1735/1733/6250 1740/1734/6251 1739/1731/6252
f 1743/1735/6253 1742/1736/6254 1745/1737/6255 1744/1738/6256
f 1742/1736/6257 1741/1739/6258 1746/1740/6259 1745/1737/6260
f 1749/1741/6261 1748/1742/6262 1751/1743/6263 1750/1744/6264
f 1748/1742/6265 1747/1745/6266 1752/1746/6267 1751/1743/6268
f 649/445/6269 650/446/6270 1729/1747/6271 1732/1748/6272
f 650/446/6273 651/447/6274 1735/1733/6275 1729/1747/6276
f 651/447/6277 652/448/6278 1740/1734/6279 1735/1733/6280
f 652/448/6281 653/449/6282 1794/1749/6283 1740/1734/6284
f 656/452/6285 1791/1750/6286 1749/1741/6287 659/455/6288
f 659/455/6289 1749/1741/6290 1750/1744/6291 662/458/6292
f 662/458/6293 1750/1744/6294 1756/1751/6295 665/461/6296
f 665/461/6297 1756/1751/6298 1762/1752/6299 668/464/6300
f 668/464/6301 1762/1752/6302 1768/1753/6303 671/467/6304
f 671/467/6305 1768/1753/6306 1774/1754/6307 674/470/6308
f 1921/1755/6309 1734/1756/6310 1731/1757/6311 1922/1758/6312
f 1747/1745/6313 1789/1759/6314 1924/1760/6315 1925/1761/6316
f 1731/1757/6317 1737/1729/6318 1948/1762/6319 1922/1758/6320
f 1737/1729/6321 1738/1732/6322 1947/1763/6323 1948/1762/6324
f 1738/1732/6325 1792/1764/6326 1946/1765/6327 1947/1763/6328
f 1944/1766/6329 1746/1740/6330 1741/1739/6331 1943/1767/6332
f 1752/1746/6333 1747/1745/6334 1925/1761/6335 1926/1768/6336
f 1741/1739/6337 1753/1769/6338 1942/1770/6339 1943/1767/6340
f 1758/1771/6341 1752/1746/6342 1926/1768/6343 1927/1772/6344
f 1753/1769/6345 1759/1773/6346 1941/1774/6347 1942/1770/6348
f 1764/1775/6349 1758/1771/6350 1927/1772/6351 1928/1776/6352
f 1759/1773/6353 1765/1777/6354 1940/1778/6355 1941/1774/6356
f 1770/1779/6357 1764/1775/6358 1928/1776/6359 1929/1780/6360
f 1765/1777/6361 1771/1781/6362 1939/1782/6363 1940/1778/6364
f 1777/1783/6365 1795/1784/6366 1932/1785/6367 1933/1786/6368
f 1930/1787/6369 1776/1788/6370 1770/1779/6371 1929/1780/6372
f 1780/1789/6373 1777/1783/6374 1933/1786/6375 1934/1790/6376
f 1783/1791/6377 1780/1789/6378 1934/1790/6379 1935/1792/6380
f 1771/1781/6381 1798/1793/6382 1938/1794/6383 1939/1782/6384
f 1936/1795/6385 1786/1796/6386 1783/1791/6387 1935/1792/6388
f 1743/1735/6389 1442/1556/6390 1448/1559/6391 1755/1797/6392
f 1755/1797/6393 1448/1559/6394 1454/1562/6395 1761/1798/6396
f 1761/1798/6397 1454/1562/6398 1460/1565/6399 1767/1799/6400
f 1767/1799/6401 1460/1565/6402 1466/1568/6403 1773/1800/6404
f 1800/1801/6405 1773/1800/6406 1466/1568/6407 1472/1570/6408
f 1779/1802/6409 1782/1803/6410 1493/1580/6411 1490/1578/6412
f 1782/1803/6413 1785/1804/6414 1496/693/6415 1493/1580/6416
f 1501/694/6417 1788/1805/6418 1812/1806/6419
f 1744/1738/6420 1436/1168/6421 1442/1556/6422 1743/1735/6423
f 1487/1176/6424 1797/1807/6425 1779/1802/6426 1490/1578/6427
f 1789/1759/6428 1801/1808/6429 1923/1809/6430 1924/1760/6431
f 1801/1808/6432 1734/1756/6433 1921/1755/6434 1923/1809/6435
f 1792/1764/6436 1804/1810/6437 1945/1811/6438 1946/1765/6439
f 1804/1810/6440 1746/1740/6441 1944/1766/6442 1945/1811/6443
f 1795/1784/6444 1807/1812/6445 1931/1813/6446 1932/1785/6447
f 1807/1812/6448 1776/1788/6449 1930/1787/6450 1931/1813/6451
f 1798/1793/6452 1810/1814/6453 1937/1815/6454 1938/1794/6455
f 1810/1814/6456 1786/1796/6457 1936/1795/6458 1937/1815/6459
f 1732/1748/6460 1803/1816/6461 649/445/6462
f 649/445/6463 1803/1816/6464 656/452/6465
f 656/452/6466 1803/1816/6467 1791/1750/6468
f 1744/1738/6469 1806/1817/6470 653/449/6471 1436/1168/6472
f 653/449/6473 1806/1817/6474 1794/1749/6475
f 1774/1754/6476 1809/1818/6477 674/470/6478
f 674/470/6479 1809/1818/6480 1487/1176/6481
f 1487/1176/6482 1809/1818/6483 1797/1807/6484
f 1472/1570/6485 1501/694/6486 1812/1806/6487
f 1501/694/6488 1496/693/6489 1785/1804/6490 1788/1805/6491
f 1800/1801/6492 1472/1570/6493 1812/1806/6494
f 1729/1747/6495 1730/1819/6496 1733/1820/6497 1732/1748/6498
f 1730/1819/6499 1731/1757/6500 1734/1756/6501 1733/1820/6502
f 1731/1757/6503 1730/1819/6504 1736/1730/6505 1737/1729/6506
f 1730/1819/6507 1729/1747/6508 1735/1733/6509 1736/1730/6510
f 1738/1732/6511 1739/1731/6512 1793/1821/6513 1792/1764/6514
f 1739/1731/6515 1740/1734/6516 1794/1749/6517 1793/1821/6518
f 1741/1739/6519 1742/1736/6520 1754/1822/6521 1753/1769/6522
f 1742/1736/6523 1743/1735/6524 1755/1797/6525 1754/1822/6526
f 1747/1745/6527 1748/1742/6528 1790/1823/6529 1789/1759/6530
f 1748/1742/6531 1749/1741/6532 1791/1750/6533 1790/1823/6534
f 1750/1744/6535 1751/1743/6536 1757/1824/6537 1756/1751/6538
f 1751/1743/6539 1752/1746/6540 1758/1771/6541 1757/1824/6542
f 1753/1769/6543 1754/1822/6544 1760/1825/6545 1759/1773/6546
f 1754/1822/6547 1755/1797/6548 1761/1798/6549 1760/1825/6550
f 1756/1751/6551 1757/1824/6552 1763/1826/6553 1762/1752/6554
f 1757/1824/6555 1758/1771/6556 1764/1775/6557 1763/1826/6558
f 1759/1773/6559 1760/1825/6560 1766/1827/6561 1765/1777/6562
f 1760/1825/6563 1761/1798/6564 1767/1799/6565 1766/1827/6566
f 1762/1752/6567 1763/1826/6568 1769/1828/6569 1768/1753/6570
f 1763/1826/6571 1764/1775/6572 1770/1779/6573 1769/1828/6574
f 1765/1777/6575 1766/1827/6576 1772/1829/6577 1771/1781/6578
f 1766/1827/6579 1767/1799/6580 1773/1800/6581 1772/1829/6582
f 1768/1753/6583 1769/1828/6584 1775/1830/6585 1774/1754/6586
f 1769/1828/6587 1770/1779/6588 1776/1788/6589 1775/1830/6590
f 1771/1781/6591 1772/1829/6592 1799/1831/6593 1798/1793/6594
f 1772/1829/6595 1773/1800/6596 1800/1801/6597 1799/1831/6598
f 1777/1783/6599 1778/1832/6600 1796/1833/6601 1795/1784/6602
f 1778/1832/6603 1779/1802/6604 1797/1807/6605 1796/1833/6606
f 1779/1802/6607 1778/1832/6608 1781/1834/6609 1782/1803/6610
f 1778/1832/6611 1777/1783/6612 1780/1789/6613 1781/1834/6614
f 1782/1803/6615 1781/1834/6616 1784/1835/6617 1785/1804/6618
f 1781/1834/6619 1780/1789/6620 1783/1791/6621 1784/1835/6622
f 1785/1804/6623 1784/1835/6624 1787/1836/6625 1788/1805/6626
f 1784/1835/6627 1783/1791/6628 1786/1796/6629 1787/1836/6630
f 1789/1759/6631 1790/1823/6632 1802/1837/6633 1801/1808/6634
f 1790/1823/6635 1791/1750/6636 1803/1816/6637 1802/1837/6638
f 1792/1764/6639 1793/1821/6640 1805/1838/6641 1804/1810/6642
f 1793/1821/6643 1794/1749/6644 1806/1817/6645 1805/1838/6646
f 1795/1784/6647 1796/1833/6648 1808/1839/6649 1807/1812/6650
f 1796/1833/6651 1797/1807/6652 1809/1818/6653 1808/1839/6654
f 1798/1793/6655 1799/1831/6656 1811/1840/6657 1810/1814/6658
f 1799/1831/6659 1800/1801/6660 1812/1806/6661 1811/1840/6662
f 1732/1748/6663 1733/1820/6664 1802/1837/6665 1803/1816/6666
f 1733/1820/6667 1734/1756/6668 1801/1808/6669 1802/1837/6670
f 1744/1738/6671 1745/1737/6672 1805/1838/6673 1806/1817/6674
f 1745/1737/6675 1746/1740/6676 1804/1810/6677 1805/1838/6678
f 1774/1754/6679 1775/1830/6680 1808/1839/6681 1809/1818/6682
f 1775/1830/6683 1776/1788/6684 1807/1812/6685 1808/1839/6686
f 1788/1805/6687 1787/1836/6688 1811/1840/6689 1812/1806/6690
f 1787/1836/6691 1786/1796/6692 1810/1814/6693 1811/1840/6694
f 499/360/6695 1292/1509/6696 1298/1039/6697
f 1261/1495/6698 1570/1498/6699 1267/653/6700 1256/1493/6701
f 1261/1495/6702 1588/1604/6703 1585/1599/6704 1570/1498/6705
f 1827/1841/6706 1826/1842/6707 1829/1843/6708 1828/1844/6709
f 1826/1842/6710 1825/1845/6711 1830/1846/6712 1829/1843/6713
f 1845/1847/6714 1844/1848/6715 1847/1849/6716 1846/1850/6717
f 1844/1848/6718 1843/1851/6719 1848/1852/6720 1847/1849/6721
f 1869/1853/6722 1868/1854/6723 1871/1855/6724 1870/1856/6725
f 1868/1854/6726 1867/1857/6727 1872/1858/6728 1871/1855/6729
f 476/332/6730 1881/1859/6731 1845/1847/6732 479/333/6733
f 479/333/6734 1845/1847/6735 1846/1850/6736 482/336/6737
f 482/336/6738 1846/1850/6739 1852/1860/6740 485/339/6741
f 485/339/6742 1852/1860/6743 1858/1861/6744 488/342/6745
f 488/342/6746 1858/1861/6747 1864/1862/6748 491/345/6749
f 1869/1853/6750 1870/1856/6751 497/356/6752 496/354/6753
f 1870/1856/6754 1873/1863/6755 498/358/6756 497/356/6757
f 1873/1863/6758 1876/1864/6759 499/360/6760 498/358/6761
f 1814/1865/6762 1830/1846/6763 1825/1845/6764 600/1866/6765
f 1843/1851/6766 1879/1867/6767 1815/1868/6768 601/1869/6769
f 1825/1845/6770 1831/1870/6771 602/1871/6772 600/1866/6773
f 1831/1870/6774 1834/1872/6775 603/1873/6776 602/1871/6777
f 1834/1872/6778 1882/1874/6779 1818/1875/6780 603/1873/6781
f 1817/1876/6782 1840/1877/6783 1837/1878/6784 604/1879/6785
f 1848/1852/6786 1843/1851/6787 601/1869/6788 605/1880/6789
f 1837/1878/6790 1849/1881/6791 606/1882/6792 604/1879/6793
f 1854/1883/6794 1848/1852/6795 605/1880/6796 607/1884/6797
f 1849/1881/6798 1855/1885/6799 608/1886/6800 606/1882/6801
f 1860/1887/6802 1854/1883/6803 607/1884/6804 609/1888/6805
f 1855/1885/6806 1861/1889/6807 610/1890/6808 608/1886/6809
f 1867/1857/6810 1885/1891/6811 1821/1892/6812 611/1893/6813
f 1820/1894/6814 1866/1895/6815 1860/1887/6816 609/1888/6817
f 1872/1858/6818 1867/1857/6819 611/1893/6820 612/1896/6821
f 1875/1897/6822 1872/1858/6823 612/1896/6824 613/1898/6825
f 1861/1889/6826 1888/1899/6827 1824/1900/6828 610/1890/6829
f 1823/1901/6830 1878/1902/6831 1875/1897/6832 613/1898/6833
f 1244/1030/6834 1247/1487/6835 1827/1841/6836 1828/1844/6837
f 1247/1487/6838 1250/1489/6839 1833/1903/6840 1827/1841/6841
f 1250/1489/6842 1253/1491/6843 1836/1904/6844 1833/1903/6845
f 1884/1905/6846 1836/1904/6847 1253/1491/6848 1256/1493/6849
f 1839/1906/6850 1268/656/6851 1274/1500/6852 1851/1907/6853
f 1851/1907/6854 1274/1500/6855 1280/1503/6856 1857/1908/6857
f 1857/1908/6858 1280/1503/6859 1286/1506/6860 1863/1909/6861
f 1863/1909/6862 1286/1506/6863 1292/1509/6864 1890/1910/6865
f 495/349/6866 1887/1911/6867 1869/1853/6868 496/354/6869
f 1879/1867/6870 1891/1912/6871 1813/1913/6872 1815/1868/6873
f 1891/1912/6874 1830/1846/6875 1814/1865/6876 1813/1913/6877
f 1882/1874/6878 1894/1914/6879 1816/1915/6880 1818/1875/6881
f 1894/1914/6882 1840/1877/6883 1817/1876/6884 1816/1915/6885
f 1885/1891/6886 1897/1916/6887 1819/1917/6888 1821/1892/6889
f 1897/1916/6890 1866/1895/6891 1820/1894/6892 1819/1917/6893
f 1888/1899/6894 1900/1918/6895 1822/1919/6896 1824/1900/6897
f 1900/1918/6898 1878/1902/6899 1823/1901/6900 1822/1919/6901
f 1828/1844/6902 1893/1920/6903 1244/1030/6904
f 1244/1030/6905 1893/1920/6906 476/332/6907
f 476/332/6908 1893/1920/6909 1881/1859/6910
f 1256/1493/6911 1896/1921/6912 1884/1905/6913
f 1864/1862/6914 1899/1922/6915 491/345/6916
f 491/345/6917 1899/1922/6918 495/349/6919
f 495/349/6920 1899/1922/6921 1887/1911/6922
f 1876/1864/6923 1902/1923/6924 499/360/6925
f 499/360/6926 1902/1923/6927 1292/1509/6928
f 1292/1509/6929 1902/1923/6930 1890/1910/6931
f 1842/1924/6932 1267/653/6933 1268/656/6934 1839/1906/6935
f 1896/1921/6936 1267/653/6937 1842/1924/6938
f 1256/1493/6939 1267/653/6940 1896/1921/6941
f 1825/1845/6942 1826/1842/6943 1832/1925/6944 1831/1870/6945
f 1826/1842/6946 1827/1841/6947 1833/1903/6948 1832/1925/6949
f 1831/1870/6950 1832/1925/6951 1835/1926/6952 1834/1872/6953
f 1832/1925/6954 1833/1903/6955 1836/1904/6956 1835/1926/6957
f 1834/1872/6958 1835/1926/6959 1883/1927/6960 1882/1874/6961
f 1835/1926/6962 1836/1904/6963 1884/1905/6964 1883/1927/6965
f 1837/1878/6966 1838/1928/6967 1850/1929/6968 1849/1881/6969
f 1838/1928/6970 1839/1906/6971 1851/1907/6972 1850/1929/6973
f 1839/1906/6974 1838/1928/6975 1841/1930/6976 1842/1924/6977
f 1838/1928/6978 1837/1878/6979 1840/1877/6980 1841/1930/6981
f 1843/1851/6982 1844/1848/6983 1880/1931/6984 1879/1867/6985
f 1844/1848/6986 1845/1847/6987 1881/1859/6988 1880/1931/6989
f 1846/1850/6990 1847/1849/6991 1853/1932/6992 1852/1860/6993
f 1847/1849/6994 1848/1852/6995 1854/1883/6996 1853/1932/6997
f 1849/1881/6998 1850/1929/6999 1856/1933/7000 1855/1885/7001
f 1850/1929/7002 1851/1907/7003 1857/1908/7004 1856/1933/7005
f 1852/1860/7006 1853/1932/7007 1859/1934/7008 1858/1861/7009
f 1853/1932/7010 1854/1883/7011 1860/1887/7012 1859/1934/7013
f 1855/1885/7014 1856/1933/7015 1862/1935/7016 1861/1889/7017
f 1856/1933/7018 1857/1908/7019 1863/1909/7020 1862/1935/7021
f 1858/1861/7022 1859/1934/7023 1865/1936/7024 1864/1862/7025
f 1859/1934/7026 1860/1887/7027 1866/1895/7028 1865/1936/7029
f 1861/1889/7030 1862/1935/7031 1889/1937/7032 1888/1899/7033
f 1862/1935/7034 1863/1909/7035 1890/1910/7036 1889/1937/7037
f 1867/1857/7038 1868/1854/7039 1886/1938/7040 1885/1891/7041
f 1868/1854/7042 1869/1853/7043 1887/1911/7044 1886/1938/7045
f 1870/1856/7046 1871/1855/7047 1874/1939/7048 1873/1863/7049
f 1871/1855/7050 1872/1858/7051 1875/1897/7052 1874/1939/7053
f 1873/1863/7054 1874/1939/7055 1877/1940/7056 1876/1864/7057
f 1874/1939/7058 1875/1897/7059 1878/1902/7060 1877/1940/7061
f 1879/1867/7062 1880/1931/7063 1892/1941/7064 1891/1912/7065
f 1880/1931/7066 1881/1859/7067 1893/1920/7068 1892/1941/7069
f 1882/1874/7070 1883/1927/7071 1895/1942/7072 1894/1914/7073
f 1883/1927/7074 1884/1905/7075 1896/1921/7076 1895/1942/7077
f 1885/1891/7078 1886/1938/7079 1898/1943/7080 1897/1916/7081
f 1886/1938/7082 1887/1911/7083 1899/1922/7084 1898/1943/7085
f 1888/1899/7086 1889/1937/7087 1901/1944/7088 1900/1918/7089
f 1889/1937/7090 1890/1910/7091 1902/1923/7092 1901/1944/7093
f 1828/1844/7094 1829/1843/7095 1892/1941/7096 1893/1920/7097
f 1829/1843/7098 1830/1846/7099 1891/1912/7100 1892/1941/7101
f 1842/1924/7102 1841/1930/7103 1895/1942/7104 1896/1921/7105
f 1841/1930/7106 1840/1877/7107 1894/1914/7108 1895/1942/7109
f 1864/1862/7110 1865/1936/7111 1898/1943/7112 1899/1922/7113
f 1865/1936/7114 1866/1895/7115 1897/1916/7116 1898/1943/7117
f 1876/1864/7118 1877/1940/7119 1901/1944/7120 1902/1923/7121
f 1877/1940/7122 1878/1902/7123 1900/1918/7124 1901/1944/7125
f 1905/1945/7126 1904/1946/7127 1907/1947/7128 1906/1948/7129
f 1904/1946/7130 1903/1949/7131 1908/1950/7132 1907/1947/7133
f 1905/1945/7134 1906/1948/7135 206/1951/7136 204/1952/7137
f 1906/1948/7138 1909/1953/7139 208/1954/7140 206/1951/7141
f 1909/1953/7142 1912/1955/7143 210/1956/7144 208/1954/7145
f 1912/1955/7146 1915/1957/7147 212/1958/7148 210/1956/7149
f 1915/1957/7150 1918/1959/7151 214/1960/7152 212/1958/7153
f 1908/1950/7154 1903/1949/7155 791/471/7156 792/474/7157
f 1908/1950/7158 792/474/7159 795/571/7160 1911/1961/7161
f 1911/1961/7162 795/571/7163 798/573/7164 1914/1962/7165
f 1914/1962/7166 798/573/7167 801/575/7168 1917/1963/7169
f 1917/1963/7170 801/575/7171 804/577/7172 1920/1964/7173
f 1906/1948/7174 1907/1947/7175 1910/1965/7176 1909/1953/7177
f 1907/1947/7178 1908/1950/7179 1911/1961/7180 1910/1965/7181
f 1909/1953/7182 1910/1965/7183 1913/1966/7184 1912/1955/7185
f 1910/1965/7186 1911/1961/7187 1914/1962/7188 1913/1966/7189
f 1912/1955/7190 1913/1966/7191 1916/1967/7192 1915/1957/7193
f 1913/1966/7194 1914/1962/7195 1917/1963/7196 1916/1967/7197
f 1915/1957/7198 1916/1967/7199 1919/1968/7200 1918/1959/7201
f 1916/1967/7202 1917/1963/7203 1920/1964/7204 1919/1968/7205
f 965/717/7206 966/1401/7207 1919/1968/7208 1920/1964/7209
f 966/1401/7210 967/796/7211 1918/1959/7212 1919/1968/7213
f 967/796/7214 217/799/7215 214/1960/7216 1918/1959/7217
f 804/577/7218 807/579/7219 965/717/7220 1920/1964/7221
f 965/717/7222 875/597/7223 872/563/7224 105/111/7225
f 965/717/7226 807/579/7227 875/597/7228
f 186/744/7229 883/743/7230 1905/1945/7231 204/1952/7232
f 883/743/7233 882/1373/7234 1904/1946/7235 1905/1945/7236
f 882/1373/7237 881/567/7238 1903/1949/7239 1904/1946/7240
f 881/567/7241 878/569/7242 791/471/7243 1903/1949/7244
f 881/567/7245 788/566/7246 878/569/7247
f 1727/1969/7248 1725/1970/7249 1726/1971/7250 1728/1972/7251
f 1639/1973/7252 1637/1974/7253 1638/1975/7254 1640/1976/7255
f 1977/1977/7256 1978/1978/7257 1979/1979/7258 1980/1980/7259
f 1981/1981/7260 1982/1982/7261 1983/1983/7262 1984/1984/7263
